seq,timestamp,action,path,name,oid,opcodes,record_count,plcn
1,2026-05-16T16:30:38.033Z,MODIFY,,,,UPDATE_ROW,1,32769
2,2026-05-16T16:30:39.371Z,WRITE,/,,0x600,OPEN_TABLE_FROM SET_OBJECT INSERT_ROW,3,32770
3,,INSERT,,,,INSERT_ROW SET_PARENT_ID,2,32772
4,2026-05-16T16:30:38.033Z,MODIFY,,,,UPDATE_ROW,1,32774
5,,MODIFY,,,,UPDATE_ROW,1,32775
6,2026-05-16T16:30:39.669Z,CREATE,/System Volume Information,System Volume Information,0x701,OPEN_TABLE_FROM SET_OBJECT INSERT_ROW INSERT_ROW INSERT_ROW INSERT_ROW,6,32777
7,2026-05-16T16:30:41.383Z,CREATE,/System Volume Information,FVE2.{e40ad34d-dae9-4bc7-95bd-b16218c10f72}.1,0x701,INSERT_ROW INSERT_ROW SET_OBJECT ALLOCATE UPDATE_STREAM UPDATE_DATA_WITH,6,32785
8,,MODIFY,/System Volume Information,,0x701,FREE,1,32788
9,2026-05-16T16:30:41.388Z,CREATE,/System Volume Information,FVE2.{e40ad34d-dae9-4bc7-95bd-b16218c10f72}.2,0x701,INSERT_ROW INSERT_ROW SET_OBJECT ALLOCATE UPDATE_STREAM UPDATE_DATA_WITH,6,32789
10,,MODIFY,/System Volume Information,,0x701,FREE,1,32792
11,,MODIFY,/System Volume Information,,0x701,FREE,1,32795
12,,STREAM_UPD,/System Volume Information,,0x701,UPDATE_STREAM,1,32796
13,,STREAM_UPD,/System Volume Information,,0x701,UPDATE_STREAM,1,32798
14,,MODIFY,/System Volume Information,,0x701,FREE,1,32802
15,,MODIFY,/System Volume Information,,0x701,FREE,1,32805
16,,MODIFY,/System Volume Information,,0x701,FREE,1,32808
17,,MODIFY,/System Volume Information,,0x701,FREE,1,32811
18,,MODIFY,/System Volume Information,,0x701,FREE,1,32814
19,,MODIFY,/System Volume Information,,0x701,FREE,1,32817
20,,MODIFY,/System Volume Information,,0x701,FREE,1,32820
21,,MODIFY,/System Volume Information,,0x701,FREE,1,32823
22,,MODIFY,/System Volume Information,,0x701,FREE,1,32826
23,,MODIFY,/System Volume Information,,0x701,FREE,1,32829
24,,MODIFY,/System Volume Information,,0x701,FREE,1,32832
25,,MODIFY,/System Volume Information,,0x701,FREE,1,32835
26,,MODIFY,/System Volume Information,,0x701,FREE,1,32838
27,,MODIFY,/System Volume Information,,0x701,FREE,1,32841
28,,MODIFY,/System Volume Information,,0x701,FREE,1,32844
29,,MODIFY,/System Volume Information,,0x701,FREE,1,32847
30,,MODIFY,/System Volume Information,,0x701,FREE,1,32850
31,,MODIFY,/System Volume Information,,0x701,FREE,1,32853
32,,MODIFY,/System Volume Information,,0x701,FREE,1,32856
33,,MODIFY,/System Volume Information,,0x701,FREE,1,32859
34,,MODIFY,/System Volume Information,,0x701,FREE,1,32862
35,,MODIFY,/System Volume Information,,0x701,FREE,1,32865
36,,MODIFY,/System Volume Information,,0x701,FREE,1,32868
37,,MODIFY,/System Volume Information,,0x701,FREE,1,32871
38,,MODIFY,/System Volume Information,,0x701,FREE,1,32874
39,,MODIFY,/System Volume Information,,0x701,FREE,1,32877
40,,MODIFY,/System Volume Information,,0x701,FREE,1,32880
41,,MODIFY,/System Volume Information,,0x701,FREE,1,32883
42,,MODIFY,/System Volume Information,,0x701,FREE,1,32886
43,,MODIFY,/System Volume Information,,0x701,FREE,1,32889
44,,MODIFY,/System Volume Information,,0x701,FREE,1,32892
45,,MODIFY,/System Volume Information,,0x701,FREE,1,32895
46,,MODIFY,/System Volume Information,,0x701,FREE,1,32898
47,,MODIFY,/System Volume Information,,0x701,FREE,1,32901
48,,MODIFY,/System Volume Information,,0x701,FREE,1,32904
49,,MODIFY,/System Volume Information,,0x701,FREE,1,32907
50,,MODIFY,/System Volume Information,,0x701,FREE,1,32910
51,,MODIFY,/System Volume Information,,0x701,FREE,1,32913
52,,MODIFY,/System Volume Information,,0x701,FREE,1,32916
53,,MODIFY,/System Volume Information,,0x701,FREE,1,32919
54,,MODIFY,/System Volume Information,,0x701,FREE,1,32922
55,,MODIFY,/System Volume Information,,0x701,FREE,1,32925
56,,MODIFY,/System Volume Information,,0x701,FREE,1,32928
57,,MODIFY,/System Volume Information,,0x701,FREE,1,32931
58,,MODIFY,/System Volume Information,,0x701,FREE,1,32934
59,,MODIFY,/System Volume Information,,0x701,FREE,1,32937
60,,MODIFY,/System Volume Information,,0x701,FREE,1,32940
61,,MODIFY,/System Volume Information,,0x701,FREE,1,32943
62,,MODIFY,/System Volume Information,,0x701,FREE,1,32946
63,,MODIFY,/System Volume Information,,0x701,FREE,1,32949
64,,MODIFY,/System Volume Information,,0x701,FREE,1,32952
65,,MODIFY,/System Volume Information,,0x701,FREE,1,32955
66,,MODIFY,/System Volume Information,,0x701,FREE,1,32958
67,,MODIFY,/System Volume Information,,0x701,FREE,1,32961
68,,MODIFY,/System Volume Information,,0x701,FREE,1,32964
69,,MODIFY,/System Volume Information,,0x701,FREE,1,32967
70,,MODIFY,/System Volume Information,,0x701,FREE,1,32970
71,,MODIFY,/System Volume Information,,0x701,FREE,1,32973
72,,MODIFY,/System Volume Information,,0x701,FREE,1,32976
73,,MODIFY,/System Volume Information,,0x701,FREE,1,32979
74,,MODIFY,/System Volume Information,,0x701,FREE,1,32982
75,,MODIFY,/System Volume Information,,0x701,FREE,1,32985
76,,MODIFY,/System Volume Information,,0x701,FREE,1,32988
77,,MODIFY,/System Volume Information,,0x701,FREE,1,32991
78,,MODIFY,/System Volume Information,,0x701,FREE,1,32994
79,,MODIFY,/System Volume Information,,0x701,FREE,1,32997
80,,MODIFY,/System Volume Information,,0x701,FREE,1,33000
81,,MODIFY,/System Volume Information,,0x701,FREE,1,33003
82,,MODIFY,/System Volume Information,,0x701,FREE,1,33006
83,,MODIFY,/System Volume Information,,0x701,FREE,1,33009
84,,MODIFY,/System Volume Information,,0x701,FREE,1,33012
85,,MODIFY,/System Volume Information,,0x701,FREE,1,33015
86,,MODIFY,/System Volume Information,,0x701,FREE,1,33018
87,,MODIFY,/System Volume Information,,0x701,FREE,1,33021
88,,MODIFY,/System Volume Information,,0x701,FREE,1,33024
89,,MODIFY,/System Volume Information,,0x701,FREE,1,33027
90,,MODIFY,/System Volume Information,,0x701,FREE,1,33030
91,,MODIFY,/System Volume Information,,0x701,FREE,1,33033
92,,MODIFY,/System Volume Information,,0x701,FREE,1,33036
93,,MODIFY,/System Volume Information,,0x701,FREE,1,33039
94,,MODIFY,/System Volume Information,,0x701,FREE,1,33042
95,,MODIFY,/System Volume Information,,0x701,FREE,1,33045
96,,MODIFY,/System Volume Information,,0x701,FREE,1,33048
97,,MODIFY,/System Volume Information,,0x701,FREE,1,33051
98,,MODIFY,/System Volume Information,,0x701,FREE,1,33054
99,,MODIFY,/System Volume Information,,0x701,FREE,1,33057
100,,MODIFY,/System Volume Information,,0x701,FREE,1,33060
101,,MODIFY,/System Volume Information,,0x701,FREE,1,33063
102,,MODIFY,/System Volume Information,,0x701,FREE,1,33066
103,,MODIFY,/System Volume Information,,0x701,FREE,1,33069
104,,MODIFY,/System Volume Information,,0x701,FREE,1,33072
105,,MODIFY,/System Volume Information,,0x701,FREE,1,33075
106,,MODIFY,/System Volume Information,,0x701,FREE,1,33078
107,,MODIFY,/System Volume Information,,0x701,FREE,1,33081
108,,MODIFY,/System Volume Information,,0x701,FREE,1,33084
109,,MODIFY,/System Volume Information,,0x701,FREE,1,33087
110,,MODIFY,/System Volume Information,,0x701,FREE,1,33090
111,,MODIFY,/System Volume Information,,0x701,FREE,1,33093
112,,MODIFY,/System Volume Information,,0x701,FREE,1,33096
113,,MODIFY,/System Volume Information,,0x701,FREE,1,33099
114,,MODIFY,/System Volume Information,,0x701,FREE,1,33102
115,,MODIFY,/System Volume Information,,0x701,FREE,1,33105
116,,MODIFY,/System Volume Information,,0x701,FREE,1,33108
117,,MODIFY,/System Volume Information,,0x701,FREE,1,33111
118,,MODIFY,/System Volume Information,,0x701,FREE,1,33114
119,,MODIFY,/System Volume Information,,0x701,FREE,1,33117
120,,MODIFY,/System Volume Information,,0x701,FREE,1,33120
121,,MODIFY,/System Volume Information,,0x701,FREE,1,33123
122,,MODIFY,/System Volume Information,,0x701,FREE,1,33126
123,,MODIFY,/System Volume Information,,0x701,FREE,1,33129
124,,MODIFY,/System Volume Information,,0x701,FREE,1,33132
125,,MODIFY,/System Volume Information,,0x701,FREE,1,33135
126,,MODIFY,/System Volume Information,,0x701,FREE,1,33138
127,,MODIFY,/System Volume Information,,0x701,FREE,1,33141
128,,MODIFY,/System Volume Information,,0x701,FREE,1,33144
129,,MODIFY,/System Volume Information,,0x701,FREE,1,33147
130,,MODIFY,/System Volume Information,,0x701,FREE,1,33150
131,,MODIFY,/System Volume Information,,0x701,FREE,1,33153
132,,MODIFY,/System Volume Information,,0x701,FREE,1,33156
133,,MODIFY,/System Volume Information,,0x701,FREE,1,33159
134,,MODIFY,/System Volume Information,,0x701,FREE,1,33162
135,,MODIFY,/System Volume Information,,0x701,FREE,1,33165
136,,MODIFY,/System Volume Information,,0x701,FREE,1,33168
137,,MODIFY,/System Volume Information,,0x701,FREE,1,33171
138,,MODIFY,/System Volume Information,,0x701,FREE,1,33174
139,,MODIFY,/System Volume Information,,0x701,FREE,1,33177
140,,MODIFY,/System Volume Information,,0x701,FREE,1,33180
141,,MODIFY,/System Volume Information,,0x701,FREE,1,33183
142,,MODIFY,/System Volume Information,,0x701,FREE,1,33186
143,,MODIFY,/System Volume Information,,0x701,FREE,1,33189
144,,MODIFY,/System Volume Information,,0x701,FREE,1,33192
145,,MODIFY,/System Volume Information,,0x701,FREE,1,33195
146,,MODIFY,/System Volume Information,,0x701,FREE,1,33198
147,,MODIFY,/System Volume Information,,0x701,FREE,1,33201
148,,MODIFY,/System Volume Information,,0x701,FREE,1,33204
149,,MODIFY,/System Volume Information,,0x701,FREE,1,33207
150,,MODIFY,/System Volume Information,,0x701,FREE,1,33210
151,,MODIFY,/System Volume Information,,0x701,FREE,1,33213
152,,MODIFY,/System Volume Information,,0x701,FREE,1,33216
153,,MODIFY,/System Volume Information,,0x701,FREE,1,33219
154,,MODIFY,/System Volume Information,,0x701,FREE,1,33222
155,,MODIFY,/System Volume Information,,0x701,FREE,1,33225
156,,MODIFY,/System Volume Information,,0x701,FREE,1,33228
157,,MODIFY,/System Volume Information,,0x701,FREE,1,33231
158,,MODIFY,/System Volume Information,,0x701,FREE,1,33234
159,,MODIFY,/System Volume Information,,0x701,FREE,1,33237
160,,MODIFY,/System Volume Information,,0x701,FREE,1,33240
161,,MODIFY,/System Volume Information,,0x701,FREE,1,33243
162,,MODIFY,/System Volume Information,,0x701,FREE,1,33246
163,,MODIFY,/System Volume Information,,0x701,FREE,1,33249
164,,MODIFY,/System Volume Information,,0x701,FREE,1,33252
165,,MODIFY,/System Volume Information,,0x701,FREE,1,33255
166,,MODIFY,/System Volume Information,,0x701,FREE,1,33258
167,,MODIFY,/System Volume Information,,0x701,FREE,1,33261
168,,MODIFY,/System Volume Information,,0x701,FREE,1,33264
169,,MODIFY,/System Volume Information,,0x701,FREE,1,33267
170,,MODIFY,/System Volume Information,,0x701,FREE,1,33270
171,,MODIFY,/System Volume Information,,0x701,FREE,1,33273
172,,MODIFY,/System Volume Information,,0x701,FREE,1,33276
173,,MODIFY,/System Volume Information,,0x701,FREE,1,33279
174,,MODIFY,/System Volume Information,,0x701,FREE,1,33282
175,,MODIFY,/System Volume Information,,0x701,FREE,1,33285
176,,MODIFY,/System Volume Information,,0x701,FREE,1,33288
177,,MODIFY,/System Volume Information,,0x701,FREE,1,33291
178,,MODIFY,/System Volume Information,,0x701,FREE,1,33294
179,,MODIFY,/System Volume Information,,0x701,FREE,1,33297
180,,MODIFY,/System Volume Information,,0x701,FREE,1,33300
181,,MODIFY,/System Volume Information,,0x701,FREE,1,33303
182,,MODIFY,/System Volume Information,,0x701,FREE,1,33306
183,,MODIFY,/System Volume Information,,0x701,FREE,1,33309
184,,MODIFY,/System Volume Information,,0x701,FREE,1,33312
185,,MODIFY,/System Volume Information,,0x701,FREE,1,33315
186,,MODIFY,/System Volume Information,,0x701,FREE,1,33318
187,,MODIFY,/System Volume Information,,0x701,FREE,1,33321
188,,MODIFY,/System Volume Information,,0x701,FREE,1,33324
189,,MODIFY,/System Volume Information,,0x701,FREE,1,33327
190,,MODIFY,/System Volume Information,,0x701,FREE,1,33330
191,,MODIFY,/System Volume Information,,0x701,FREE,1,33333
192,,MODIFY,/System Volume Information,,0x701,FREE,1,33336
193,,MODIFY,/System Volume Information,,0x701,FREE,1,33339
194,,MODIFY,/System Volume Information,,0x701,FREE,1,33342
195,,MODIFY,/System Volume Information,,0x701,FREE,1,33345
196,,MODIFY,/System Volume Information,,0x701,FREE,1,33348
197,,MODIFY,/System Volume Information,,0x701,FREE,1,33351
198,,MODIFY,/System Volume Information,,0x701,FREE,1,33354
199,,MODIFY,/System Volume Information,,0x701,FREE,1,33357
200,,MODIFY,/System Volume Information,,0x701,FREE,1,33360
201,,MODIFY,/System Volume Information,,0x701,FREE,1,33363
202,,MODIFY,/System Volume Information,,0x701,FREE,1,33366
203,,MODIFY,/System Volume Information,,0x701,FREE,1,33369
204,,MODIFY,/System Volume Information,,0x701,FREE,1,33375
205,,MODIFY,/System Volume Information,,0x701,FREE,1,33378
206,,MODIFY,/System Volume Information,,0x701,FREE,1,33381
207,,MODIFY,/System Volume Information,,0x701,FREE,1,33384
208,,MODIFY,/System Volume Information,,0x701,FREE,1,33387
209,,MODIFY,/System Volume Information,,0x701,FREE,1,33390
210,,MODIFY,/System Volume Information,,0x701,FREE,1,33393
211,,MODIFY,/System Volume Information,,0x701,FREE,1,33396
212,,MODIFY,/System Volume Information,,0x701,FREE,1,33399
213,,MODIFY,/System Volume Information,,0x701,FREE,1,33402
214,,MODIFY,/System Volume Information,,0x701,FREE,1,33405
215,,MODIFY,/System Volume Information,,0x701,FREE,1,33408
216,,MODIFY,/System Volume Information,,0x701,FREE,1,33411
217,,MODIFY,/System Volume Information,,0x701,FREE,1,33414
218,,MODIFY,/System Volume Information,,0x701,FREE,1,33417
219,,MODIFY,/System Volume Information,,0x701,FREE,1,33420
220,,MODIFY,/System Volume Information,,0x701,FREE,1,33423
221,,MODIFY,/System Volume Information,,0x701,FREE,1,33426
222,,MODIFY,/System Volume Information,,0x701,FREE,1,33429
223,,MODIFY,/System Volume Information,,0x701,FREE,1,33432
224,,MODIFY,/System Volume Information,,0x701,FREE,1,33435
225,,MODIFY,/System Volume Information,,0x701,FREE,1,33438
226,,MODIFY,/System Volume Information,,0x701,FREE,1,33441
227,,MODIFY,/System Volume Information,,0x701,FREE,1,33444
228,,MODIFY,/System Volume Information,,0x701,FREE,1,33447
229,,MODIFY,/System Volume Information,,0x701,FREE,1,33450
230,,MODIFY,/System Volume Information,,0x701,FREE,1,33453
231,,MODIFY,/System Volume Information,,0x701,FREE,1,33456
232,,MODIFY,/System Volume Information,,0x701,FREE,1,33459
233,,MODIFY,/System Volume Information,,0x701,FREE,1,33462
234,,MODIFY,/System Volume Information,,0x701,FREE,1,33465
235,,MODIFY,/System Volume Information,,0x701,FREE,1,33468
236,,MODIFY,/System Volume Information,,0x701,FREE,1,33471
237,,MODIFY,/System Volume Information,,0x701,FREE,1,33474
238,,MODIFY,/System Volume Information,,0x701,FREE,1,33477
239,,MODIFY,/System Volume Information,,0x701,FREE,1,33480
240,,MODIFY,/System Volume Information,,0x701,FREE,1,33483
241,,MODIFY,/System Volume Information,,0x701,FREE,1,33486
242,,MODIFY,/System Volume Information,,0x701,FREE,1,33489
243,,MODIFY,/System Volume Information,,0x701,FREE,1,33492
244,,MODIFY,/System Volume Information,,0x701,FREE,1,33495
245,,MODIFY,/System Volume Information,,0x701,FREE,1,33498
246,,MODIFY,/System Volume Information,,0x701,FREE,1,33501
247,,MODIFY,/System Volume Information,,0x701,FREE,1,33504
248,,MODIFY,/System Volume Information,,0x701,FREE,1,33507
249,,MODIFY,/System Volume Information,,0x701,FREE,1,33510
250,,MODIFY,/System Volume Information,,0x701,FREE,1,33513
251,,MODIFY,/System Volume Information,,0x701,FREE,1,33516
252,,MODIFY,/System Volume Information,,0x701,FREE,1,33519
253,,MODIFY,/System Volume Information,,0x701,FREE,1,33522
254,,MODIFY,/System Volume Information,,0x701,FREE,1,33525
255,,MODIFY,/System Volume Information,,0x701,FREE,1,33528
256,,MODIFY,/System Volume Information,,0x701,FREE,1,33531
257,,MODIFY,/System Volume Information,,0x701,FREE,1,33534
258,,MODIFY,/System Volume Information,,0x701,FREE,1,33537
259,,MODIFY,/System Volume Information,,0x701,FREE,1,33540
260,,MODIFY,/System Volume Information,,0x701,FREE,1,33543
261,,MODIFY,/System Volume Information,,0x701,FREE,1,33546
262,,MODIFY,/System Volume Information,,0x701,FREE,1,33549
263,,MODIFY,/System Volume Information,,0x701,FREE,1,33552
264,,MODIFY,/System Volume Information,,0x701,FREE,1,33555
265,,MODIFY,/System Volume Information,,0x701,FREE,1,33558
266,,MODIFY,/System Volume Information,,0x701,FREE,1,33561
267,,MODIFY,/System Volume Information,,0x701,FREE,1,33564
268,,MODIFY,/System Volume Information,,0x701,FREE,1,33567
269,,MODIFY,/System Volume Information,,0x701,FREE,1,33570
270,,MODIFY,/System Volume Information,,0x701,FREE,1,33573
271,,MODIFY,/System Volume Information,,0x701,FREE,1,33576
272,,MODIFY,/System Volume Information,,0x701,FREE,1,33579
273,,MODIFY,/System Volume Information,,0x701,FREE,1,33582
274,,MODIFY,/System Volume Information,,0x701,FREE,1,33585
275,,MODIFY,/System Volume Information,,0x701,FREE,1,33588
276,,MODIFY,/System Volume Information,,0x701,FREE,1,33591
277,,MODIFY,/System Volume Information,,0x701,FREE,1,33598
278,,MODIFY,/System Volume Information,,0x701,FREE,1,33599
279,,MODIFY,/System Volume Information,,0x701,FREE,1,33600
280,,MODIFY,/System Volume Information,,0x701,FREE,1,33601
281,,MODIFY,/System Volume Information,,0x701,FREE,1,33602
282,,MODIFY,/System Volume Information,,0x701,FREE,1,33603
283,,MODIFY,/System Volume Information,,0x701,FREE,1,33604
284,,MODIFY,/System Volume Information,,0x701,FREE,1,33605
285,,MODIFY,/System Volume Information,,0x701,FREE,1,33606
286,,MODIFY,/System Volume Information,,0x701,FREE,1,33607
287,,MODIFY,/System Volume Information,,0x701,FREE,1,33608
288,,MODIFY,/System Volume Information,,0x701,FREE,1,33609
289,,MODIFY,/System Volume Information,,0x701,FREE,1,33610
290,,MODIFY,/System Volume Information,,0x701,FREE,1,33611
291,,MODIFY,/System Volume Information,,0x701,FREE,1,33612
292,,MODIFY,/System Volume Information,,0x701,FREE,1,33613
293,,MODIFY,/System Volume Information,,0x701,FREE,1,33614
294,,MODIFY,/System Volume Information,,0x701,FREE,1,33615
295,,MODIFY,/System Volume Information,,0x701,FREE,1,33616
296,,MODIFY,/System Volume Information,,0x701,FREE,1,33617
297,,MODIFY,/System Volume Information,,0x701,FREE,1,33618
298,,MODIFY,/System Volume Information,,0x701,FREE,1,33619
299,,MODIFY,/System Volume Information,,0x701,FREE,1,33620
300,,MODIFY,/System Volume Information,,0x701,FREE,1,33621
301,,MODIFY,/System Volume Information,,0x701,FREE,1,33622
302,,MODIFY,/System Volume Information,,0x701,FREE,1,33623
303,,MODIFY,/System Volume Information,,0x701,FREE,1,33624
304,,MODIFY,/System Volume Information,,0x701,FREE,1,33625
305,,MODIFY,/System Volume Information,,0x701,FREE,1,33626
306,,MODIFY,/System Volume Information,,0x701,FREE,1,33627
307,,MODIFY,/System Volume Information,,0x701,FREE,1,33628
308,,MODIFY,/System Volume Information,,0x701,FREE,1,33629
309,,MODIFY,/System Volume Information,,0x701,FREE,1,33630
310,,MODIFY,/System Volume Information,,0x701,FREE,1,33631
311,,MODIFY,/System Volume Information,,0x701,FREE,1,33632
312,,MODIFY,/System Volume Information,,0x701,FREE,1,33633
313,,MODIFY,/System Volume Information,,0x701,FREE,1,33634
314,,MODIFY,/System Volume Information,,0x701,FREE,1,33635
315,,MODIFY,/System Volume Information,,0x701,FREE,1,33636
316,,MODIFY,/System Volume Information,,0x701,FREE,1,33637
317,,MODIFY,/System Volume Information,,0x701,FREE,1,33638
318,,MODIFY,/System Volume Information,,0x701,FREE,1,33639
319,,MODIFY,/System Volume Information,,0x701,FREE,1,33640
320,,MODIFY,/System Volume Information,,0x701,FREE,1,33641
321,,MODIFY,/System Volume Information,,0x701,FREE,1,33642
322,,MODIFY,/System Volume Information,,0x701,FREE,1,33643
323,,MODIFY,/System Volume Information,,0x701,FREE,1,33644
324,,MODIFY,/System Volume Information,,0x701,FREE,1,33645
325,,MODIFY,/System Volume Information,,0x701,FREE,1,33646
326,,MODIFY,/System Volume Information,,0x701,FREE,1,33647
327,,MODIFY,/System Volume Information,,0x701,FREE,1,33648
328,,MODIFY,/System Volume Information,,0x701,FREE,1,33649
329,,MODIFY,/System Volume Information,,0x701,FREE,1,33650
330,,MODIFY,/System Volume Information,,0x701,FREE,1,33651
331,,MODIFY,/System Volume Information,,0x701,FREE,1,33652
332,,MODIFY,/System Volume Information,,0x701,FREE,1,33653
333,,MODIFY,/System Volume Information,,0x701,FREE,1,33654
334,,MODIFY,/System Volume Information,,0x701,FREE,1,33655
335,,MODIFY,/System Volume Information,,0x701,FREE,1,33656
336,,MODIFY,/System Volume Information,,0x701,FREE,1,33657
337,,MODIFY,/System Volume Information,,0x701,FREE,1,33658
338,,MODIFY,/System Volume Information,,0x701,FREE,1,33659
339,,MODIFY,/System Volume Information,,0x701,FREE,1,33660
340,,MODIFY,/System Volume Information,,0x701,FREE,1,33661
341,,MODIFY,/System Volume Information,,0x701,FREE,1,33662
342,,MODIFY,/System Volume Information,,0x701,FREE,1,33663
343,,MODIFY,/System Volume Information,,0x701,FREE,1,33664
344,,MODIFY,/System Volume Information,,0x701,FREE,1,33665
345,,MODIFY,/System Volume Information,,0x701,FREE,1,33666
346,,MODIFY,/System Volume Information,,0x701,FREE,1,33667
347,,MODIFY,/System Volume Information,,0x701,FREE,1,33668
348,,MODIFY,/System Volume Information,,0x701,FREE,1,33669
349,,MODIFY,/System Volume Information,,0x701,FREE,1,33670
350,,MODIFY,/System Volume Information,,0x701,FREE,1,33671
351,,MODIFY,/System Volume Information,,0x701,FREE,1,33672
352,,MODIFY,/System Volume Information,,0x701,FREE,1,33673
353,,MODIFY,/System Volume Information,,0x701,FREE,1,33674
354,,MODIFY,/System Volume Information,,0x701,FREE,1,33675
355,,MODIFY,/System Volume Information,,0x701,FREE,1,33676
356,,MODIFY,/System Volume Information,,0x701,FREE,1,33677
357,,MODIFY,/System Volume Information,,0x701,FREE,1,33678
358,,MODIFY,/System Volume Information,,0x701,FREE,1,33679
359,,MODIFY,/System Volume Information,,0x701,FREE,1,33680
360,,MODIFY,/System Volume Information,,0x701,FREE,1,33681
361,,MODIFY,/System Volume Information,,0x701,FREE,1,33682
362,,MODIFY,/System Volume Information,,0x701,FREE,1,33683
363,,MODIFY,/System Volume Information,,0x701,FREE,1,33684
364,,MODIFY,/System Volume Information,,0x701,FREE,1,33685
365,,MODIFY,/System Volume Information,,0x701,FREE,1,33686
366,,MODIFY,/System Volume Information,,0x701,FREE,1,33687
367,,MODIFY,/System Volume Information,,0x701,FREE,1,33688
368,,MODIFY,/System Volume Information,,0x701,FREE,1,33689
369,,MODIFY,/System Volume Information,,0x701,FREE,1,33690
370,,MODIFY,/System Volume Information,,0x701,FREE,1,33691
371,,MODIFY,/System Volume Information,,0x701,FREE,1,33692
372,,MODIFY,/System Volume Information,,0x701,FREE,1,33693
373,,MODIFY,/System Volume Information,,0x701,FREE,1,33694
374,,MODIFY,/System Volume Information,,0x701,FREE,1,33695
375,,MODIFY,/System Volume Information,,0x701,FREE,1,33696
376,,MODIFY,/System Volume Information,,0x701,FREE,1,33697
377,,MODIFY,/System Volume Information,,0x701,FREE,1,33698
378,,MODIFY,/System Volume Information,,0x701,FREE,1,33699
379,,MODIFY,/System Volume Information,,0x701,FREE,1,33700
380,,MODIFY,/System Volume Information,,0x701,FREE,1,33701
381,,MODIFY,/System Volume Information,,0x701,FREE,1,33702
382,,MODIFY,/System Volume Information,,0x701,FREE,1,33703
383,,MODIFY,/System Volume Information,,0x701,FREE,1,33704
384,,MODIFY,/System Volume Information,,0x701,FREE,1,33705
385,,MODIFY,/System Volume Information,,0x701,FREE,1,33706
386,,MODIFY,/System Volume Information,,0x701,FREE,1,33707
387,,MODIFY,/System Volume Information,,0x701,FREE,1,33708
388,,MODIFY,/System Volume Information,,0x701,FREE,1,33709
389,,MODIFY,/System Volume Information,,0x701,FREE,1,33710
390,,MODIFY,/System Volume Information,,0x701,FREE,1,33711
391,,MODIFY,/System Volume Information,,0x701,FREE,1,33712
392,,MODIFY,/System Volume Information,,0x701,FREE,1,33713
393,,MODIFY,/System Volume Information,,0x701,FREE,1,33714
394,,MODIFY,/System Volume Information,,0x701,FREE,1,33715
395,,MODIFY,/System Volume Information,,0x701,FREE,1,33716
396,,MODIFY,/System Volume Information,,0x701,FREE,1,33717
397,,MODIFY,/System Volume Information,,0x701,FREE,1,33718
398,,MODIFY,/System Volume Information,,0x701,FREE,1,33719
399,,MODIFY,/System Volume Information,,0x701,FREE,1,33720
400,,MODIFY,/System Volume Information,,0x701,FREE,1,33721
401,,MODIFY,/System Volume Information,,0x701,FREE,1,33722
402,,MODIFY,/System Volume Information,,0x701,FREE,1,33723
403,,MODIFY,/System Volume Information,,0x701,FREE,1,33724
404,,MODIFY,/System Volume Information,,0x701,FREE,1,33725
405,,MODIFY,/System Volume Information,,0x701,FREE,1,33726
406,,MODIFY,/System Volume Information,,0x701,FREE,1,33727
407,,MODIFY,/System Volume Information,,0x701,FREE,1,33728
408,,MODIFY,/System Volume Information,,0x701,FREE,1,33729
409,,MODIFY,/System Volume Information,,0x701,FREE,1,33730
410,,MODIFY,/System Volume Information,,0x701,FREE,1,33731
411,,MODIFY,/System Volume Information,,0x701,FREE,1,33732
412,,MODIFY,/System Volume Information,,0x701,FREE,1,33733
413,,MODIFY,/System Volume Information,,0x701,FREE,1,33734
414,,MODIFY,/System Volume Information,,0x701,FREE,1,33735
415,,MODIFY,/System Volume Information,,0x701,FREE,1,33736
416,,MODIFY,/System Volume Information,,0x701,FREE,1,33737
417,,MODIFY,/System Volume Information,,0x701,FREE,1,33738
418,,MODIFY,/System Volume Information,,0x701,FREE,1,33739
419,,MODIFY,/System Volume Information,,0x701,FREE,1,33740
420,,MODIFY,/System Volume Information,,0x701,FREE,1,33741
421,,MODIFY,/System Volume Information,,0x701,FREE,1,33742
422,,MODIFY,/System Volume Information,,0x701,FREE,1,33743
423,,MODIFY,/System Volume Information,,0x701,FREE,1,33744
424,,MODIFY,/System Volume Information,,0x701,FREE,1,33745
425,,MODIFY,/System Volume Information,,0x701,FREE,1,33746
426,,MODIFY,/System Volume Information,,0x701,FREE,1,33747
427,,MODIFY,/System Volume Information,,0x701,FREE,1,33748
428,,MODIFY,/System Volume Information,,0x701,FREE,1,33749
429,,MODIFY,/System Volume Information,,0x701,FREE,1,33750
430,,MODIFY,/System Volume Information,,0x701,FREE,1,33751
431,,MODIFY,/System Volume Information,,0x701,FREE,1,33752
432,,MODIFY,/System Volume Information,,0x701,FREE,1,33753
433,,MODIFY,/System Volume Information,,0x701,FREE,1,33754
434,,MODIFY,/System Volume Information,,0x701,FREE,1,33755
435,,MODIFY,/System Volume Information,,0x701,FREE,1,33756
436,,MODIFY,/System Volume Information,,0x701,FREE,1,33757
437,,MODIFY,/System Volume Information,,0x701,FREE,1,33758
438,,MODIFY,/System Volume Information,,0x701,FREE,1,33759
439,,MODIFY,/System Volume Information,,0x701,FREE,1,33760
440,,MODIFY,/System Volume Information,,0x701,FREE,1,33761
441,,MODIFY,/System Volume Information,,0x701,FREE,1,33762
442,,MODIFY,/System Volume Information,,0x701,FREE,1,33763
443,,MODIFY,/System Volume Information,,0x701,FREE,1,33764
444,,MODIFY,/System Volume Information,,0x701,FREE,1,33765
445,,MODIFY,/System Volume Information,,0x701,FREE,1,33766
446,,MODIFY,/System Volume Information,,0x701,FREE,1,33767
447,,MODIFY,/System Volume Information,,0x701,FREE,1,33768
448,,MODIFY,/System Volume Information,,0x701,FREE,1,33769
449,,MODIFY,/System Volume Information,,0x701,FREE,1,33770
450,,MODIFY,/System Volume Information,,0x701,FREE,1,33771
451,,MODIFY,/System Volume Information,,0x701,FREE,1,33772
452,,MODIFY,/System Volume Information,,0x701,FREE,1,33773
453,,MODIFY,/System Volume Information,,0x701,FREE,1,33774
454,,MODIFY,/System Volume Information,,0x701,FREE,1,33775
455,,MODIFY,/System Volume Information,,0x701,FREE,1,33776
456,,MODIFY,/System Volume Information,,0x701,FREE,1,33777
457,,MODIFY,/System Volume Information,,0x701,FREE,1,33778
458,,MODIFY,/System Volume Information,,0x701,FREE,1,33779
459,,MODIFY,/System Volume Information,,0x701,FREE,1,33780
460,,MODIFY,/System Volume Information,,0x701,FREE,1,33781
461,,MODIFY,/System Volume Information,,0x701,FREE,1,33782
462,,MODIFY,/System Volume Information,,0x701,FREE,1,33783
463,,MODIFY,/System Volume Information,,0x701,FREE,1,33784
464,,MODIFY,/System Volume Information,,0x701,FREE,1,33785
465,,MODIFY,/System Volume Information,,0x701,FREE,1,33786
466,,MODIFY,/System Volume Information,,0x701,FREE,1,33787
467,,MODIFY,/System Volume Information,,0x701,FREE,1,33788
468,,MODIFY,/System Volume Information,,0x701,FREE,1,33789
469,,MODIFY,/System Volume Information,,0x701,FREE,1,33790
470,,MODIFY,/System Volume Information,,0x701,FREE,1,33791
471,,MODIFY,/System Volume Information,,0x701,FREE,1,33792
472,,MODIFY,/System Volume Information,,0x701,FREE,1,33793
473,,MODIFY,/System Volume Information,,0x701,FREE,1,33794
474,,MODIFY,/System Volume Information,,0x701,FREE,1,33795
475,,MODIFY,/System Volume Information,,0x701,FREE,1,33796
476,,MODIFY,/System Volume Information,,0x701,FREE,1,33797
477,,MODIFY,/System Volume Information,,0x701,FREE,1,33798
478,,MODIFY,/System Volume Information,,0x701,FREE,1,33799
479,,MODIFY,/System Volume Information,,0x701,FREE,1,33800
480,,MODIFY,/System Volume Information,,0x701,FREE,1,33801
481,,MODIFY,/System Volume Information,,0x701,FREE,1,33802
482,,MODIFY,/System Volume Information,,0x701,FREE,1,33803
483,,MODIFY,/System Volume Information,,0x701,FREE,1,33804
484,,MODIFY,/System Volume Information,,0x701,FREE,1,33805
485,,MODIFY,/System Volume Information,,0x701,FREE,1,33806
486,,MODIFY,/System Volume Information,,0x701,FREE,1,33807
487,,MODIFY,/System Volume Information,,0x701,FREE,1,33808
488,,MODIFY,/System Volume Information,,0x701,FREE,1,33809
489,,MODIFY,/System Volume Information,,0x701,FREE,1,33810
490,,MODIFY,/System Volume Information,,0x701,FREE,1,33811
491,,MODIFY,/System Volume Information,,0x701,FREE,1,33812
492,,MODIFY,/System Volume Information,,0x701,FREE,1,33813
493,,MODIFY,/System Volume Information,,0x701,FREE,1,33814
494,,MODIFY,/System Volume Information,,0x701,FREE,1,33815
495,,MODIFY,/System Volume Information,,0x701,FREE,1,33816
496,,MODIFY,/System Volume Information,,0x701,FREE,1,33817
497,,MODIFY,/System Volume Information,,0x701,FREE,1,33818
498,,MODIFY,/System Volume Information,,0x701,FREE,1,33819
499,,MODIFY,/System Volume Information,,0x701,FREE,1,33820
500,,MODIFY,/System Volume Information,,0x701,FREE,1,33821
501,,MODIFY,/System Volume Information,,0x701,FREE,1,33822
502,,MODIFY,/System Volume Information,,0x701,FREE,1,33823
503,,MODIFY,/System Volume Information,,0x701,FREE,1,33824
504,,MODIFY,/System Volume Information,,0x701,FREE,1,33825
505,,MODIFY,/System Volume Information,,0x701,FREE,1,33826
506,,MODIFY,/System Volume Information,,0x701,FREE,1,33827
507,,MODIFY,/System Volume Information,,0x701,FREE,1,33828
508,,MODIFY,/System Volume Information,,0x701,FREE,1,33829
509,,MODIFY,/System Volume Information,,0x701,FREE,1,33830
510,,MODIFY,/System Volume Information,,0x701,FREE,1,33831
511,,MODIFY,/System Volume Information,,0x701,FREE,1,33832
512,,MODIFY,/System Volume Information,,0x701,FREE,1,33833
513,,MODIFY,/System Volume Information,,0x701,FREE,1,33834
514,,MODIFY,/System Volume Information,,0x701,FREE,1,33835
515,,MODIFY,/System Volume Information,,0x701,FREE,1,33836
516,,MODIFY,/System Volume Information,,0x701,FREE,1,33837
517,,MODIFY,/System Volume Information,,0x701,FREE,1,33838
518,,MODIFY,/System Volume Information,,0x701,FREE,1,33839
519,,MODIFY,/System Volume Information,,0x701,FREE,1,33840
520,,MODIFY,/System Volume Information,,0x701,FREE,1,33841
521,,MODIFY,/System Volume Information,,0x701,FREE,1,33842
522,,MODIFY,/System Volume Information,,0x701,FREE,1,33843
523,,MODIFY,/System Volume Information,,0x701,FREE,1,33844
524,,MODIFY,/System Volume Information,,0x701,FREE,1,33845
525,,MODIFY,/System Volume Information,,0x701,FREE,1,33846
526,,MODIFY,/System Volume Information,,0x701,FREE,1,33847
527,,MODIFY,/System Volume Information,,0x701,FREE,1,33848
528,,MODIFY,/System Volume Information,,0x701,FREE,1,33849
529,,MODIFY,/System Volume Information,,0x701,FREE,1,33850
530,,MODIFY,/System Volume Information,,0x701,FREE,1,33851
531,,MODIFY,/System Volume Information,,0x701,FREE,1,33852
532,,MODIFY,/System Volume Information,,0x701,FREE,1,33853
533,,MODIFY,/System Volume Information,,0x701,FREE,1,33854
534,,MODIFY,/System Volume Information,,0x701,FREE,1,33855
535,,MODIFY,/System Volume Information,,0x701,FREE,1,33856
536,,MODIFY,/System Volume Information,,0x701,FREE,1,33857
537,,MODIFY,/System Volume Information,,0x701,FREE,1,33858
538,,MODIFY,/System Volume Information,,0x701,FREE,1,33859
539,,MODIFY,/System Volume Information,,0x701,FREE,1,33860
540,,MODIFY,/System Volume Information,,0x701,FREE,1,33861
541,,MODIFY,/System Volume Information,,0x701,FREE,1,33862
542,,MODIFY,/System Volume Information,,0x701,FREE,1,33863
543,,MODIFY,/System Volume Information,,0x701,FREE,1,33864
544,,MODIFY,/System Volume Information,,0x701,FREE,1,33865
545,,MODIFY,/System Volume Information,,0x701,FREE,1,33866
546,2026-05-16T16:34:26.242Z,CREATE,/testspecials,testspecials,0x702,OPEN_TABLE_FROM SET_OBJECT INSERT_ROW INSERT_ROW INSERT_ROW INSERT_ROW,6,33870
547,,ALLOCATE,/testspecials,,0x702,ALLOCATE,1,33873
548,2026-05-16T16:34:26.656Z,CREATE,/testspecials,alpha_backup_597620.dat,0x702,INSERT_ROW INSERT_ROW SET_OBJECT,3,33874
549,,STREAM_UPD,/testspecials,,0x702,DELETE_ROW INSERT_ROW OPEN_TABLE_FROM UPDATE_STREAM ALLOCATE UPDATE_STREAM,6,33876
550,2026-05-16T16:34:26.682Z,CREATE,/testspecials,foxtrot_romeo_101133.csv,0x702,INSERT_ROW INSERT_ROW SET_OBJECT,3,33877
551,,STREAM_UPD,/testspecials,,0x702,DELETE_ROW INSERT_ROW OPEN_TABLE_FROM UPDATE_STREAM ALLOCATE UPDATE_STREAM,6,33879
552,2026-05-16T16:34:26.721Z,CREATE,/testspecials/dir_gamma_163068/dir_echo_659970/dir_cache_507104,dir_kilo_659195,0x703,OPEN_TABLE_FROM SET_OBJECT INSERT_ROW INSERT_ROW INSERT_ROW INSERT_ROW,6,33880
553,2026-05-16T16:34:26.739Z,CREATE,/testspecials/dir_gamma_163068/dir_echo_659970/dir_cache_507104/dir_archive_409111,dir_archive_409111,0x704,OPEN_TABLE_FROM SET_OBJECT INSERT_ROW INSERT_ROW INSERT_ROW INSERT_ROW,6,33881
554,2026-05-16T16:34:26.755Z,CREATE,/testspecials/dir_gamma_163068/dir_echo_659970/dir_cache_507104/dir_yankee_391369,dir_index_166655,0x705,OPEN_TABLE_FROM SET_OBJECT INSERT_ROW INSERT_ROW INSERT_ROW INSERT_ROW,6,33882
555,,ALLOCATE,/testspecials/dir_gamma_163068/dir_echo_659970/dir_cache_507104/dir_yankee_391369,,0x705,ALLOCATE,1,33885
556,2026-05-16T16:34:26.870Z,CREATE,/testspecials,draft_uniform_166420.txt,0x702,INSERT_ROW INSERT_ROW SET_OBJECT,3,33886
557,,DELETE,/testspecials/dir_gamma_163068/dir_echo_659970/dir_cache_507104/dir_archive_409111,dir_record_198377,0x704,DELETE_ROW DELETE_ROW DELETE_TABLE DELETE_ROW,4,33889
558,,REPARENT,/testspecials,,0x702,DELETE_ROW REPARENT_TABLE INSERT_ROW,3,33890
559,2026-05-16T16:34:27.130Z,CREATE,/testspecials/dir_gamma_163068/dir_echo_659970/dir_cache_507104/dir_yankee_391369,backup_beta_229699.tmp,0x705,INSERT_ROW INSERT_ROW SET_OBJECT,3,33891
560,,REPARENT,/testspecials,draft_uniform_166420.txt,0x702,DELETE_ROW INSERT_ROW REPARENT_TABLE INSERT_ROW,4,33893
561,2026-05-16T16:34:27.259Z,REPARENT,/testspecials/dir_gamma_163068/dir_echo_659970/dir_cache_507104/dir_yankee_391369,backup_beta_229699.tmp,0x705,DELETE_ROW INSERT_ROW REPARENT_TABLE INSERT_ROW,4,33894
562,,REPARENT,/testspecials,alpha_backup_597620.dat,0x702,DELETE_ROW INSERT_ROW REPARENT_TABLE INSERT_ROW,4,33896
563,2026-05-16T16:34:27.346Z,CREATE,/testspecials/dir_gamma_163068/dir_echo_659970/dir_cache_507104/dir_yankee_391369,symlink_foxtrot_254926.lnk,0x705,INSERT_ROW INSERT_ROW SET_OBJECT,3,33897
564,,ENTRY_REMOVE,/testspecials,,0x702,DELETE_ROW,1,33899
565,,OP,/testspecials/dir_gamma_163068/dir_echo_659970/dir_cache_507104/dir_archive_409111,,0x704,INSERT_ROW INSERT_ROW INSERT_ROW,3,33900
566,2026-05-16T16:34:27.461Z,CREATE,/testspecials/dir_gamma_163068/dir_echo_659970/dir_cache_507104,tango_beta_157499.json,0x703,INSERT_ROW INSERT_ROW SET_OBJECT,3,33901
567,,ENTRY_REMOVE,/testspecials,,0x702,DELETE_ROW,1,33903
568,,REPARENT,/testspecials/dir_gamma_163068/dir_echo_659970/dir_cache_507104/dir_yankee_391369,symlink_foxtrot_254926.lnk,0x705,DELETE_ROW INSERT_ROW REPARENT_TABLE INSERT_ROW,4,33904
569,2026-05-16T16:34:27.618Z,CREATE,/testspecials/dir_gamma_163068/dir_echo_659970/dir_cache_507104/dir_config_356395,symlink_oscar_946241.lnk,0x707,INSERT_ROW INSERT_ROW SET_OBJECT,3,33905
570,,ALLOCATE,/testspecials/dir_gamma_163068/dir_echo_659970/dir_cache_507104/dir_archive_409111,,0x704,ALLOCATE,1,33907
571,2026-05-16T16:34:27.690Z,CREATE,/testspecials/dir_gamma_163068/dir_echo_659970/dir_cache_507104/dir_yankee_391369,symlink_alpha_576533.lnk,0x705,INSERT_ROW INSERT_ROW SET_OBJECT,3,33908
572,,ENTRY_REMOVE,/testspecials/dir_gamma_163068/dir_echo_659970/dir_cache_507104/dir_india_623599/dir_kilo_929277,,0x708,DELETE_ROW,1,33910
573,2026-05-16T16:34:27.815Z,CREATE,/testspecials/dir_gamma_163068/dir_echo_659970/dir_cache_507104/dir_config_356395,symlink_quebec_607857.lnk,0x707,INSERT_ROW INSERT_ROW SET_OBJECT,3,33911
574,,ALLOCATE,/testspecials/dir_gamma_163068/dir_echo_659970/dir_cache_507104/dir_india_623599/dir_kilo_929277,,0x708,ALLOCATE,1,33913
575,2026-05-16T16:34:27.877Z,CREATE,/testspecials/dir_gamma_163068/dir_echo_659970/dir_cache_507104/dir_config_356395,symlink_audit_611693.lnk,0x707,INSERT_ROW INSERT_ROW SET_OBJECT,3,33914
576,2026-05-16T16:34:27.933Z,CREATE,/testspecials/dir_gamma_163068/dir_echo_659970/dir_cache_507104,config_lima_838028.txt,0x703,INSERT_ROW INSERT_ROW SET_OBJECT,3,33916
577,2026-05-16T16:34:27.130Z,CREATE,/testspecials/dir_gamma_163068/dir_echo_659970/dir_cache_507104/dir_yankee_391369,hardlink_log_446439.tmp,0x705,INSERT_ROW INSERT_ROW,2,33918
578,2026-05-16T16:34:28.026Z,CREATE,/testspecials/dir_gamma_163068/dir_echo_659970/dir_cache_507104/dir_india_623599/dir_kilo_929277,symlink_zulu_334450.lnk,0x708,INSERT_ROW INSERT_ROW SET_OBJECT,3,33919
579,,OP,/testspecials/dir_gamma_163068/dir_echo_659970/dir_cache_507104/dir_yankee_391369,,0x705,INSERT_ROW INSERT_ROW INSERT_ROW,3,33921
580,2026-05-16T16:34:28.104Z,CREATE,/testspecials/dir_november_947335,symlink_output_243634.lnk,0x709,INSERT_ROW INSERT_ROW SET_OBJECT,3,33922
581,,ENTRY_REMOVE,/testspecials/dir_gamma_163068/dir_echo_659970/dir_cache_507104/dir_config_356395,,0x707,DELETE_ROW,1,33924
582,2026-05-16T16:34:28.189Z,CREATE,/testspecials/dir_gamma_163068/dir_echo_659970/dir_cache_507104/dir_india_623599/dir_kilo_929277,mike_november_838527.csv,0x708,INSERT_ROW INSERT_ROW SET_OBJECT,3,33925
583,,ENTRY_REMOVE,/testspecials,,0x702,DELETE_ROW,1,33931
584,2026-05-16T16:34:28.453Z,CREATE,/testspecials/dir_gamma_163068/dir_echo_659970/dir_cache_507104/dir_india_623599/dir_kilo_929277,symlink_data_971036.lnk,0x708,INSERT_ROW INSERT_ROW SET_OBJECT,3,33932
585,2026-05-16T16:34:28.578Z,ENTRY_REMOVE,/testspecials/dir_gamma_163068/dir_echo_659970/dir_cache_507104/dir_yankee_391369,,0x705,DELETE_ROW,1,33934
586,2026-05-16T16:34:28.627Z,CREATE,/testspecials,quebec_sierra_815130.csv,0x702,INSERT_ROW INSERT_ROW SET_OBJECT,3,33936
587,,STREAM_UPD,/testspecials/dir_november_947335,,0x709,DELETE_ROW INSERT_ROW OPEN_TABLE_FROM UPDATE_STREAM ALLOCATE UPDATE_STREAM,6,33938
588,2026-05-16T16:34:28.778Z,CREATE,/testspecials/dir_november_947335,symlink_papa_109718.lnk,0x709,INSERT_ROW INSERT_ROW SET_OBJECT,3,33940
589,2026-05-16T16:34:28.898Z,REPARENT,/testspecials/dir_gamma_163068/dir_echo_659970/dir_cache_507104/dir_archive_409111,symlink_temp_835968.lnk,0x704,DELETE_ROW INSERT_ROW REPARENT_TABLE INSERT_ROW,4,33942
590,,OP,/testspecials/dir_gamma_163068/dir_echo_659970/dir_cache_507104/dir_yankee_391369,,0x705,INSERT_ROW INSERT_ROW INSERT_ROW,3,33944
591,,STREAM_UPD,/testspecials/dir_gamma_163068/dir_echo_659970/dir_cache_507104/dir_india_623599/dir_index_446416,,0x70b,DELETE_ROW INSERT_ROW OPEN_TABLE_FROM UPDATE_STREAM ALLOCATE UPDATE_STREAM,6,33946
592,2026-05-16T16:34:29.118Z,CREATE,/testspecials/dir_gamma_163068/dir_echo_659970/dir_cache_507104/dir_romeo_851778,dir_romeo_851778,0x70d,OPEN_TABLE_FROM SET_OBJECT INSERT_ROW INSERT_ROW INSERT_ROW INSERT_ROW,6,33949
593,,STREAM_UPD,/testspecials/dir_gamma_163068/dir_echo_659970/dir_cache_507104/dir_yankee_391369,,0x705,DELETE_ROW INSERT_ROW OPEN_TABLE_FROM UPDATE_STREAM ALLOCATE UPDATE_STREAM,6,33951
594,2026-05-16T16:34:29.158Z,RENAME,/testspecials/dir_gamma_163068/dir_echo_659970/dir_cache_507104/dir_archive_409111,dir_log_874723,0x704,DELETE_ROW DELETE_ROW INSERT_ROW INSERT_ROW,4,33952
595,,ALLOCATE,/testspecials/dir_gamma_163068/dir_echo_659970/dir_cache_507104/dir_india_623599/dir_index_446416,,0x70b,ALLOCATE,1,33954
596,2026-05-16T16:34:29.332Z,CREATE,/testspecials/dir_gamma_163068/dir_echo_659970/dir_cache_507104/dir_india_623599/dir_index_446416,oscar_quebec_685389.ini,0x70b,INSERT_ROW INSERT_ROW SET_OBJECT,3,33955
597,2026-05-16T16:34:29.414Z,CREATE,/testspecials/dir_gamma_163068/dir_echo_659970/dir_cache_507104/dir_config_356395,symlink_audit_305752.lnk,0x707,INSERT_ROW INSERT_ROW SET_OBJECT,3,33957
598,2026-05-16T16:34:29.473Z,CREATE,/testspecials/dir_gamma_163068/dir_echo_659970/dir_cache_507104/dir_archive_409111/dir_romeo_975581,dir_romeo_975581,0x70e,OPEN_TABLE_FROM SET_OBJECT INSERT_ROW INSERT_ROW INSERT_ROW INSERT_ROW,6,33959
599,,DELETE,/testspecials/dir_gamma_163068/dir_echo_659970/dir_cache_507104/dir_india_623599/dir_index_446416,,0x70b,DELETE_TABLE DELETE_ROW DELETE_ROW DELETE_TABLE,4,33960
600,2026-05-16T16:34:29.587Z,CREATE,/testspecials/dir_gamma_163068/dir_echo_659970/dir_cache_507104/dir_archive_409111/dir_romeo_975581,symlink_foxtrot_875088.lnk,0x70e,INSERT_ROW INSERT_ROW SET_OBJECT,3,33961
601,,MODIFY,/testspecials,,0x702,SET_RANGE_STATE,1,33963
602,2026-05-16T16:34:29.634Z,CREATE,/testspecials,hardlink_audit_733110.csv,0x702,INSERT_ROW INSERT_ROW,2,33969
603,2026-05-16T16:34:29.770Z,CREATE,/testspecials/dir_gamma_163068/dir_echo_659970/dir_cache_507104/dir_india_623599/dir_index_446416,symlink_sierra_640469.lnk,0x70b,INSERT_ROW INSERT_ROW SET_OBJECT,3,33970
604,2026-05-16T16:34:29.872Z,CREATE,/testspecials/dir_gamma_163068/dir_echo_659970/dir_cache_507104/dir_config_356395/dir_echo_285482,symlink_gamma_600699.lnk,0x70c,INSERT_ROW INSERT_ROW SET_OBJECT,3,33972
605,2026-05-16T16:34:29.947Z,CREATE,OID 0x70f,dir_audit_941287,0x70f,OPEN_TABLE_FROM SET_OBJECT INSERT_ROW INSERT_ROW INSERT_ROW INSERT_ROW,6,33974
606,2026-05-16T16:34:29.999Z,CREATE,OID 0x710,dir_quebec_389151,0x710,OPEN_TABLE_FROM SET_OBJECT INSERT_ROW INSERT_ROW INSERT_ROW INSERT_ROW,6,33975
607,2026-05-16T16:34:30.033Z,CREATE,/testspecials/dir_gamma_163068/dir_echo_659970/dir_cache_507104/dir_india_623599/dir_kilo_929277,gamma_draft_783843.bin,0x708,INSERT_ROW INSERT_ROW SET_OBJECT,3,33976
608,2026-05-16T16:34:30.188Z,CREATE,/testspecials/dir_gamma_163068/dir_echo_659970/dir_cache_507104/dir_archive_409111/dir_romeo_975581,alpha_whiskey_674721.dat,0x70e,INSERT_ROW INSERT_ROW SET_OBJECT,3,33979
609,2026-05-16T16:34:30.321Z,CREATE,/testspecials/dir_november_947335,oscar_uniform_234600.tmp,0x709,INSERT_ROW INSERT_ROW SET_OBJECT,3,33982
610,2026-05-16T16:34:30.381Z,CREATE,/testspecials/dir_gamma_163068/dir_echo_659970/dir_cache_507104/dir_archive_409111,papa_temp_286630.xml,0x704,INSERT_ROW INSERT_ROW SET_OBJECT,3,33984
611,,OP,/testspecials/dir_gamma_163068/dir_echo_659970/dir_cache_507104/dir_config_356395/dir_echo_285482,,0x70c,INSERT_ROW INSERT_ROW INSERT_ROW,3,33986
612,,REPARENT,/testspecials,tango_lima_351713.tmp,0x702,DELETE_ROW INSERT_ROW REPARENT_TABLE INSERT_ROW,4,33988
613,2026-05-16T16:34:30.549Z,CREATE,OID 0x711,dir_trace_730104,0x711,OPEN_TABLE_FROM SET_OBJECT INSERT_ROW INSERT_ROW INSERT_ROW INSERT_ROW,6,33989
614,2026-05-16T16:34:30.586Z,CREATE,/testspecials/dir_gamma_163068/dir_echo_659970/dir_cache_507104,temp_draft_689123.bak,0x703,INSERT_ROW INSERT_ROW SET_OBJECT,3,33990
615,,REPARENT,/testspecials/dir_gamma_163068/dir_echo_659970/dir_cache_507104/dir_config_356395,symlink_quebec_607857.lnk,0x707,DELETE_ROW INSERT_ROW REPARENT_TABLE INSERT_ROW,4,33992
616,2026-05-16T16:34:30.858Z,CREATE,/testspecials/dir_gamma_163068/dir_echo_659970/dir_cache_507104/dir_config_356395,symlink_whiskey_720413.lnk,0x707,INSERT_ROW INSERT_ROW SET_OBJECT,3,33994
617,,OP,/testspecials/dir_gamma_163068/dir_echo_659970/dir_cache_507104/dir_archive_409111/dir_romeo_975581,,0x70e,INSERT_ROW INSERT_ROW INSERT_ROW,3,33996
618,,ENTRY_REMOVE,/testspecials,,0x702,DELETE_ROW,1,33997
619,2026-05-16T16:34:31.075Z,CREATE,/testspecials/dir_gamma_163068/dir_echo_659970/dir_cache_507104/dir_config_356395/dir_echo_285482,symlink_hotel_952750.lnk,0x70c,INSERT_ROW INSERT_ROW SET_OBJECT,3,33998
620,,OP,/testspecials/dir_gamma_163068/dir_echo_659970/dir_cache_507104,,0x703,INSERT_ROW INSERT_ROW INSERT_ROW,3,34000
621,2026-05-16T16:34:31.180Z,CREATE,/testspecials/dir_gamma_163068/dir_echo_659970/dir_cache_507104/dir_india_623599/dir_kilo_929277/dir_oscar_351933,dir_oscar_351933,0x712,OPEN_TABLE_FROM SET_OBJECT INSERT_ROW INSERT_ROW INSERT_ROW INSERT_ROW,6,34001
622,2026-05-16T16:34:30.586Z,CREATE,/testspecials/dir_gamma_163068/dir_echo_659970/dir_cache_507104,hardlink_lima_619070.bak,0x703,INSERT_ROW INSERT_ROW,2,34002
623,2026-05-16T16:34:31.324Z,CREATE,/testspecials/dir_gamma_163068/dir_echo_659970/dir_cache_507104/dir_india_623599/dir_kilo_929277,report_india_525082.ini,0x708,INSERT_ROW INSERT_ROW SET_OBJECT,3,34003
624,2026-05-16T16:34:27.690Z,CREATE,/testspecials/dir_gamma_163068/dir_echo_659970/dir_cache_507104/dir_yankee_391369,hardlink_kilo_292507.lnk,0x705,INSERT_ROW INSERT_ROW,2,34005
625,,ENTRY_REMOVE,/testspecials/dir_gamma_163068/dir_echo_659970/dir_cache_507104/dir_archive_409111,,0x704,DELETE_ROW,1,34012
626,,DELETE,/testspecials/dir_gamma_163068/dir_echo_659970/dir_cache_507104/dir_config_356395,dir_trace_730104,0x707,DELETE_ROW DELETE_ROW DELETE_TABLE DELETE_ROW,4,34013
627,2026-05-16T16:34:31.941Z,CREATE,/testspecials/dir_gamma_163068/dir_echo_659970/dir_cache_507104/dir_config_356395,zulu_november_980765.csv,0x707,INSERT_ROW INSERT_ROW SET_OBJECT,3,34015
628,,STREAM_UPD,/testspecials/dir_gamma_163068/dir_echo_659970/dir_cache_507104/dir_india_623599/dir_index_446416,,0x70b,DELETE_ROW INSERT_ROW OPEN_TABLE_FROM UPDATE_STREAM ALLOCATE UPDATE_STREAM,6,34017
629,,ENTRY_REMOVE,/testspecials/dir_november_947335,,0x709,DELETE_ROW,1,34018
630,2026-05-16T16:34:32.244Z,CREATE,/testspecials/dir_gamma_163068/dir_echo_659970/dir_cache_507104/dir_india_623599/dir_index_446416,symlink_output_783603.lnk,0x70b,INSERT_ROW INSERT_ROW SET_OBJECT,3,34020
631,,CONTAINER,,,,MOVE_CONTAINER MOVE_CONTAINER MOVE_CONTAINER MOVE_CONTAINER,4,34022
632,2026-05-16T16:34:32.319Z,CREATE,/testspecials/dir_gamma_163068/dir_echo_659970/dir_cache_507104/dir_india_623599/dir_kilo_929277,symlink_lima_738451.lnk,0x708,INSERT_ROW INSERT_ROW SET_OBJECT,3,34023
633,,OP,/testspecials/dir_gamma_163068/dir_echo_659970/dir_cache_507104/dir_india_623599/dir_kilo_929277,,0x708,INSERT_ROW INSERT_ROW INSERT_ROW,3,34024
634,,REPARENT,/testspecials,cache_romeo_901499.xml,0x702,DELETE_ROW INSERT_ROW REPARENT_TABLE INSERT_ROW,4,34029
635,2026-05-16T16:34:28.375Z,CREATE,/testspecials,hardlink_sync_617075.xml,0x702,INSERT_ROW INSERT_ROW,2,34030
636,2026-05-16T16:34:32.605Z,ENTRY_REMOVE,/testspecials/dir_gamma_163068/dir_echo_659970/dir_cache_507104/dir_config_356395/dir_echo_285482,,0x70c,DELETE_ROW DELETE_ROW DELETE_ROW,3,34036
637,,ENTRY_REMOVE,/testspecials/dir_gamma_163068/dir_echo_659970/dir_cache_507104/dir_archive_409111/dir_romeo_975581,,0x70e,DELETE_ROW,1,34038
638,2026-05-16T16:34:32.765Z,CREATE,/testspecials/dir_gamma_163068/dir_echo_659970/dir_cache_507104,yankee_romeo_767149.bak,0x703,INSERT_ROW INSERT_ROW SET_OBJECT,3,34039
639,,OP,/testspecials/dir_gamma_163068/dir_echo_659970/dir_cache_507104/dir_config_356395,,0x707,INSERT_ROW INSERT_ROW INSERT_ROW,3,34041
640,2026-05-16T16:34:32.882Z,CREATE,OID 0x715,dir_yankee_370803,0x715,OPEN_TABLE_FROM SET_OBJECT INSERT_ROW INSERT_ROW INSERT_ROW INSERT_ROW,6,34042
641,,STREAM_UPD,/testspecials/dir_gamma_163068/dir_echo_659970/dir_cache_507104/dir_config_356395/dir_echo_285482,,0x70c,DELETE_ROW INSERT_ROW OPEN_TABLE_FROM UPDATE_STREAM ALLOCATE UPDATE_STREAM,6,34047
642,,REPARENT,/testspecials/dir_gamma_163068/dir_echo_659970/dir_cache_507104/dir_archive_409111,symlink_whiskey_950291.lnk,0x704,DELETE_ROW INSERT_ROW REPARENT_TABLE INSERT_ROW,4,34048
643,,OP,/testspecials/dir_gamma_163068/dir_echo_659970/dir_cache_507104/dir_india_623599/dir_kilo_929277,,0x708,INSERT_ROW INSERT_ROW INSERT_ROW,3,34051
644,,MODIFY,/testspecials/dir_gamma_163068/dir_echo_659970/dir_cache_507104,,0x703,SET_RANGE_STATE,1,34056
645,,OP,/testspecials/dir_gamma_163068/dir_echo_659970/dir_cache_507104/dir_archive_409111/dir_romeo_975581,,0x70e,INSERT_ROW INSERT_ROW INSERT_ROW,3,34057
646,,ENTRY_REMOVE,/testspecials,,0x702,DELETE_ROW,1,34058
647,2026-05-16T16:34:33.874Z,CREATE,/testspecials/dir_gamma_163068/dir_echo_659970/dir_cache_507104/dir_yankee_391369,symlink_gamma_878350.lnk,0x705,INSERT_ROW INSERT_ROW SET_OBJECT,3,34059
648,2026-05-16T16:34:34.016Z,CREATE,/testspecials/dir_gamma_163068/dir_echo_659970/dir_cache_507104,report_sierra_356241.csv,0x703,INSERT_ROW INSERT_ROW SET_OBJECT,3,34062
649,,OP,/testspecials/dir_gamma_163068/dir_echo_659970/dir_cache_507104/dir_india_623599,,0x714,INSERT_ROW INSERT_ROW INSERT_ROW,3,34064
650,2026-05-16T16:34:34.143Z,CREATE,/testspecials/dir_gamma_163068/dir_echo_659970/dir_cache_507104/dir_romeo_851778,beta_whiskey_211785.json,0x70d,INSERT_ROW INSERT_ROW SET_OBJECT,3,34065
651,2026-05-16T16:34:34.236Z,CREATE,/testspecials/dir_gamma_163068/dir_echo_659970/dir_cache_507104/dir_tango_400582,dir_tango_400582,0x718,OPEN_TABLE_FROM SET_OBJECT INSERT_ROW INSERT_ROW INSERT_ROW INSERT_ROW,6,34067
652,2026-05-16T16:34:34.318Z,CREATE,/testspecials/dir_gamma_163068/dir_echo_659970/dir_cache_507104/dir_config_356395/dir_echo_285482,symlink_archive_396575.lnk,0x70c,INSERT_ROW INSERT_ROW SET_OBJECT,3,34068
653,2026-05-16T16:34:34.468Z,CREATE,/testspecials/dir_gamma_163068/dir_echo_659970/dir_cache_507104/dir_config_356395,yankee_mike_675054.md,0x707,INSERT_ROW INSERT_ROW SET_OBJECT,3,34070
654,2026-05-16T16:34:34.669Z,CREATE,/testspecials/dir_gamma_163068/dir_echo_659970/dir_cache_507104/dir_yankee_391369/dir_config_947995,dir_config_947995,0x71a,OPEN_TABLE_FROM SET_OBJECT INSERT_ROW INSERT_ROW INSERT_ROW INSERT_ROW,6,34073
655,2026-05-16T16:34:34.742Z,CREATE,/testspecials/dir_gamma_163068/dir_echo_659970/dir_cache_507104/dir_archive_409111/dir_romeo_975581,log_papa_426305.bin,0x70e,INSERT_ROW INSERT_ROW SET_OBJECT,3,34074
656,,ENTRY_REMOVE,/testspecials/dir_gamma_163068/dir_echo_659970/dir_cache_507104/dir_india_623599/dir_kilo_929277,,0x708,DELETE_ROW,1,34078
657,2026-05-16T16:34:33.985Z,CREATE,/testspecials,hardlink_beta_807149.txt,0x702,INSERT_ROW INSERT_ROW,2,34079
658,2026-05-16T16:34:35.248Z,CREATE,/testspecials/dir_gamma_163068/dir_echo_659970/dir_cache_507104/dir_yankee_391369/dir_config_947995,symlink_gamma_374088.lnk,0x71a,INSERT_ROW INSERT_ROW SET_OBJECT,3,34080
659,2026-05-16T16:34:35.434Z,CREATE,/testspecials/dir_gamma_163068/dir_echo_659970/dir_cache_507104/dir_romeo_851778/dir_india_917272,dir_delta_340204,0x71b,OPEN_TABLE_FROM SET_OBJECT INSERT_ROW INSERT_ROW INSERT_ROW INSERT_ROW,6,34083
660,,OP,/testspecials/dir_gamma_163068/dir_echo_659970/dir_cache_507104/dir_india_623599/dir_index_446416,,0x70b,INSERT_ROW INSERT_ROW INSERT_ROW,3,34085
661,,MODIFY,/testspecials/dir_gamma_163068/dir_echo_659970/dir_cache_507104/dir_archive_409111/dir_romeo_975581,,0x70e,UPDATE_ROW,1,34088
662,,STREAM_UPD,/testspecials/dir_gamma_163068/dir_echo_659970/dir_cache_507104/dir_archive_409111/dir_romeo_975581,,0x70e,UPDATE_STREAM,1,34089
663,,UPDATE,/testspecials/dir_gamma_163068/dir_echo_659970/dir_cache_507104/dir_archive_409111/dir_romeo_975581,hidden_7989,0x70e,DELETE_ROW INSERT_ROW,2,34090
664,2026-05-16T16:34:35.814Z,CREATE,/testspecials/dir_gamma_163068/dir_echo_659970/dir_cache_507104/dir_romeo_851778,symlink_cache_500963.lnk,0x70d,INSERT_ROW INSERT_ROW SET_OBJECT,3,34091
665,,DELETE,/testspecials/dir_gamma_163068/dir_echo_659970/dir_cache_507104/dir_india_623599/dir_kilo_929277,,0x708,DELETE_ROW DELETE_TABLE,2,34093
666,2026-05-16T16:34:36.098Z,CREATE,/testspecials/dir_gamma_163068/dir_echo_659970/dir_cache_507104/dir_yankee_391369/dir_config_947995,config_sierra_867367.tmp,0x71a,INSERT_ROW INSERT_ROW SET_OBJECT,3,34094
667,,MODIFY,/testspecials/dir_gamma_163068/dir_echo_659970/dir_cache_507104,,0x703,FREE,1,34107
668,,STREAM_UPD,/testspecials/dir_gamma_163068/dir_echo_659970/dir_cache_507104,,0x703,DELETE_ROW INSERT_ROW OPEN_TABLE_FROM UPDATE_STREAM ALLOCATE UPDATE_STREAM,6,34110
669,2026-05-16T16:34:36.591Z,CREATE,OID 0x71c,dir_beta_749496,0x71c,OPEN_TABLE_FROM SET_OBJECT INSERT_ROW INSERT_ROW INSERT_ROW INSERT_ROW,6,34111
670,,ALLOCATE,/testspecials/dir_gamma_163068/dir_echo_659970/dir_cache_507104,,0x703,ALLOCATE,1,34114
671,2026-05-16T16:34:36.699Z,CREATE,/testspecials/dir_november_947335,trace_report_277987.json,0x709,INSERT_ROW INSERT_ROW SET_OBJECT,3,34115
672,,STREAM_UPD,/testspecials/dir_gamma_163068/dir_echo_659970/dir_cache_507104/dir_india_623599/dir_kilo_929277,,0x708,DELETE_ROW INSERT_ROW OPEN_TABLE_FROM UPDATE_STREAM ALLOCATE UPDATE_STREAM,6,34117
673,2026-05-16T16:34:29.872Z,MOVE,/testspecials/dir_gamma_163068/dir_echo_659970/dir_cache_507104/dir_config_356395/dir_echo_285482,symlink_gamma_600699.lnk,0x70c,DELETE_ROW DELETE_ROW INSERT_ROW INSERT_ROW,4,34118
674,,OP,/testspecials/dir_gamma_163068/dir_echo_659970/dir_cache_507104/dir_tango_400582,,0x718,INSERT_ROW INSERT_ROW INSERT_ROW,3,34120
675,2026-05-16T16:34:37.217Z,CREATE,/testspecials/dir_gamma_163068/dir_echo_659970/dir_cache_507104/dir_india_623599/dir_index_446416,symlink_quebec_790872.lnk,0x70b,INSERT_ROW INSERT_ROW SET_OBJECT,3,34122
676,,REPARENT,/testspecials/dir_gamma_163068/dir_echo_659970/dir_cache_507104,config_gamma_561281.ini,0x703,DELETE_ROW INSERT_ROW REPARENT_TABLE INSERT_ROW,4,34124
677,2026-05-16T16:34:37.429Z,CREATE,/testspecials/dir_november_947335,alpha_index_636390.ini,0x709,INSERT_ROW INSERT_ROW SET_OBJECT,3,34125
678,2026-05-16T16:34:37.587Z,CREATE,/testspecials,symlink_sync_232508.lnk,0x702,INSERT_ROW INSERT_ROW SET_OBJECT,3,34127
679,,MODIFY,/testspecials,,0x702,SET_RANGE_STATE,1,34130
680,,MODIFY,/testspecials/dir_november_947335,,0x709,SET_RANGE_STATE,1,34132
681,,MODIFY,/testspecials/dir_november_947335,,0x709,SET_RANGE_STATE,1,34133
682,,MODIFY,/testspecials/dir_gamma_163068/dir_echo_659970/dir_cache_507104/dir_india_623599/dir_kilo_929277,,0x708,SET_RANGE_STATE,1,34134
683,,ALLOCATE,/testspecials,,0x702,ALLOCATE,1,34135
684,2026-05-16T16:34:37.845Z,CREATE,/testspecials/dir_gamma_163068/dir_echo_659970/dir_cache_507104/dir_romeo_851778/dir_india_917272,symlink_log_891807.lnk,0x71b,INSERT_ROW INSERT_ROW SET_OBJECT,3,34136
685,,OP,/testspecials/dir_gamma_163068/dir_echo_659970/dir_cache_507104/dir_romeo_851778/dir_india_917272,,0x71b,INSERT_ROW INSERT_ROW INSERT_ROW,3,34137
686,,OP,/testspecials/dir_gamma_163068/dir_echo_659970/dir_cache_507104/dir_india_623599,,0x714,INSERT_ROW INSERT_ROW INSERT_ROW,3,34139
687,2026-05-16T16:34:38.267Z,CREATE,/testspecials/dir_gamma_163068/dir_echo_659970/dir_cache_507104/dir_config_356395/dir_yankee_435831,backup_tango_632724.xml,0x71f,INSERT_ROW INSERT_ROW SET_OBJECT,3,34142
688,2026-05-16T16:34:38.415Z,CREATE,/testspecials/dir_november_947335,oscar_november_944503.cfg,0x709,INSERT_ROW INSERT_ROW SET_OBJECT,3,34144
689,,STREAM_UPD,/testspecials/dir_gamma_163068/dir_echo_659970/dir_cache_507104/dir_tango_400582,,0x718,DELETE_ROW INSERT_ROW OPEN_TABLE_FROM UPDATE_STREAM ALLOCATE UPDATE_STREAM,6,34146
690,2026-05-16T16:34:38.549Z,CREATE,/testspecials/dir_gamma_163068/dir_echo_659970/dir_cache_507104/dir_config_356395/dir_echo_285482/dir_backup_485354,dir_backup_485354,0x720,OPEN_TABLE_FROM SET_OBJECT INSERT_ROW INSERT_ROW INSERT_ROW INSERT_ROW,6,34147
691,2026-05-16T16:34:38.612Z,CREATE,OID 0x721,dir_trace_100098,0x721,OPEN_TABLE_FROM SET_OBJECT INSERT_ROW INSERT_ROW INSERT_ROW INSERT_ROW,6,34148
692,2026-05-16T16:34:38.716Z,CREATE,/testspecials/dir_gamma_163068/dir_echo_659970/dir_cache_507104/dir_config_356395/dir_yankee_435831,symlink_data_819691.lnk,0x71f,INSERT_ROW INSERT_ROW SET_OBJECT,3,34149
693,,STREAM_UPD,/testspecials/dir_november_947335/dir_sync_924581/dir_backup_133264,,0x71d,DELETE_ROW INSERT_ROW OPEN_TABLE_FROM UPDATE_STREAM ALLOCATE UPDATE_STREAM,6,34151
694,,OP,/testspecials/dir_gamma_163068/dir_echo_659970/dir_cache_507104/dir_india_623599/dir_index_446416,,0x70b,INSERT_ROW INSERT_ROW INSERT_ROW,3,34153
695,,OP,/testspecials/dir_gamma_163068/dir_echo_659970/dir_cache_507104/dir_tango_400582,,0x718,INSERT_ROW INSERT_ROW INSERT_ROW,3,34157
696,2026-05-16T16:34:37.587Z,CREATE,/testspecials,hardlink_november_680060.lnk,0x702,INSERT_ROW INSERT_ROW,2,34158
697,2026-05-16T16:34:37.847Z,RENAME,/testspecials/dir_gamma_163068,dir_delta_340204,0x716,DELETE_ROW DELETE_ROW INSERT_ROW INSERT_ROW,4,34160
698,2026-05-16T16:34:39.915Z,CREATE,/testspecials/dir_gamma_163068/dir_echo_659970/dir_cache_507104/dir_yankee_391369/dir_data_954098,dir_data_954098,0x723,OPEN_TABLE_FROM SET_OBJECT INSERT_ROW INSERT_ROW INSERT_ROW INSERT_ROW,6,34162
699,,ENTRY_REMOVE,/testspecials,,0x702,DELETE_ROW,1,34163
700,,STREAM_UPD,/testspecials/dir_gamma_163068/dir_echo_659970/dir_cache_507104/dir_india_623599/dir_index_446416,,0x70b,DELETE_ROW INSERT_ROW OPEN_TABLE_FROM UPDATE_STREAM ALLOCATE UPDATE_STREAM,6,34164
701,2026-05-16T16:34:40.137Z,CREATE,/testspecials/dir_gamma_163068/dir_echo_659970/dir_cache_507104/dir_archive_409111,foxtrot_log_942786.txt,0x704,INSERT_ROW INSERT_ROW SET_OBJECT,3,34165
702,2026-05-16T16:34:40.351Z,CREATE,/testspecials/dir_gamma_163068/dir_echo_659970/dir_cache_507104/dir_archive_409111/dir_romeo_975581,zulu_foxtrot_691851.log,0x70e,INSERT_ROW INSERT_ROW SET_OBJECT,3,34170
703,,STREAM_UPD,/testspecials/dir_gamma_163068/dir_echo_659970/dir_cache_507104/dir_archive_409111/dir_romeo_975581,,0x70e,DELETE_ROW INSERT_ROW OPEN_TABLE_FROM UPDATE_STREAM ALLOCATE UPDATE_STREAM,6,34171
704,2026-05-16T16:34:40.655Z,CREATE,/testspecials/dir_gamma_163068/dir_echo_659970/dir_cache_507104/dir_archive_409111,symlink_record_329460.lnk,0x704,INSERT_ROW INSERT_ROW SET_OBJECT,3,34178
705,,STREAM_UPD,/testspecials/dir_gamma_163068/dir_echo_659970/dir_cache_507104/dir_yankee_391369/dir_config_947995,,0x71a,DELETE_ROW INSERT_ROW OPEN_TABLE_FROM UPDATE_STREAM ALLOCATE UPDATE_STREAM,6,34180
706,,REPARENT,/testspecials/dir_november_947335,,0x709,DELETE_ROW REPARENT_TABLE INSERT_ROW,3,34181
707,,OP,/testspecials/dir_gamma_163068/dir_echo_659970/dir_cache_507104/dir_india_623599/dir_kilo_929277,,0x708,INSERT_ROW INSERT_ROW INSERT_ROW,3,34183
708,2026-05-16T16:34:41.110Z,CREATE,/testspecials/dir_gamma_163068/dir_echo_659970/dir_cache_507104/dir_tango_400582,symlink_sierra_155354.lnk,0x718,INSERT_ROW INSERT_ROW SET_OBJECT,3,34184
709,,OP,/testspecials/dir_gamma_163068/dir_echo_659970/dir_cache_507104/dir_tango_400582,,0x718,INSERT_ROW INSERT_ROW INSERT_ROW,3,34185
710,2026-05-16T16:34:41.251Z,CREATE,/testspecials/dir_gamma_163068/dir_echo_659970/dir_cache_507104/dir_romeo_851778,symlink_lima_656544.lnk,0x70d,INSERT_ROW INSERT_ROW SET_OBJECT,3,34186
711,2026-05-16T16:34:41.489Z,CREATE,/testspecials/dir_gamma_163068/dir_echo_659970/dir_cache_507104/dir_yankee_391369,symlink_cache_897060.lnk,0x705,INSERT_ROW INSERT_ROW SET_OBJECT,3,34188
712,,OP,/testspecials/dir_gamma_163068/dir_echo_659970/dir_cache_507104/dir_india_623599/dir_index_446416,,0x70b,INSERT_ROW INSERT_ROW INSERT_ROW,3,34190
713,,ALLOCATE,/testspecials/dir_gamma_163068/dir_echo_659970/dir_cache_507104/dir_india_623599,,0x714,ALLOCATE,1,34198
714,2026-05-16T16:34:42.195Z,CREATE,/testspecials/dir_gamma_163068/dir_echo_659970/dir_cache_507104/dir_config_356395/dir_yankee_435831,record_audit_446161.dat,0x71f,INSERT_ROW INSERT_ROW SET_OBJECT,3,34199
715,,STREAM_UPD,/testspecials/dir_gamma_163068/dir_echo_659970/dir_cache_507104/dir_config_356395/dir_yankee_435831,,0x71f,DELETE_ROW INSERT_ROW OPEN_TABLE_FROM UPDATE_STREAM ALLOCATE UPDATE_STREAM,6,34200
716,2026-05-16T16:34:42.277Z,CREATE,/testspecials/dir_gamma_163068/dir_echo_659970/dir_cache_507104/dir_romeo_851778/dir_india_917272,backup_lima_536980.tmp,0x71b,INSERT_ROW INSERT_ROW SET_OBJECT,3,34201
717,,STREAM_UPD,/testspecials/dir_gamma_163068/dir_echo_659970/dir_cache_507104/dir_romeo_851778/dir_india_917272,,0x71b,DELETE_ROW INSERT_ROW OPEN_TABLE_FROM UPDATE_STREAM ALLOCATE UPDATE_STREAM,6,34202
718,2026-05-16T16:34:42.411Z,CREATE,/testspecials/dir_gamma_163068,alpha_tango_859870.md,0x716,INSERT_ROW INSERT_ROW SET_OBJECT,3,34205
719,,OP,/testspecials/dir_gamma_163068/dir_echo_659970/dir_cache_507104/dir_config_356395/dir_echo_285482,,0x70c,INSERT_ROW INSERT_ROW INSERT_ROW,3,34207
720,,ENTRY_REMOVE,/testspecials/dir_gamma_163068/dir_echo_659970/dir_cache_507104/dir_archive_409111,,0x704,DELETE_ROW,1,34209
721,2026-05-16T16:34:42.912Z,CREATE,/testspecials/dir_gamma_163068/dir_echo_659970/dir_cache_507104/dir_yankee_391369/dir_trace_681284,symlink_whiskey_903088.lnk,0x713,INSERT_ROW INSERT_ROW SET_OBJECT,3,34211
722,2026-05-16T16:34:43.069Z,CREATE,/testspecials/dir_gamma_163068/dir_echo_659970/dir_cache_507104,archive_draft_584891.csv,0x703,INSERT_ROW INSERT_ROW SET_OBJECT,3,34213
723,,REPARENT,/testspecials/dir_november_947335,alpha_index_636390.ini,0x709,DELETE_ROW INSERT_ROW REPARENT_TABLE INSERT_ROW,4,34216
724,2026-05-16T16:34:43.629Z,CREATE,/testspecials/dir_november_947335,symlink_data_928538.lnk,0x709,INSERT_ROW INSERT_ROW SET_OBJECT,3,34217
725,,MODIFY,/testspecials/dir_gamma_163068/dir_echo_659970/dir_cache_507104/dir_config_356395/dir_yankee_435831,,0x71f,SET_RANGE_STATE,1,34219
726,2026-05-16T16:34:43.763Z,CREATE,/testspecials/dir_november_947335,symlink_beta_673621.lnk,0x709,INSERT_ROW INSERT_ROW SET_OBJECT,3,34220
727,2026-05-16T16:34:43.944Z,CREATE,/testspecials/dir_gamma_163068/dir_echo_659970/dir_cache_507104/dir_romeo_851778/dir_uniform_978658,dir_uniform_978658,0x725,OPEN_TABLE_FROM SET_OBJECT INSERT_ROW INSERT_ROW INSERT_ROW INSERT_ROW,6,34222
728,,REPARENT,/testspecials/dir_gamma_163068/dir_echo_659970/dir_cache_507104/dir_tango_400582,symlink_data_606708.lnk,0x718,DELETE_ROW INSERT_ROW REPARENT_TABLE INSERT_ROW,4,34223
729,2026-05-16T16:34:44.225Z,CREATE,/testspecials/dir_november_947335/dir_sync_924581/dir_backup_133264,whiskey_gamma_143169.bak,0x71d,INSERT_ROW INSERT_ROW SET_OBJECT,3,34224
730,,STREAM_UPD,/testspecials/dir_november_947335/dir_sync_924581/dir_backup_133264,,0x71d,DELETE_ROW INSERT_ROW OPEN_TABLE_FROM UPDATE_STREAM ALLOCATE UPDATE_STREAM,6,34225
731,,STREAM_UPD,/testspecials/dir_gamma_163068/dir_echo_659970/dir_cache_507104/dir_config_356395/dir_echo_285482,,0x70c,DELETE_ROW INSERT_ROW OPEN_TABLE_FROM UPDATE_STREAM ALLOCATE UPDATE_STREAM,6,34232
732,2026-05-16T16:34:44.479Z,CREATE,/testspecials/dir_gamma_163068/dir_echo_659970/dir_cache_507104/dir_archive_409111/dir_romeo_975581,output_india_449169.md,0x70e,INSERT_ROW INSERT_ROW SET_OBJECT,3,34233
733,2026-05-16T16:34:44.569Z,CREATE,/testspecials/dir_gamma_163068/dir_echo_659970/dir_cache_507104/dir_india_623599/dir_kilo_929277,log_draft_374023.bak,0x708,INSERT_ROW INSERT_ROW SET_OBJECT,3,34235
734,,STREAM_UPD,/testspecials/dir_gamma_163068/dir_echo_659970/dir_cache_507104/dir_india_623599/dir_kilo_929277,,0x708,DELETE_ROW INSERT_ROW OPEN_TABLE_FROM UPDATE_STREAM ALLOCATE UPDATE_STREAM,6,34236
735,2026-05-16T16:34:44.953Z,CREATE,/testspecials/dir_november_947335/dir_sync_924581/dir_backup_133264,echo_backup_486937.cfg,0x71d,INSERT_ROW INSERT_ROW SET_OBJECT,3,34242
736,2026-05-16T16:34:45.134Z,REPARENT,/testspecials/dir_gamma_163068/dir_echo_659970/dir_cache_507104/dir_yankee_391369,,0x705,DELETE_ROW REPARENT_TABLE INSERT_ROW,3,34245
737,,ALLOCATE,/testspecials/dir_gamma_163068/dir_echo_659970/dir_cache_507104/dir_india_623599/dir_kilo_929277,,0x708,ALLOCATE,1,34247
738,2026-05-16T16:34:30.586Z,RENAME,/testspecials/dir_gamma_163068/dir_echo_659970/dir_cache_507104,temp_draft_689123.bak,0x703,DELETE_ROW DELETE_ROW INSERT_ROW INSERT_ROW,4,34248
739,,ENTRY_REMOVE,/testspecials,,0x702,DELETE_ROW,1,34249
740,,MODIFY,/testspecials/dir_gamma_163068/dir_echo_659970/dir_cache_507104/dir_archive_409111/dir_romeo_975581,,0x70e,SET_RANGE_STATE,1,34252
741,2026-05-16T16:34:45.663Z,CREATE,/testspecials/dir_gamma_163068/dir_echo_659970/dir_cache_507104/dir_config_356395,symlink_data_482847.lnk,0x707,INSERT_ROW INSERT_ROW SET_OBJECT,3,34253
742,2026-05-16T16:34:45.943Z,CREATE,/testspecials/dir_gamma_163068/dir_echo_659970/dir_cache_507104/dir_yankee_391369/dir_data_954098,symlink_echo_573674.lnk,0x723,INSERT_ROW INSERT_ROW SET_OBJECT,3,34255
743,,OP,/testspecials/dir_gamma_163068/dir_echo_659970/dir_cache_507104/dir_yankee_391369/dir_data_954098,,0x723,INSERT_ROW INSERT_ROW INSERT_ROW,3,34256
744,2026-05-16T16:34:46.098Z,CREATE,/testspecials/dir_gamma_163068/dir_echo_659970/dir_cache_507104/dir_config_356395,sync_trace_904353.md,0x707,INSERT_ROW INSERT_ROW SET_OBJECT,3,34257
745,,STREAM_UPD,/testspecials/dir_gamma_163068/dir_echo_659970/dir_cache_507104/dir_config_356395,,0x707,DELETE_ROW INSERT_ROW OPEN_TABLE_FROM UPDATE_STREAM ALLOCATE UPDATE_STREAM,6,34259
746,2026-05-16T16:34:46.284Z,CREATE,/testspecials/dir_gamma_163068/dir_echo_659970/dir_cache_507104,draft_draft_385783.xml,0x703,INSERT_ROW INSERT_ROW SET_OBJECT,3,34260
747,,MODIFY,/testspecials/dir_gamma_163068/dir_echo_659970/dir_cache_507104/dir_india_623599/dir_kilo_929277,,0x708,UPDATE_ROW,1,34262
748,,STREAM_UPD,/testspecials/dir_gamma_163068/dir_echo_659970/dir_cache_507104/dir_india_623599/dir_kilo_929277,,0x708,UPDATE_STREAM,1,34263
749,,UPDATE,/testspecials/dir_gamma_163068/dir_echo_659970/dir_cache_507104/dir_india_623599/dir_kilo_929277,hidden_2539,0x708,DELETE_ROW INSERT_ROW,2,34264
750,,UPDATE,/testspecials/dir_gamma_163068/dir_echo_659970/dir_cache_507104/dir_india_623599/dir_kilo_929277,hidden_7956,0x708,DELETE_ROW INSERT_ROW,2,34267
751,2026-05-16T16:34:46.676Z,CREATE,/testspecials/dir_gamma_163068/dir_echo_659970/dir_cache_507104/dir_config_356395,output_whiskey_605768.dat,0x707,INSERT_ROW INSERT_ROW SET_OBJECT,3,34269
752,2026-05-16T16:34:46.965Z,CREATE,/testspecials/dir_gamma_163068/dir_echo_659970/dir_cache_507104/dir_tango_400582,config_november_887191.bin,0x718,INSERT_ROW INSERT_ROW SET_OBJECT,3,34272
753,,STREAM_UPD,/testspecials/dir_gamma_163068/dir_echo_659970/dir_cache_507104/dir_tango_400582,,0x718,DELETE_ROW INSERT_ROW OPEN_TABLE_FROM UPDATE_STREAM ALLOCATE UPDATE_STREAM,6,34273
754,2025-09-17T16:34:45.559Z,MOVE,/testspecials/dir_gamma_163068/dir_echo_659970/dir_cache_507104/dir_archive_409111,hardlink_audit_380444.csv,0x704,DELETE_ROW DELETE_ROW INSERT_ROW INSERT_ROW,4,34275
755,2026-05-16T16:34:47.329Z,CREATE,OID 0x729,dir_delta_665651,0x729,OPEN_TABLE_FROM SET_OBJECT INSERT_ROW INSERT_ROW INSERT_ROW INSERT_ROW,6,34276
756,2026-05-16T16:34:47.481Z,CREATE,/testspecials/dir_gamma_163068/dir_echo_659970/dir_cache_507104/dir_yankee_391369/dir_config_947995,mike_romeo_616983.csv,0x71a,INSERT_ROW INSERT_ROW SET_OBJECT,3,34277
757,,MODIFY,/testspecials/dir_gamma_163068/dir_echo_659970/dir_cache_507104/dir_config_356395,,0x707,SET_RANGE_STATE,1,34280
758,,ENTRY_REMOVE,/testspecials/dir_gamma_163068/dir_echo_659970/dir_cache_507104/dir_yankee_391369,,0x705,DELETE_ROW DELETE_ROW DELETE_ROW,3,34281
759,2026-05-16T16:34:47.966Z,CREATE,/testspecials/dir_gamma_163068/dir_echo_659970/dir_cache_507104/dir_tango_400582,november_trace_309142.xml,0x718,INSERT_ROW INSERT_ROW SET_OBJECT,3,34283
760,2026-05-16T16:34:35.369Z,CREATE,/testspecials/dir_gamma_163068/dir_echo_659970/dir_cache_507104/dir_yankee_391369,hardlink_cache_174893.bin,0x705,INSERT_ROW INSERT_ROW,2,34285
761,,STREAM_UPD,/testspecials,,0x702,DELETE_ROW INSERT_ROW OPEN_TABLE_FROM UPDATE_STREAM ALLOCATE UPDATE_STREAM,6,34288
762,,ALLOCATE,/testspecials,,0x702,ALLOCATE,1,34289
763,2026-05-16T16:34:48.464Z,CREATE,/testspecials/dir_gamma_163068/dir_echo_659970/dir_cache_507104/dir_india_623599/dir_index_446416,trace_archive_590985.json,0x70b,INSERT_ROW INSERT_ROW SET_OBJECT,3,34290
764,2026-05-16T16:34:37.126Z,CREATE,/testspecials,hardlink_alpha_563527.xml,0x702,INSERT_ROW INSERT_ROW,2,34292
765,,OP,/testspecials/dir_gamma_163068/dir_echo_659970/dir_cache_507104/dir_config_356395/dir_yankee_435831,,0x71f,INSERT_ROW INSERT_ROW INSERT_ROW,3,34295
766,2026-05-16T16:34:49.021Z,CREATE,/testspecials/dir_gamma_163068/dir_echo_659970/dir_cache_507104/dir_config_356395/dir_yankee_435831,uniform_config_149232.bin,0x71f,INSERT_ROW INSERT_ROW SET_OBJECT,3,34296
767,2026-05-16T16:34:49.262Z,CREATE,/testspecials/dir_gamma_163068/dir_echo_659970/dir_cache_507104/dir_romeo_851778/dir_india_917272,papa_kilo_757910.json,0x71b,INSERT_ROW INSERT_ROW SET_OBJECT,3,34299
768,,STREAM_UPD,/testspecials/dir_gamma_163068/dir_echo_659970/dir_cache_507104/dir_romeo_851778/dir_india_917272,,0x71b,DELETE_ROW INSERT_ROW OPEN_TABLE_FROM UPDATE_STREAM ALLOCATE UPDATE_STREAM,6,34300
769,,MODIFY,/testspecials/dir_gamma_163068/dir_echo_659970/dir_cache_507104/dir_romeo_851778/dir_india_917272,,0x71b,FREE,1,34302
770,2026-05-16T16:34:49.636Z,CREATE,/testspecials/dir_uniform_544837,dir_uniform_544837,0x72d,OPEN_TABLE_FROM SET_OBJECT INSERT_ROW INSERT_ROW INSERT_ROW INSERT_ROW,6,34306
771,,OP,/testspecials/dir_november_947335/dir_mike_527964,,0x726,INSERT_ROW INSERT_ROW INSERT_ROW,3,34316
772,,DELETE,/testspecials/dir_gamma_163068/dir_echo_659970/dir_cache_507104/dir_india_623599,dir_output_186544,0x714,DELETE_ROW DELETE_ROW DELETE_TABLE DELETE_ROW,4,34318
773,,STREAM_UPD,/testspecials/dir_gamma_163068/dir_echo_659970/dir_cache_507104/dir_india_623599/dir_kilo_929277,,0x708,DELETE_ROW INSERT_ROW OPEN_TABLE_FROM UPDATE_STREAM ALLOCATE UPDATE_STREAM,6,34319
774,,ENTRY_REMOVE,/testspecials/dir_gamma_163068/dir_echo_659970/dir_cache_507104,,0x703,DELETE_ROW,1,34323
775,,STREAM_UPD,/testspecials/dir_gamma_163068/dir_echo_659970/dir_cache_507104/dir_yankee_391369/dir_data_954098,,0x723,DELETE_ROW INSERT_ROW OPEN_TABLE_FROM UPDATE_STREAM ALLOCATE UPDATE_STREAM,6,34324
776,,REPARENT,/testspecials/dir_gamma_163068/dir_echo_659970/dir_cache_507104/dir_config_356395/dir_echo_285482,quebec_data_288311.log,0x70c,DELETE_ROW INSERT_ROW REPARENT_TABLE INSERT_ROW,4,34325
777,2026-05-16T16:34:29.587Z,MOVE,/testspecials,hardlink_beta_300433.lnk,0x702,DELETE_ROW DELETE_ROW INSERT_ROW INSERT_ROW,4,34326
778,2026-05-16T16:34:51.059Z,CREATE,/testspecials/dir_gamma_163068/dir_echo_659970/dir_cache_507104/dir_romeo_851778,symlink_papa_608876.lnk,0x70d,INSERT_ROW INSERT_ROW SET_OBJECT,3,34327
779,,REPARENT,/testspecials/dir_gamma_163068/dir_echo_659970/dir_cache_507104,symlink_quebec_310797.lnk,0x703,DELETE_ROW INSERT_ROW REPARENT_TABLE INSERT_ROW,4,34330
780,2026-05-16T16:34:45.134Z,RENAME,/testspecials/dir_gamma_163068/dir_echo_659970/dir_cache_507104,dir_record_121207,0x703,DELETE_ROW DELETE_ROW INSERT_ROW INSERT_ROW,4,34331
781,,STREAM_UPD,/testspecials/dir_gamma_163068/dir_echo_659970/dir_cache_507104/dir_uniform_329376,,0x727,DELETE_ROW INSERT_ROW OPEN_TABLE_FROM UPDATE_STREAM ALLOCATE UPDATE_STREAM,6,34332
782,,REPARENT,/testspecials/dir_gamma_163068/dir_echo_659970/dir_cache_507104/dir_archive_409111,symlink_yankee_956806.lnk,0x704,DELETE_ROW INSERT_ROW REPARENT_TABLE INSERT_ROW,4,34334
783,2026-05-16T16:34:51.969Z,CREATE,/testspecials/dir_gamma_163068/dir_echo_659970,symlink_report_667855.lnk,0x72b,INSERT_ROW INSERT_ROW SET_OBJECT,3,34335
784,,OP,/testspecials/dir_november_947335/dir_mike_527964,,0x726,INSERT_ROW INSERT_ROW INSERT_ROW,3,34337
785,,ENTRY_REMOVE,/testspecials/dir_gamma_163068/dir_echo_659970/dir_cache_507104/dir_archive_409111,,0x704,DELETE_ROW,1,34338
786,2026-05-16T16:34:52.473Z,CREATE,/testspecials/dir_gamma_163068/dir_echo_659970/dir_cache_507104/dir_archive_409111/dir_romeo_975581,symlink_foxtrot_698630.lnk,0x70e,INSERT_ROW INSERT_ROW SET_OBJECT,3,34339
787,2026-05-16T16:34:52.712Z,CREATE,/testspecials/dir_gamma_163068/dir_echo_659970/dir_cache_507104,trace_delta_680793.cfg,0x703,INSERT_ROW INSERT_ROW SET_OBJECT,3,34341
788,2026-05-16T16:34:53.014Z,CREATE,/testspecials/dir_november_947335/dir_draft_325504,dir_uniform_991925,0x72f,OPEN_TABLE_FROM SET_OBJECT INSERT_ROW INSERT_ROW INSERT_ROW INSERT_ROW,6,34343
789,,ENTRY_REMOVE,/testspecials,,0x702,DELETE_ROW,1,34344
790,,STREAM_UPD,/testspecials/dir_november_947335/dir_india_538407/dir_lima_396840/dir_draft_855171,,0x72e,DELETE_ROW INSERT_ROW OPEN_TABLE_FROM UPDATE_STREAM ALLOCATE UPDATE_STREAM,6,34347
791,2026-05-16T16:34:53.537Z,CREATE,/testspecials/dir_gamma_163068/dir_echo_659970/dir_cache_507104/dir_yankee_391369/dir_config_947995,config_report_163887.csv,0x71a,INSERT_ROW INSERT_ROW SET_OBJECT,3,34349
792,,STREAM_UPD,/testspecials/dir_gamma_163068/dir_echo_659970/dir_cache_507104/dir_yankee_391369/dir_config_947995,,0x71a,UPDATE_STREAM,1,34350
793,2026-05-16T16:34:37.217Z,CREATE,/testspecials/dir_gamma_163068/dir_echo_659970/dir_cache_507104/dir_india_623599/dir_index_446416,hardlink_uniform_333563.lnk,0x70b,INSERT_ROW INSERT_ROW,2,34353
794,,OP,/testspecials/dir_november_947335/dir_sync_924581/dir_backup_133264,,0x71d,INSERT_ROW INSERT_ROW INSERT_ROW,3,34355
795,2026-05-16T16:34:54.392Z,CREATE,/testspecials/dir_november_947335/dir_sync_924581/dir_backup_133264,victor_kilo_536657.dat,0x71d,INSERT_ROW INSERT_ROW SET_OBJECT,3,34357
796,2026-05-16T16:34:31.734Z,CREATE,/testspecials/dir_gamma_163068/dir_echo_659970/dir_cache_507104/dir_archive_409111,hardlink_victor_637607.lnk,0x704,INSERT_ROW INSERT_ROW,2,34359
797,2026-05-16T16:34:55.227Z,CREATE,/testspecials/dir_gamma_163068/dir_echo_659970/dir_cache_507104/dir_india_623599,symlink_lima_816808.lnk,0x714,INSERT_ROW INSERT_ROW SET_OBJECT,3,34361
798,2026-05-16T16:34:55.486Z,CREATE,/testspecials/dir_november_947335/dir_mike_527964,symlink_alpha_330007.lnk,0x726,INSERT_ROW INSERT_ROW SET_OBJECT,3,34363
799,2026-05-16T16:34:55.945Z,CREATE,/testspecials/dir_gamma_163068/dir_echo_659970/dir_cache_507104/dir_archive_409111/dir_romeo_975581,symlink_sierra_999524.lnk,0x70e,INSERT_ROW INSERT_ROW SET_OBJECT,3,34366
800,2026-05-16T16:34:56.232Z,CREATE,/testspecials,hardlink_draft_507334.lnk,0x702,INSERT_ROW INSERT_ROW SET_OBJECT,3,34368
801,,CONTAINER,,,,MOVE_CONTAINER,1,34369
802,2026-05-16T16:34:56.387Z,CREATE,/testspecials/dir_gamma_163068/dir_echo_659970/dir_cache_507104/dir_foxtrot_394781,symlink_sierra_386667.lnk,0x722,INSERT_ROW INSERT_ROW SET_OBJECT,3,34370
803,,OP,/testspecials/dir_gamma_163068/dir_echo_659970/dir_cache_507104/dir_foxtrot_394781,,0x722,INSERT_ROW INSERT_ROW INSERT_ROW,3,34371
804,2026-05-16T16:34:56.484Z,CREATE,/testspecials/dir_gamma_163068/dir_echo_659970/dir_cache_507104/dir_romeo_851778/dir_november_900842,dir_november_900842,0x730,OPEN_TABLE_FROM SET_OBJECT INSERT_ROW INSERT_ROW INSERT_ROW INSERT_ROW,6,34373
805,2026-05-16T16:34:56.656Z,CREATE,/testspecials/dir_gamma_163068/dir_echo_659970/dir_cache_507104/dir_yankee_391369/dir_data_954098,symlink_india_823611.lnk,0x723,INSERT_ROW INSERT_ROW SET_OBJECT,3,34382
806,,OP,/testspecials/dir_gamma_163068/dir_echo_659970/dir_cache_507104/dir_yankee_391369/dir_data_954098,,0x723,INSERT_ROW INSERT_ROW INSERT_ROW,3,34383
807,2026-05-16T16:34:56.756Z,CREATE,/testspecials/dir_november_947335/dir_draft_325504,victor_india_923446.dat,0x72f,INSERT_ROW INSERT_ROW SET_OBJECT,3,34384
808,,STREAM_UPD,/testspecials/dir_november_947335/dir_draft_325504,,0x72f,DELETE_ROW INSERT_ROW OPEN_TABLE_FROM UPDATE_STREAM ALLOCATE UPDATE_STREAM,6,34385
809,2026-05-16T16:34:56.937Z,CREATE,/testspecials/dir_gamma_163068/dir_echo_659970/dir_cache_507104/dir_config_356395/dir_yankee_435831,romeo_tango_661051.md,0x71f,INSERT_ROW INSERT_ROW SET_OBJECT,3,34386
810,,STREAM_UPD,/testspecials/dir_gamma_163068/dir_echo_659970/dir_cache_507104/dir_config_356395/dir_yankee_435831,,0x71f,DELETE_ROW INSERT_ROW OPEN_TABLE_FROM UPDATE_STREAM ALLOCATE UPDATE_STREAM,6,34387
811,2026-05-16T16:34:57.115Z,CREATE,/testspecials/dir_gamma_163068/dir_echo_659970/dir_cache_507104/dir_yankee_391369/dir_config_947995,india_output_623383.csv,0x71a,INSERT_ROW INSERT_ROW SET_OBJECT,3,34389
812,,MODIFY,/testspecials/dir_gamma_163068/dir_echo_659970/dir_cache_507104/dir_yankee_391369/dir_config_947995,,0x71a,UPDATE_ROW,1,34390
813,,STREAM_UPD,/testspecials/dir_gamma_163068/dir_echo_659970/dir_cache_507104/dir_yankee_391369/dir_config_947995,,0x71a,UPDATE_STREAM,1,34391
814,2026-05-16T16:34:49.276Z,MOVE,/testspecials/dir_gamma_163068,dir_india_662792,0x716,DELETE_ROW DELETE_ROW INSERT_ROW INSERT_ROW SET_PARENT_ID,5,34393
815,2026-05-16T16:34:57.660Z,CREATE,OID 0x732,dir_log_538691,0x732,OPEN_TABLE_FROM SET_OBJECT INSERT_ROW INSERT_ROW INSERT_ROW INSERT_ROW,6,34394
816,2026-05-16T16:34:57.759Z,CREATE,OID 0x733,dir_log_996337,0x733,OPEN_TABLE_FROM SET_OBJECT INSERT_ROW INSERT_ROW INSERT_ROW INSERT_ROW,6,34397
817,2026-05-16T16:34:58.092Z,CREATE,/testspecials/dir_november_947335/dir_draft_325504,beta_november_982688.json,0x72f,INSERT_ROW INSERT_ROW SET_OBJECT,3,34398
818,2026-05-16T16:34:58.666Z,CREATE,/testspecials/dir_november_947335/dir_india_538407/dir_lima_396840/dir_draft_855171,symlink_trace_135498.lnk,0x72e,INSERT_ROW INSERT_ROW SET_OBJECT,3,34402
819,,OP,/testspecials/dir_november_947335/dir_india_538407/dir_lima_396840/dir_draft_855171,,0x72e,INSERT_ROW INSERT_ROW INSERT_ROW,3,34403
820,,OP,/testspecials/dir_gamma_163068/dir_echo_659970/dir_cache_507104/dir_india_623599/dir_kilo_929277,,0x708,INSERT_ROW INSERT_ROW INSERT_ROW,3,34405
821,2026-05-16T16:34:42.912Z,CREATE,/testspecials/dir_gamma_163068/dir_echo_659970/dir_cache_507104/dir_yankee_391369/dir_trace_681284,hardlink_output_564816.lnk,0x713,INSERT_ROW INSERT_ROW,2,34408
822,,ENTRY_REMOVE,/testspecials/dir_gamma_163068/dir_echo_659970/dir_cache_507104/dir_uniform_329376,,0x727,DELETE_ROW,1,34411
823,2026-05-16T16:34:59.397Z,CREATE,/testspecials/dir_gamma_163068/dir_echo_659970/dir_cache_507104/dir_romeo_851778,november_output_172167.log,0x70d,INSERT_ROW INSERT_ROW SET_OBJECT,3,34413
824,2026-05-16T16:34:59.796Z,CREATE,/testspecials/dir_gamma_163068,symlink_uniform_983169.lnk,0x716,INSERT_ROW INSERT_ROW SET_OBJECT,3,34416
825,,ENTRY_REMOVE,/testspecials,,0x702,DELETE_ROW,1,34418
826,2026-05-16T16:35:00.201Z,CREATE,OID 0x735,dir_hotel_193604,0x735,OPEN_TABLE_FROM SET_OBJECT INSERT_ROW INSERT_ROW INSERT_ROW INSERT_ROW,6,34419
827,2026-05-16T16:35:00.373Z,CREATE,/testspecials/dir_gamma_163068/dir_echo_659970/dir_cache_507104/dir_config_356395/dir_echo_285482,symlink_oscar_621832.lnk,0x70c,INSERT_ROW INSERT_ROW SET_OBJECT,3,34420
828,,OP,/testspecials/dir_gamma_163068/dir_echo_659970/dir_cache_507104/dir_config_356395/dir_echo_285482,,0x70c,INSERT_ROW INSERT_ROW INSERT_ROW,3,34421
829,2026-05-16T16:35:00.675Z,CREATE,/testspecials/dir_uniform_544837,symlink_config_979911.lnk,0x72d,INSERT_ROW INSERT_ROW SET_OBJECT,3,34422
830,,OP,/testspecials/dir_uniform_544837,,0x72d,INSERT_ROW INSERT_ROW INSERT_ROW,3,34423
831,,STREAM_UPD,/testspecials/dir_gamma_163068/dir_echo_659970/dir_cache_507104/dir_yankee_391369/dir_config_947995,,0x71a,DELETE_ROW INSERT_ROW OPEN_TABLE_FROM UPDATE_STREAM ALLOCATE UPDATE_STREAM,6,34425
832,,STREAM_UPD,/testspecials/dir_gamma_163068/dir_echo_659970/dir_cache_507104/dir_archive_409111,,0x704,DELETE_ROW INSERT_ROW OPEN_TABLE_FROM UPDATE_STREAM ALLOCATE UPDATE_STREAM,6,34427
833,,REPARENT,/testspecials/dir_gamma_163068/dir_echo_659970/dir_cache_507104/dir_config_356395,symlink_data_482847.lnk,0x707,DELETE_ROW INSERT_ROW REPARENT_TABLE INSERT_ROW,4,34428
834,,DELETE,/testspecials/dir_gamma_163068/dir_echo_659970/dir_cache_507104/dir_india_623599,,0x714,DELETE_TABLE DELETE_ROW DELETE_ROW DELETE_TABLE,4,34429
835,,REPARENT,/testspecials/dir_gamma_163068/dir_echo_659970/dir_cache_507104/dir_india_623599/dir_kilo_929277,symlink_zulu_334450.lnk,0x708,DELETE_ROW INSERT_ROW REPARENT_TABLE INSERT_ROW,4,34432
836,2026-05-16T16:35:02.078Z,CREATE,/testspecials/dir_november_947335/dir_mike_527964,papa_romeo_945623.bin,0x726,INSERT_ROW INSERT_ROW SET_OBJECT,3,34433
837,,MODIFY,/testspecials/dir_november_947335/dir_mike_527964,,0x726,UPDATE_ROW,1,34434
838,,ALLOCATE,/testspecials/dir_november_947335/dir_mike_527964,,0x726,FREE ALLOCATE,2,34435
839,2026-05-16T16:34:37.126Z,CREATE,/testspecials,hardlink_audit_765330.xml,0x702,INSERT_ROW INSERT_ROW,2,34438
840,2026-05-16T16:35:02.468Z,CREATE,/testspecials/dir_gamma_163068/dir_echo_659970/dir_cache_507104/dir_romeo_851778/dir_november_900842,symlink_sierra_699196.lnk,0x730,INSERT_ROW INSERT_ROW SET_OBJECT,3,34439
841,2026-05-16T16:35:02.975Z,CREATE,OID 0x736,dir_backup_626138,0x736,OPEN_TABLE_FROM SET_OBJECT INSERT_ROW INSERT_ROW INSERT_ROW INSERT_ROW,6,34442
842,2026-05-16T16:34:58.139Z,RENAME,/testspecials/dir_november_947335,dir_uniform_991925,0x709,DELETE_ROW DELETE_ROW INSERT_ROW INSERT_ROW,4,34444
843,,OP,/testspecials/dir_gamma_163068/dir_echo_659970/dir_cache_507104/dir_romeo_851778,,0x70d,INSERT_ROW INSERT_ROW INSERT_ROW,3,34445
844,,OP,/testspecials/dir_november_947335/dir_sync_924581,,0x719,INSERT_ROW INSERT_ROW INSERT_ROW,3,34447
845,,STREAM_UPD,/testspecials/dir_gamma_163068/dir_echo_659970/dir_cache_507104/dir_yankee_391369/dir_config_947995,,0x71a,DELETE_ROW INSERT_ROW OPEN_TABLE_FROM UPDATE_STREAM ALLOCATE UPDATE_STREAM,6,34449
846,2026-05-16T16:35:04.302Z,CREATE,/testspecials/dir_gamma_163068/dir_echo_659970/dir_cache_507104/dir_romeo_851778/dir_india_917272/dir_kilo_287729,dir_kilo_287729,0x737,OPEN_TABLE_FROM SET_OBJECT INSERT_ROW INSERT_ROW INSERT_ROW INSERT_ROW,6,34450
847,2026-05-16T16:35:04.510Z,CREATE,/testspecials/dir_gamma_163068/dir_echo_659970/dir_cache_507104/dir_beta_159096,dir_quebec_394414,0x738,OPEN_TABLE_FROM SET_OBJECT INSERT_ROW INSERT_ROW INSERT_ROW INSERT_ROW,6,34453
848,2026-05-16T16:35:04.618Z,CREATE,/testspecials/dir_uniform_544837/dir_output_654155,dir_output_654155,0x739,OPEN_TABLE_FROM SET_OBJECT INSERT_ROW INSERT_ROW INSERT_ROW INSERT_ROW,6,34456
849,,ALLOCATE,/testspecials/dir_gamma_163068/dir_echo_659970/dir_cache_507104/dir_config_356395,,0x707,ALLOCATE,1,34462
850,,ALLOCATE,/testspecials/dir_gamma_163068/dir_echo_659970/dir_cache_507104/dir_tango_400582,,0x718,ALLOCATE,1,34463
851,2026-05-16T16:34:31.075Z,RENAME,/testspecials/dir_gamma_163068/dir_echo_659970/dir_cache_507104/dir_india_623599/dir_index_446416,hardlink_backup_382199.lnk,0x70b,DELETE_ROW DELETE_ROW INSERT_ROW INSERT_ROW,4,34466
852,2026-05-16T16:35:05.259Z,CREATE,/testspecials/dir_november_947335/dir_mike_527964,symlink_log_868978.lnk,0x726,INSERT_ROW INSERT_ROW SET_OBJECT,3,34467
853,,MODIFY,/testspecials/dir_gamma_163068/dir_echo_659970/dir_cache_507104/dir_yankee_391369/dir_config_947995,,0x71a,SET_RANGE_STATE,1,34475
854,,MODIFY,/testspecials/dir_gamma_163068/dir_echo_659970/dir_cache_507104/dir_yankee_391369/dir_config_947995,,0x71a,SET_RANGE_STATE,1,34476
855,2026-05-16T16:35:05.834Z,CREATE,/testspecials/dir_november_947335/dir_sync_924581,symlink_backup_314920.lnk,0x719,INSERT_ROW INSERT_ROW SET_OBJECT,3,34477
856,,OP,/testspecials/dir_november_947335/dir_sync_924581,,0x719,INSERT_ROW INSERT_ROW INSERT_ROW,3,34478
857,2026-05-16T16:35:06.538Z,CREATE,/testspecials/dir_gamma_163068/dir_echo_659970/dir_cache_507104/dir_romeo_851778/dir_uniform_978658,symlink_whiskey_463409.lnk,0x725,INSERT_ROW INSERT_ROW SET_OBJECT,3,34481
858,,ENTRY_REMOVE,/testspecials/dir_gamma_163068/dir_echo_659970/dir_cache_507104,,0x703,DELETE_ROW,1,34483
859,,REPARENT,/testspecials/dir_gamma_163068/dir_echo_659970/dir_cache_507104/dir_config_356395/dir_yankee_435831,backup_tango_632724.xml,0x71f,DELETE_ROW INSERT_ROW REPARENT_TABLE INSERT_ROW,4,34484
860,2026-05-16T16:35:07.176Z,CREATE,/testspecials/dir_november_947335/dir_sync_924581/dir_mike_306826,dir_whiskey_376642,0x73b,OPEN_TABLE_FROM SET_OBJECT INSERT_ROW INSERT_ROW INSERT_ROW INSERT_ROW,6,34485
861,2026-05-16T16:35:07.385Z,CREATE,/testspecials,symlink_gamma_119189.lnk,0x702,INSERT_ROW INSERT_ROW SET_OBJECT,3,34486
862,2026-05-16T16:35:07.503Z,CREATE,/testspecials/dir_uniform_544837,victor_tango_199854.bin,0x72d,INSERT_ROW INSERT_ROW SET_OBJECT,3,34488
863,2026-05-16T16:34:59.796Z,CREATE,/testspecials/dir_gamma_163068,hardlink_archive_593670.lnk,0x716,INSERT_ROW INSERT_ROW,2,34490
864,,MODIFY,/testspecials/dir_gamma_163068/dir_echo_659970/dir_cache_507104/dir_india_623599/dir_index_446416,,0x70b,SET_RANGE_STATE SET_RANGE_STATE SET_RANGE_STATE,3,34492
865,,ALLOCATE,/testspecials/dir_gamma_163068/dir_echo_659970/dir_cache_507104/dir_config_356395/dir_echo_285482,,0x70c,ALLOCATE,1,34493
866,2026-05-16T16:35:08.127Z,CREATE,/testspecials/dir_gamma_163068/dir_echo_659970/dir_cache_507104/dir_archive_409111,cache_cache_968991.json,0x704,INSERT_ROW INSERT_ROW SET_OBJECT,3,34494
867,2026-05-16T16:34:33.231Z,CREATE,/testspecials/dir_gamma_163068/dir_echo_659970/dir_cache_507104/dir_india_623599/dir_kilo_929277,hardlink_record_756488.ini,0x708,INSERT_ROW INSERT_ROW,2,34496
868,2026-05-16T16:35:08.543Z,CREATE,/testspecials/dir_gamma_163068/dir_echo_659970/dir_cache_507104/dir_beta_159096,symlink_foxtrot_310495.lnk,0x738,INSERT_ROW INSERT_ROW SET_OBJECT,3,34498
869,,OP,/testspecials/dir_gamma_163068/dir_echo_659970/dir_cache_507104/dir_beta_159096,,0x738,INSERT_ROW INSERT_ROW INSERT_ROW,3,34499
870,2026-05-16T16:35:08.670Z,CREATE,/testspecials/dir_november_947335/dir_mike_527964,archive_hotel_315130.json,0x726,INSERT_ROW INSERT_ROW SET_OBJECT,3,34501
871,,STREAM_UPD,/testspecials/dir_november_947335/dir_draft_325504,,0x72f,DELETE_ROW INSERT_ROW OPEN_TABLE_FROM UPDATE_STREAM ALLOCATE UPDATE_STREAM,6,34503
872,2026-05-16T16:35:09.086Z,CREATE,/testspecials/dir_gamma_163068/dir_echo_659970/dir_cache_507104/dir_india_623599/dir_kilo_929277,quebec_cache_507504.log,0x708,INSERT_ROW INSERT_ROW SET_OBJECT,3,34504
873,,STREAM_UPD,/testspecials/dir_gamma_163068/dir_echo_659970/dir_cache_507104/dir_india_623599/dir_kilo_929277,,0x708,DELETE_ROW INSERT_ROW OPEN_TABLE_FROM UPDATE_STREAM ALLOCATE UPDATE_STREAM,6,34505
874,2026-05-16T16:35:09.192Z,CREATE,/testspecials/dir_november_947335/dir_sync_924581/dir_mike_306826/dir_draft_942345,dir_draft_942345,0x73c,OPEN_TABLE_FROM SET_OBJECT INSERT_ROW INSERT_ROW INSERT_ROW INSERT_ROW,6,34506
875,2026-05-16T16:35:09.320Z,CREATE,/testspecials/dir_november_947335,audit_trace_964546.txt,0x709,INSERT_ROW INSERT_ROW SET_OBJECT,3,34509
876,2026-05-16T16:35:09.460Z,ENTRY_REMOVE,/testspecials/dir_gamma_163068/dir_echo_659970/dir_cache_507104/dir_romeo_851778,,0x70d,DELETE_ROW DELETE_ROW DELETE_ROW,3,34512
877,2026-05-16T16:35:09.584Z,CREATE,/testspecials/dir_uniform_544837/dir_output_654155,draft_output_343220.txt,0x739,INSERT_ROW INSERT_ROW SET_OBJECT,3,34514
878,,OP,/testspecials/dir_gamma_163068/dir_echo_659970/dir_cache_507104/dir_romeo_851778/dir_uniform_978658,,0x725,INSERT_ROW INSERT_ROW INSERT_ROW,3,34519
879,,REPARENT,/testspecials/dir_gamma_163068/dir_echo_659970/dir_cache_507104/dir_india_623599/dir_index_446416,,0x70b,DELETE_ROW REPARENT_TABLE INSERT_ROW,3,34521
880,,STREAM_UPD,/testspecials/dir_gamma_163068/dir_echo_659970/dir_cache_507104/dir_tango_400582,,0x718,DELETE_ROW INSERT_ROW OPEN_TABLE_FROM UPDATE_STREAM ALLOCATE UPDATE_STREAM,6,34522
881,2026-05-16T16:34:42.525Z,CREATE,/testspecials/dir_gamma_163068/dir_echo_659970/dir_cache_507104/dir_config_356395/dir_echo_285482,hardlink_november_479422.lnk,0x70c,INSERT_ROW INSERT_ROW,2,34523
882,2026-05-16T16:35:06.861Z,RENAME,/testspecials/dir_gamma_163068/dir_echo_659970/dir_cache_507104,config_lima_838028.txt,0x703,DELETE_ROW DELETE_ROW INSERT_ROW INSERT_ROW,4,34524
883,2026-05-16T16:35:11.132Z,CREATE,/testspecials,alpha_backup_597620.dat,0x702,INSERT_ROW INSERT_ROW SET_OBJECT,3,34525
884,2026-05-16T16:34:54.734Z,RENAME,/testspecials/dir_gamma_163068/dir_echo_659970/dir_cache_507104,dir_audit_601474,0x703,DELETE_ROW DELETE_ROW INSERT_ROW INSERT_ROW,4,34526
885,,MODIFY,/testspecials/dir_gamma_163068/dir_echo_659970/dir_cache_507104/dir_config_356395/dir_yankee_435831,,0x71f,FREE,1,34528
886,2026-05-16T16:35:11.761Z,CREATE,/testspecials/dir_uniform_544837/dir_output_654155,symlink_draft_438208.lnk,0x739,INSERT_ROW INSERT_ROW SET_OBJECT,3,34529
887,,ENTRY_REMOVE,/testspecials/dir_gamma_163068/dir_echo_659970/dir_cache_507104/dir_romeo_851778/dir_uniform_978658,,0x725,DELETE_ROW,1,34532
888,,REPARENT,/testspecials/dir_gamma_163068/dir_echo_659970/dir_cache_507104/dir_uniform_329376,foxtrot_oscar_943219.log,0x727,DELETE_ROW INSERT_ROW REPARENT_TABLE INSERT_ROW,4,34533
889,2026-05-16T16:35:12.498Z,CREATE,/testspecials/dir_gamma_163068/dir_echo_659970/dir_cache_507104/dir_archive_409111/dir_romeo_975581/dir_victor_221565,dir_victor_221565,0x73e,OPEN_TABLE_FROM SET_OBJECT INSERT_ROW INSERT_ROW INSERT_ROW INSERT_ROW,6,34534
890,2026-05-16T16:35:12.624Z,CREATE,/testspecials/dir_gamma_163068/dir_alpha_598099/dir_trace_251622,dir_trace_251622,0x73f,OPEN_TABLE_FROM SET_OBJECT INSERT_ROW INSERT_ROW INSERT_ROW INSERT_ROW,6,34535
891,2026-05-16T16:34:30.916Z,MOVE,/testspecials/dir_gamma_163068/dir_echo_659970/dir_cache_507104/dir_archive_409111/dir_romeo_975581,symlink_india_845383.lnk,0x70e,DELETE_ROW DELETE_ROW INSERT_ROW INSERT_ROW,4,34537
892,2026-05-16T16:35:12.980Z,CREATE,/testspecials/dir_gamma_163068/dir_echo_659970/dir_cache_507104/dir_archive_409111,foxtrot_hotel_894969.txt,0x704,INSERT_ROW INSERT_ROW SET_OBJECT,3,34538
893,2026-05-16T16:35:13.302Z,CREATE,/testspecials/dir_november_947335/dir_draft_325504,temp_mike_632425.xml,0x72f,INSERT_ROW INSERT_ROW SET_OBJECT,3,34540
894,2026-05-16T16:35:13.617Z,CREATE,/testspecials/dir_november_947335/dir_sync_924581/dir_mike_306826,archive_draft_740308.cfg,0x73b,INSERT_ROW INSERT_ROW SET_OBJECT,3,34542
895,2026-05-16T16:35:14.276Z,CREATE,/testspecials/dir_gamma_163068/dir_echo_659970/dir_cache_507104/dir_beta_159096,symlink_beta_527893.lnk,0x738,INSERT_ROW INSERT_ROW SET_OBJECT,3,34547
896,2026-05-16T16:35:14.707Z,CREATE,/testspecials/dir_november_947335/dir_india_538407/dir_lima_396840/dir_draft_855171,symlink_victor_323436.lnk,0x72e,INSERT_ROW INSERT_ROW SET_OBJECT,3,34549
897,2026-05-16T16:34:37.429Z,CREATE,/testspecials/dir_november_947335,hardlink_trace_748877.ini,0x709,INSERT_ROW INSERT_ROW,2,34551
898,2026-05-16T16:35:15.249Z,CREATE,/testspecials,symlink_quebec_150555.lnk,0x702,INSERT_ROW INSERT_ROW SET_OBJECT,3,34552
899,,OP,/testspecials/dir_gamma_163068/dir_alpha_598099/dir_trace_251622,,0x73f,INSERT_ROW INSERT_ROW INSERT_ROW,3,34554
900,2026-05-16T16:35:15.567Z,CREATE,/testspecials/dir_november_947335/dir_india_538407,dir_india_538407,0x740,OPEN_TABLE_FROM SET_OBJECT INSERT_ROW INSERT_ROW INSERT_ROW INSERT_ROW,6,34555
901,2026-05-16T16:35:15.779Z,CREATE,/testspecials/dir_gamma_163068/dir_echo_659970/dir_cache_507104/dir_tango_400582,symlink_sync_910036.lnk,0x718,INSERT_ROW INSERT_ROW SET_OBJECT,3,34556
902,,OP,/testspecials/dir_gamma_163068/dir_echo_659970/dir_cache_507104/dir_romeo_851778/dir_india_917272,,0x71b,INSERT_ROW INSERT_ROW INSERT_ROW,3,34558
903,,REPARENT,/testspecials,hardlink_yankee_419979.dat,0x702,DELETE_ROW INSERT_ROW REPARENT_TABLE INSERT_ROW,4,34560
904,2026-05-16T16:35:16.645Z,CREATE,/testspecials/dir_gamma_163068/dir_echo_659970/dir_cache_507104/dir_config_356395,symlink_zulu_160840.lnk,0x707,INSERT_ROW INSERT_ROW SET_OBJECT,3,34561
905,2026-05-16T16:35:10.169Z,CREATE,/testspecials,hardlink_november_224111.csv,0x702,INSERT_ROW INSERT_ROW,2,34565
906,,STREAM_UPD,/testspecials/dir_november_947335/dir_sync_924581/dir_mike_306826,,0x73b,DELETE_ROW INSERT_ROW OPEN_TABLE_FROM UPDATE_STREAM ALLOCATE UPDATE_STREAM,6,34569
907,,ENTRY_REMOVE,/testspecials/dir_gamma_163068/dir_echo_659970/dir_cache_507104/dir_archive_409111,,0x704,DELETE_ROW,1,34570
908,,STREAM_UPD,/testspecials/dir_gamma_163068,,0x716,DELETE_ROW INSERT_ROW OPEN_TABLE_FROM UPDATE_STREAM ALLOCATE UPDATE_STREAM,6,34571
909,2026-05-16T16:35:10.169Z,CREATE,/testspecials,hardlink_foxtrot_662061.csv,0x702,INSERT_ROW INSERT_ROW,2,34572
910,2026-05-16T16:35:18.800Z,CREATE,/testspecials/dir_gamma_163068/dir_echo_659970/dir_cache_507104/dir_archive_409111,symlink_lima_478054.lnk,0x704,INSERT_ROW INSERT_ROW SET_OBJECT,3,34573
911,,ENTRY_REMOVE,/testspecials,,0x702,DELETE_ROW,1,34576
912,,OP,/testspecials/dir_gamma_163068/dir_echo_659970/dir_cache_507104/dir_yankee_391369/dir_data_954098,,0x723,INSERT_ROW INSERT_ROW INSERT_ROW,3,34577
913,2026-05-16T16:35:19.634Z,CREATE,/testspecials/dir_uniform_544837/dir_cache_866824,dir_config_731540,0x742,OPEN_TABLE_FROM SET_OBJECT INSERT_ROW INSERT_ROW INSERT_ROW INSERT_ROW,6,34578
914,,DELETE,/testspecials/dir_gamma_163068/dir_echo_659970/dir_cache_507104/dir_india_623599/dir_index_446416,,0x70b,DELETE_TABLE DELETE_ROW DELETE_ROW DELETE_TABLE,4,34579
915,2026-05-16T16:35:20.169Z,CREATE,/testspecials/dir_gamma_163068/dir_echo_659970/dir_cache_507104/dir_yankee_391369/dir_data_954098,zulu_draft_401185.xml,0x723,INSERT_ROW INSERT_ROW SET_OBJECT,3,34580
916,2026-05-16T16:34:27.346Z,CREATE,/testspecials/dir_gamma_163068/dir_echo_659970/dir_cache_507104/dir_yankee_391369,hardlink_whiskey_293225.lnk,0x705,INSERT_ROW INSERT_ROW,2,34582
917,2026-05-16T16:35:20.638Z,CREATE,/testspecials/dir_november_947335/dir_sync_924581/dir_backup_133264,mike_romeo_954357.lnk,0x71d,INSERT_ROW INSERT_ROW SET_OBJECT,3,34588
918,2026-05-16T16:34:33.103Z,MOVE,/testspecials/dir_gamma_163068/dir_echo_659970/dir_cache_507104/dir_config_356395/dir_echo_285482,quebec_data_288311.log,0x70c,DELETE_ROW DELETE_ROW INSERT_ROW INSERT_ROW,4,34594
919,,MODIFY,/testspecials/dir_gamma_163068,,0x716,SET_RANGE_STATE,1,34601
920,2026-05-16T16:35:21.002Z,CREATE,/testspecials/dir_gamma_163068/dir_alpha_598099/dir_trace_251622,output_output_446310.cfg,0x73f,INSERT_ROW INSERT_ROW SET_OBJECT,3,34602
921,,STREAM_UPD,/testspecials/dir_gamma_163068/dir_alpha_598099/dir_trace_251622,,0x73f,DELETE_ROW INSERT_ROW OPEN_TABLE_FROM UPDATE_STREAM ALLOCATE UPDATE_STREAM,6,34603
922,,DELETE,/testspecials/dir_gamma_163068/dir_echo_659970/dir_cache_507104/dir_yankee_391369/dir_trace_681284,dir_output_945206,0x713,DELETE_ROW DELETE_ROW DELETE_TABLE DELETE_ROW,4,34605
923,2026-05-16T16:35:09.098Z,MOVE,/testspecials,dir_draft_727484,0x702,DELETE_ROW DELETE_ROW INSERT_ROW INSERT_ROW SET_PARENT_ID,5,34607
924,,STREAM_UPD,/testspecials/dir_gamma_163068/dir_echo_659970/dir_cache_507104/dir_yankee_391369,,0x705,DELETE_ROW INSERT_ROW OPEN_TABLE_FROM UPDATE_STREAM ALLOCATE UPDATE_STREAM,6,34609
925,2026-05-16T16:34:58.092Z,CREATE,/testspecials/dir_november_947335/dir_draft_325504,hardlink_backup_970136.json,0x72f,INSERT_ROW INSERT_ROW,2,34611
926,,OP,/testspecials/dir_november_947335/dir_sync_924581/dir_echo_116967,,0x743,INSERT_ROW INSERT_ROW INSERT_ROW,3,34615
927,2026-05-16T16:35:23.568Z,CREATE,/testspecials/dir_november_947335/dir_india_538407/dir_lima_396840/dir_draft_855171,config_victor_505429.ini,0x72e,INSERT_ROW INSERT_ROW SET_OBJECT,3,34616
928,,STREAM_UPD,/testspecials/dir_november_947335/dir_india_538407/dir_lima_396840/dir_draft_855171,,0x72e,DELETE_ROW INSERT_ROW OPEN_TABLE_FROM UPDATE_STREAM ALLOCATE UPDATE_STREAM,6,34617
929,2026-05-16T16:34:28.026Z,CREATE,/testspecials/dir_gamma_163068/dir_echo_659970/dir_cache_507104/dir_india_623599/dir_kilo_929277,hardlink_india_683240.lnk,0x708,INSERT_ROW INSERT_ROW,2,34619
930,,ENTRY_REMOVE,/testspecials/dir_gamma_163068/dir_echo_659970/dir_cache_507104/dir_romeo_851778/dir_uniform_978658,,0x725,DELETE_ROW DELETE_ROW DELETE_ROW,3,34620
931,,STREAM_UPD,/testspecials/dir_november_947335/dir_draft_325504,,0x72f,DELETE_ROW INSERT_ROW OPEN_TABLE_FROM UPDATE_STREAM ALLOCATE UPDATE_STREAM,6,34621
932,,STREAM_UPD,/testspecials/dir_gamma_163068/dir_echo_659970/dir_cache_507104/dir_archive_409111,,0x704,DELETE_ROW INSERT_ROW OPEN_TABLE_FROM UPDATE_STREAM ALLOCATE UPDATE_STREAM,6,34623
933,2026-05-16T16:35:24.977Z,CREATE,/testspecials/dir_november_947335/dir_india_538407/dir_lima_396840/dir_draft_855171,symlink_trace_651220.lnk,0x72e,INSERT_ROW INSERT_ROW SET_OBJECT,3,34625
934,,ENTRY_REMOVE,/testspecials/dir_gamma_163068/dir_echo_659970/dir_cache_507104/dir_yankee_391369/dir_data_954098,,0x723,DELETE_ROW,1,34628
935,2026-05-16T16:34:27.877Z,CREATE,/testspecials/dir_gamma_163068/dir_echo_659970/dir_cache_507104/dir_config_356395,hardlink_data_978230.lnk,0x707,INSERT_ROW INSERT_ROW,2,34629
936,2026-05-16T16:35:25.904Z,CREATE,/testspecials/dir_gamma_163068/dir_echo_659970/dir_cache_507104/dir_india_623599/dir_hotel_164946,dir_hotel_164946,0x744,OPEN_TABLE_FROM SET_OBJECT INSERT_ROW INSERT_ROW INSERT_ROW INSERT_ROW,6,34630
937,2026-05-16T16:35:26.154Z,CREATE,/testspecials/dir_uniform_544837/dir_cache_866824,symlink_romeo_182068.lnk,0x742,INSERT_ROW INSERT_ROW SET_OBJECT,3,34631
938,,OP,/testspecials/dir_uniform_544837/dir_cache_866824,,0x742,INSERT_ROW INSERT_ROW INSERT_ROW,3,34632
939,,DELETE,/testspecials/dir_gamma_163068/dir_echo_659970/dir_cache_507104/dir_india_623599/dir_kilo_929277,dir_delta_665651,0x708,DELETE_ROW DELETE_ROW DELETE_TABLE DELETE_ROW,4,34634
940,2026-05-16T16:35:26.587Z,CREATE,/testspecials/dir_uniform_544837/dir_output_654155,november_sierra_162462.tmp,0x739,INSERT_ROW INSERT_ROW SET_OBJECT,3,34636
941,,MODIFY,/testspecials/dir_uniform_544837/dir_output_654155,,0x739,UPDATE_ROW,1,34637
942,,ALLOCATE,/testspecials/dir_uniform_544837/dir_output_654155,,0x739,FREE ALLOCATE,2,34638
943,,UPDATE,/testspecials/dir_uniform_544837/dir_output_654155,hidden_5587,0x739,DELETE_ROW INSERT_ROW,2,34640
944,,UPDATE,/testspecials/dir_uniform_544837/dir_output_654155,hidden_6391,0x739,DELETE_ROW INSERT_ROW,2,34641
945,,UPDATE,/testspecials/dir_uniform_544837/dir_output_654155,hidden_8219,0x739,DELETE_ROW INSERT_ROW,2,34642
946,2026-05-16T16:35:27.681Z,CREATE,/testspecials/dir_uniform_544837/dir_output_654155,symlink_audit_275806.lnk,0x739,INSERT_ROW INSERT_ROW SET_OBJECT,3,34645
947,2026-05-16T16:35:28.070Z,CREATE,/testspecials,gamma_audit_991593.md,0x702,INSERT_ROW INSERT_ROW SET_OBJECT,3,34647
948,,REPARENT,/testspecials/dir_gamma_163068/dir_echo_659970/dir_cache_507104/dir_foxtrot_394781,symlink_sierra_386667.lnk,0x722,DELETE_ROW INSERT_ROW REPARENT_TABLE INSERT_ROW,4,34651
949,2026-05-16T16:35:28.724Z,CREATE,/testspecials/dir_november_947335/dir_india_538407/dir_lima_396840/dir_draft_855171/dir_report_943963,victor_beta_808677.md,0x746,INSERT_ROW INSERT_ROW SET_OBJECT,3,34652
950,,OP,/testspecials/dir_gamma_163068/dir_echo_659970/dir_cache_507104/dir_foxtrot_394781,,0x722,INSERT_ROW INSERT_ROW INSERT_ROW,3,34654
951,,MODIFY,/testspecials/dir_november_947335/dir_india_538407/dir_lima_396840/dir_draft_855171/dir_report_943963,,0x746,SET_RANGE_STATE,1,34656
952,,OP,/testspecials/dir_november_947335/dir_mike_527964,,0x726,INSERT_ROW INSERT_ROW INSERT_ROW,3,34658
953,,OP,/testspecials/dir_gamma_163068/dir_echo_659970/dir_cache_507104/dir_tango_400582/dir_delta_350531,,0x741,INSERT_ROW INSERT_ROW INSERT_ROW,3,34661
954,,STREAM_UPD,/testspecials/dir_gamma_163068/dir_echo_659970/dir_cache_507104/dir_yankee_391369/dir_data_954098,,0x723,DELETE_ROW INSERT_ROW OPEN_TABLE_FROM UPDATE_STREAM ALLOCATE UPDATE_STREAM,6,34664
955,,ENTRY_REMOVE,/testspecials/dir_november_947335,,0x709,DELETE_ROW,1,34665
956,2026-05-16T16:35:31.223Z,CREATE,/testspecials/dir_gamma_163068/dir_echo_659970/dir_cache_507104/dir_yankee_391369/dir_data_954098,symlink_november_522467.lnk,0x723,INSERT_ROW INSERT_ROW SET_OBJECT,3,34667
957,2026-05-16T16:35:31.476Z,CREATE,/testspecials/dir_gamma_163068/dir_echo_659970/dir_cache_507104/dir_config_356395/dir_echo_285482,config_config_538435.csv,0x70c,INSERT_ROW INSERT_ROW SET_OBJECT,3,34669
958,2026-05-16T16:35:32.347Z,CREATE,/testspecials/dir_gamma_163068/dir_echo_659970/dir_cache_507104/dir_foxtrot_394781,symlink_kilo_641971.lnk,0x722,INSERT_ROW INSERT_ROW SET_OBJECT,3,34672
959,,CONTAINER,,,,MOVE_CONTAINER,1,34674
960,,ENTRY_REMOVE,/testspecials/dir_gamma_163068/dir_echo_659970/dir_cache_507104/dir_archive_409111,,0x704,DELETE_ROW,1,34679
961,,STREAM_UPD,/testspecials/dir_gamma_163068/dir_echo_659970/dir_cache_507104/dir_yankee_391369/dir_data_954098,,0x723,DELETE_ROW INSERT_ROW OPEN_TABLE_FROM UPDATE_STREAM ALLOCATE UPDATE_STREAM,6,34680
962,,MODIFY,/testspecials/dir_gamma_163068/dir_echo_659970/dir_cache_507104/dir_config_356395/dir_echo_285482,,0x70c,SET_RANGE_STATE,1,34684
963,2026-05-16T16:35:33.300Z,CREATE,/testspecials/dir_november_947335/dir_india_538407/dir_lima_396840/dir_draft_855171,symlink_uniform_733669.lnk,0x72e,INSERT_ROW INSERT_ROW SET_OBJECT,3,34685
964,,OP,/testspecials/dir_november_947335/dir_india_538407/dir_lima_396840/dir_draft_855171,,0x72e,INSERT_ROW INSERT_ROW INSERT_ROW,3,34686
965,2026-05-16T16:35:33.450Z,CREATE,/testspecials/dir_gamma_163068/dir_echo_659970/dir_cache_507104/dir_tango_400582/dir_cache_441292,dir_cache_441292,0x749,OPEN_TABLE_FROM SET_OBJECT INSERT_ROW INSERT_ROW INSERT_ROW INSERT_ROW,6,34687
966,2026-05-16T16:35:33.762Z,CREATE,/testspecials/dir_november_947335/dir_oscar_742900,dir_oscar_742900,0x74b,OPEN_TABLE_FROM SET_OBJECT INSERT_ROW INSERT_ROW INSERT_ROW INSERT_ROW,6,34690
967,2026-05-16T16:35:33.916Z,CREATE,/testspecials/dir_november_947335/dir_india_538407/dir_lima_396840,dir_lima_396840,0x74c,OPEN_TABLE_FROM SET_OBJECT INSERT_ROW INSERT_ROW INSERT_ROW INSERT_ROW,6,34691
968,,ALLOCATE,/testspecials/dir_november_947335/dir_oscar_742900,,0x74b,ALLOCATE,1,34694
969,,STREAM_UPD,/testspecials/dir_november_947335/dir_india_538407/dir_lima_396840/dir_draft_855171,,0x72e,DELETE_ROW INSERT_ROW OPEN_TABLE_FROM UPDATE_STREAM ALLOCATE UPDATE_STREAM,6,34697
970,2026-05-16T16:35:11.224Z,MOVE,/testspecials,dir_lima_342873,0x702,DELETE_ROW DELETE_ROW INSERT_ROW INSERT_ROW SET_PARENT_ID,5,34698
971,,OP,/testspecials/dir_gamma_163068/dir_echo_659970/dir_cache_507104,,0x703,INSERT_ROW INSERT_ROW INSERT_ROW,3,34701
972,2026-05-16T16:35:35.151Z,CREATE,/testspecials/dir_gamma_163068/dir_echo_659970/dir_cache_507104/dir_log_385745,dir_log_385745,0x74d,OPEN_TABLE_FROM SET_OBJECT INSERT_ROW INSERT_ROW INSERT_ROW INSERT_ROW,6,34703
973,,DELETE,/testspecials,,0x702,DELETE_TABLE DELETE_ROW DELETE_ROW DELETE_TABLE,4,34704
974,,OP,/testspecials/dir_uniform_544837,,0x72d,INSERT_ROW INSERT_ROW INSERT_ROW,3,34705
975,2026-05-16T16:35:36.451Z,CREATE,/testspecials/dir_november_947335/dir_india_538407/dir_lima_396840/dir_draft_855171/dir_lima_128289,whiskey_delta_401155.lnk,0x74a,INSERT_ROW INSERT_ROW SET_OBJECT,3,34709
976,,STREAM_UPD,/testspecials/dir_november_947335/dir_india_538407/dir_lima_396840/dir_draft_855171/dir_lima_128289,,0x74a,UPDATE_STREAM,1,34710
977,,UPDATE,/testspecials/dir_november_947335/dir_india_538407/dir_lima_396840/dir_draft_855171/dir_lima_128289,hidden_7131,0x74a,DELETE_ROW INSERT_ROW,2,34711
978,,ENTRY_REMOVE,/testspecials/dir_gamma_163068,,0x716,DELETE_ROW,1,34713
979,2026-05-16T16:35:34.244Z,CREATE,/testspecials/dir_gamma_163068/dir_echo_659970/dir_cache_507104/dir_india_623599/dir_kilo_929277,hardlink_echo_843063.ini,0x708,INSERT_ROW INSERT_ROW,2,34717
980,,MODIFY,/testspecials/dir_gamma_163068/dir_echo_659970/dir_cache_507104/dir_india_623599/dir_kilo_929277,,0x708,FREE,1,34719
981,,STREAM_UPD,/testspecials/dir_november_947335/dir_sync_924581/dir_mike_306826,,0x73b,DELETE_ROW INSERT_ROW OPEN_TABLE_FROM UPDATE_STREAM ALLOCATE UPDATE_STREAM,6,34721
982,,ALLOCATE,/testspecials/dir_gamma_163068/dir_echo_659970/dir_cache_507104,,0x703,ALLOCATE,1,34722
983,2026-05-16T16:35:38.888Z,CREATE,/testspecials/dir_november_947335/dir_sync_924581/dir_mike_306826/dir_echo_587644,dir_echo_587644,0x750,OPEN_TABLE_FROM SET_OBJECT INSERT_ROW INSERT_ROW INSERT_ROW INSERT_ROW,6,34724
984,2026-05-16T16:35:39.047Z,CREATE,/testspecials/dir_gamma_163068/dir_echo_659970/dir_quebec_876879,dir_quebec_876879,0x751,OPEN_TABLE_FROM SET_OBJECT INSERT_ROW INSERT_ROW INSERT_ROW INSERT_ROW,6,34725
985,,MODIFY,/testspecials/dir_november_947335/dir_sync_924581/dir_mike_306826,,0x73b,SET_RANGE_STATE,1,34726
986,,UPDATE,/testspecials/dir_november_947335/dir_draft_325504,hidden_3867,0x72f,DELETE_ROW INSERT_ROW,2,34727
987,,STREAM_UPD,/testspecials/dir_gamma_163068/dir_echo_659970/dir_cache_507104,,0x703,DELETE_ROW INSERT_ROW OPEN_TABLE_FROM UPDATE_STREAM ALLOCATE UPDATE_STREAM,6,34729
988,2026-05-16T16:35:39.968Z,CREATE,/testspecials/dir_november_947335/dir_india_538407,record_kilo_373428.tmp,0x740,INSERT_ROW INSERT_ROW SET_OBJECT,3,34730
989,,OP,/testspecials/dir_november_947335/dir_sync_924581/dir_mike_306826,,0x73b,INSERT_ROW INSERT_ROW INSERT_ROW,3,34732
990,2026-05-16T16:34:28.026Z,CREATE,/testspecials/dir_gamma_163068/dir_echo_659970/dir_cache_507104/dir_india_623599/dir_kilo_929277,hardlink_oscar_615892.lnk,0x708,INSERT_ROW INSERT_ROW,2,34733
991,2026-05-16T16:35:40.720Z,CREATE,/testspecials/dir_gamma_163068/dir_alpha_598099,india_audit_205210.dat,0x734,INSERT_ROW INSERT_ROW SET_OBJECT,3,34735
992,,STREAM_UPD,/testspecials/dir_gamma_163068/dir_alpha_598099,,0x734,DELETE_ROW INSERT_ROW OPEN_TABLE_FROM UPDATE_STREAM ALLOCATE UPDATE_STREAM,6,34736
993,2026-05-16T16:35:40.893Z,CREATE,/testspecials/dir_uniform_544837/dir_cache_866824/dir_quebec_590081,dir_beta_178410,0x753,OPEN_TABLE_FROM SET_OBJECT INSERT_ROW INSERT_ROW INSERT_ROW INSERT_ROW,6,34737
994,,MODIFY,/testspecials/dir_gamma_163068/dir_echo_659970/dir_cache_507104/dir_india_623599/dir_index_446416,,0x70b,SET_RANGE_STATE,1,34741
995,,MODIFY,/testspecials/dir_gamma_163068/dir_echo_659970/dir_cache_507104/dir_uniform_329376,,0x727,SET_RANGE_STATE,1,34743
996,,MODIFY,/testspecials/dir_gamma_163068/dir_alpha_598099,,0x734,SET_RANGE_STATE,1,34745
997,2026-05-16T16:35:41.206Z,CREATE,/testspecials/dir_november_947335/dir_sync_924581/dir_backup_133264,record_audit_213236.ini,0x71d,INSERT_ROW INSERT_ROW SET_OBJECT,3,34747
998,,STREAM_UPD,/testspecials/dir_november_947335/dir_sync_924581/dir_backup_133264,,0x71d,UPDATE_STREAM,1,34748
999,2026-05-16T16:35:41.375Z,CREATE,/testspecials/dir_november_947335/dir_sync_924581,cache_beta_965254.ini,0x719,INSERT_ROW INSERT_ROW SET_OBJECT,3,34749
1000,,MODIFY,/testspecials,,0x702,UPDATE_ROW,1,34751
1001,,STREAM_UPD,/testspecials,,0x702,UPDATE_STREAM,1,34752
1002,2026-05-16T16:35:41.934Z,CREATE,/testspecials/dir_november_947335/dir_india_538407/dir_lima_396840,symlink_gamma_930329.lnk,0x74c,INSERT_ROW INSERT_ROW SET_OBJECT,3,34753
1003,,OP,/testspecials/dir_november_947335/dir_india_538407/dir_lima_396840,,0x74c,INSERT_ROW INSERT_ROW INSERT_ROW,3,34754
1004,,OP,/testspecials,,0x702,INSERT_ROW INSERT_ROW INSERT_ROW,3,34756
1005,2026-05-16T16:34:51.969Z,CREATE,/testspecials/dir_gamma_163068/dir_echo_659970,hardlink_cache_439955.lnk,0x72b,INSERT_ROW INSERT_ROW,2,34757
1006,2026-05-16T16:34:37.993Z,CREATE,/testspecials/dir_gamma_163068/dir_echo_659970/dir_cache_507104/dir_india_623599,hardlink_temp_990607.lnk,0x714,INSERT_ROW INSERT_ROW,2,34760
1007,,OP,/testspecials/dir_november_947335/dir_sync_924581,,0x719,INSERT_ROW INSERT_ROW INSERT_ROW,3,34763
1008,2026-05-16T16:35:43.635Z,CREATE,/testspecials/dir_november_947335/dir_draft_325504,symlink_victor_626456.lnk,0x72f,INSERT_ROW INSERT_ROW SET_OBJECT,3,34764
1009,,OP,/testspecials/dir_november_947335/dir_india_538407/dir_lima_396840,,0x74c,INSERT_ROW INSERT_ROW INSERT_ROW,3,34766
1010,2026-05-16T16:35:44.186Z,CREATE,/testspecials/dir_gamma_163068/dir_alpha_598099,oscar_data_303946.bin,0x734,INSERT_ROW INSERT_ROW SET_OBJECT,3,34767
1011,,ALLOCATE,/testspecials/dir_november_947335/dir_india_538407/dir_lima_396840,,0x74c,ALLOCATE,1,34770
1012,2026-05-16T16:35:44.930Z,CREATE,/testspecials/dir_gamma_163068/dir_echo_659970/dir_quebec_876879,romeo_echo_626223.xml,0x751,INSERT_ROW INSERT_ROW SET_OBJECT,3,34771
1013,,STREAM_UPD,/testspecials/dir_gamma_163068/dir_echo_659970/dir_quebec_876879,,0x751,DELETE_ROW INSERT_ROW OPEN_TABLE_FROM UPDATE_STREAM ALLOCATE UPDATE_STREAM,6,34772
1014,2026-05-16T16:35:45.213Z,CREATE,/testspecials/dir_november_947335/dir_india_538407,archive_kilo_848463.txt,0x740,INSERT_ROW INSERT_ROW SET_OBJECT,3,34774
1015,,OP,/testspecials/dir_november_947335/dir_india_538407,,0x740,INSERT_ROW INSERT_ROW INSERT_ROW,3,34776
1016,2026-05-16T16:35:46.080Z,CREATE,/testspecials/dir_gamma_163068/dir_echo_659970/dir_data_619360,dir_output_695205,0x755,OPEN_TABLE_FROM SET_OBJECT INSERT_ROW INSERT_ROW INSERT_ROW INSERT_ROW,6,34778
1017,,REPARENT,/testspecials/dir_gamma_163068/dir_echo_659970/dir_cache_507104/dir_romeo_851778/dir_india_917272,papa_kilo_757910.json,0x71b,DELETE_ROW INSERT_ROW REPARENT_TABLE INSERT_ROW,4,34779
1018,2026-05-16T16:35:37.178Z,RENAME,/testspecials/dir_gamma_163068/dir_echo_659970/dir_cache_507104/dir_india_623599,hardlink_draft_866254.txt,0x714,DELETE_ROW DELETE_ROW INSERT_ROW INSERT_ROW,4,34780
1019,2026-05-16T16:35:46.694Z,CREATE,/testspecials/dir_uniform_544837/dir_output_654155/dir_config_531397,dir_oscar_225098,0x756,OPEN_TABLE_FROM SET_OBJECT INSERT_ROW INSERT_ROW INSERT_ROW INSERT_ROW,6,34781
1020,2026-05-16T16:34:45.663Z,CREATE,/testspecials/dir_gamma_163068/dir_echo_659970/dir_cache_507104/dir_config_356395,hardlink_whiskey_413133.lnk,0x707,INSERT_ROW INSERT_ROW,2,34782
1021,2026-05-16T16:34:29.587Z,CREATE,/testspecials/dir_gamma_163068/dir_echo_659970/dir_cache_507104/dir_archive_409111/dir_romeo_975581,hardlink_cache_295664.lnk,0x70e,INSERT_ROW INSERT_ROW,2,34783
1022,2026-05-16T16:35:47.789Z,CREATE,/testspecials/dir_november_947335,trace_report_277987.json,0x709,INSERT_ROW INSERT_ROW SET_OBJECT,3,34785
1023,2026-05-16T16:34:27.346Z,CREATE,/testspecials/dir_gamma_163068/dir_echo_659970/dir_cache_507104/dir_yankee_391369,hardlink_uniform_498755.lnk,0x705,INSERT_ROW INSERT_ROW,2,34786
1024,2026-05-16T16:35:48.637Z,CREATE,/testspecials/dir_uniform_544837/dir_output_654155,symlink_oscar_877689.lnk,0x739,INSERT_ROW INSERT_ROW SET_OBJECT,3,34791
1025,2026-05-16T16:35:49.325Z,CREATE,/testspecials/dir_uniform_544837,symlink_zulu_693202.lnk,0x72d,INSERT_ROW INSERT_ROW SET_OBJECT,3,34797
1026,,OP,/testspecials/dir_november_947335,,0x709,INSERT_ROW INSERT_ROW INSERT_ROW,3,34805
1027,2026-05-16T16:35:30.581Z,CREATE,/testspecials/dir_gamma_163068/dir_echo_659970/dir_cache_507104/dir_yankee_391369/dir_data_954098,hardlink_temp_320465.txt,0x723,INSERT_ROW INSERT_ROW,2,34807
1028,2026-05-16T16:35:51.473Z,CREATE,/testspecials/dir_uniform_544837/dir_cache_866824/dir_quebec_590081/dir_yankee_987130,dir_yankee_987130,0x758,OPEN_TABLE_FROM SET_OBJECT INSERT_ROW INSERT_ROW INSERT_ROW INSERT_ROW,6,34809
1029,,ENTRY_REMOVE,/testspecials/dir_november_947335,hardlink_beta_859345.lnk,0x709,DELETE_ROW DELETE_ROW,2,34812
1030,2026-05-16T16:35:52.450Z,CREATE,/testspecials/dir_november_947335,echo_oscar_152164.cfg,0x709,INSERT_ROW INSERT_ROW SET_OBJECT,3,34814
1031,2026-05-16T16:35:13.619Z,CREATE,/testspecials/dir_november_947335/dir_sync_924581/dir_mike_306826,hardlink_draft_747208.cfg,0x73b,INSERT_ROW INSERT_ROW,2,34819
1032,,OP,/testspecials/dir_november_947335,,0x709,INSERT_ROW INSERT_ROW INSERT_ROW,3,34821
1033,2026-05-16T16:35:53.444Z,CREATE,/testspecials/dir_november_947335/dir_archive_582163,dir_archive_582163,0x75a,OPEN_TABLE_FROM SET_OBJECT INSERT_ROW INSERT_ROW INSERT_ROW INSERT_ROW,6,34822
1034,,ENTRY_REMOVE,/testspecials/dir_gamma_163068/dir_echo_659970/dir_cache_507104/dir_uniform_329376,,0x727,DELETE_ROW,1,34825
1035,,STREAM_UPD,/testspecials/dir_november_947335/dir_india_538407/dir_lima_396840/dir_draft_855171/dir_report_943963,,0x746,DELETE_ROW INSERT_ROW OPEN_TABLE_FROM UPDATE_STREAM ALLOCATE UPDATE_STREAM,6,34827
1036,2026-05-16T16:34:33.802Z,CREATE,/testspecials,hardlink_india_222831.dat,0x702,INSERT_ROW INSERT_ROW,2,34828
1037,,ENTRY_REMOVE,/testspecials/dir_november_947335/dir_archive_582163,,0x75a,DELETE_ROW,1,34831
1038,2026-05-16T16:35:44.515Z,CREATE,/testspecials/dir_november_947335/dir_india_538407/dir_lima_396840,hardlink_sierra_850190.bin,0x74c,INSERT_ROW INSERT_ROW,2,34832
1039,,REPARENT,/testspecials/dir_gamma_163068/dir_echo_659970/dir_cache_507104/dir_india_623599/dir_kilo_929277,audit_audit_337443.bak,0x708,DELETE_ROW INSERT_ROW REPARENT_TABLE INSERT_ROW,4,34833
1040,,STREAM_UPD,/testspecials/dir_gamma_163068/dir_echo_659970/dir_data_619360,,0x755,DELETE_ROW INSERT_ROW OPEN_TABLE_FROM UPDATE_STREAM ALLOCATE UPDATE_STREAM,6,34835
1041,2026-05-16T16:35:55.538Z,CREATE,/testspecials/dir_november_947335/dir_oscar_742900/dir_index_790214,dir_index_790214,0x75b,OPEN_TABLE_FROM SET_OBJECT INSERT_ROW INSERT_ROW INSERT_ROW INSERT_ROW,6,34836
1042,,ALLOCATE,/testspecials/dir_november_947335/dir_sync_924581/dir_backup_133264,,0x71d,ALLOCATE,1,34839
1043,2026-05-16T16:35:56.046Z,CREATE,/testspecials/dir_november_947335/dir_sync_924581/dir_backup_133264,symlink_trace_764545.lnk,0x71d,INSERT_ROW INSERT_ROW SET_OBJECT,3,34840
1044,2026-05-16T16:35:51.741Z,RENAME,/testspecials/dir_uniform_544837,dir_zulu_784236,0x72d,DELETE_ROW DELETE_ROW INSERT_ROW INSERT_ROW,4,34845
1045,,ALLOCATE,/testspecials/dir_november_947335,,0x709,ALLOCATE,1,34848
1046,2026-05-16T16:35:57.228Z,CREATE,/testspecials/dir_gamma_163068/dir_echo_659970,papa_sync_385403.txt,0x72b,INSERT_ROW INSERT_ROW SET_OBJECT,3,34854
1047,,STREAM_UPD,/testspecials/dir_gamma_163068/dir_echo_659970,,0x72b,DELETE_ROW INSERT_ROW OPEN_TABLE_FROM UPDATE_STREAM ALLOCATE UPDATE_STREAM,6,34855
1048,,STREAM_UPD,/testspecials/dir_gamma_163068/dir_echo_659970/dir_quebec_876879,,0x751,DELETE_ROW INSERT_ROW OPEN_TABLE_FROM UPDATE_STREAM ALLOCATE UPDATE_STREAM,6,34858
1049,2026-05-16T16:35:58.567Z,ENTRY_REMOVE,/testspecials/dir_november_947335/dir_sync_924581/dir_backup_133264,,0x71d,DELETE_ROW,1,34866
1050,,ALLOCATE,/testspecials/dir_november_947335/dir_archive_582163,,0x75a,ALLOCATE,1,34868
1051,2026-05-16T16:35:59.039Z,CREATE,/testspecials/dir_november_947335/dir_archive_582163,symlink_log_351399.lnk,0x75a,INSERT_ROW INSERT_ROW SET_OBJECT,3,34869
1052,,REPARENT,/testspecials/dir_gamma_163068/dir_echo_659970/dir_cache_507104/dir_config_356395/dir_echo_285482,symlink_archive_396575.lnk,0x70c,DELETE_ROW INSERT_ROW REPARENT_TABLE INSERT_ROW,4,34871
1053,2026-05-16T16:35:59.676Z,CREATE,/testspecials/dir_november_947335/dir_sync_924581/dir_echo_116967,draft_yankee_409287.csv,0x743,INSERT_ROW INSERT_ROW SET_OBJECT,3,34872
1054,,STREAM_UPD,/testspecials/dir_november_947335/dir_sync_924581/dir_echo_116967,,0x743,DELETE_ROW INSERT_ROW OPEN_TABLE_FROM UPDATE_STREAM ALLOCATE UPDATE_STREAM,6,34873
1055,,ENTRY_REMOVE,/testspecials/dir_november_947335/dir_mike_527964,,0x726,DELETE_ROW,1,34875
1056,,OP,/testspecials/dir_uniform_544837/dir_output_654155,,0x739,INSERT_ROW INSERT_ROW INSERT_ROW,3,34876
1057,2026-05-16T16:36:00.642Z,CREATE,/testspecials/dir_november_947335/dir_sync_924581/dir_echo_116967,output_lima_904452.txt,0x743,INSERT_ROW INSERT_ROW SET_OBJECT,3,34878
1058,2026-05-16T16:35:39.792Z,CREATE,/testspecials/dir_gamma_163068/dir_echo_659970/dir_cache_507104,hardlink_gamma_178937.cfg,0x703,INSERT_ROW INSERT_ROW,2,34881
1059,,OP,/testspecials/dir_gamma_163068,,0x716,INSERT_ROW INSERT_ROW INSERT_ROW,3,34883
1060,,ENTRY_REMOVE,/testspecials/dir_uniform_544837/dir_output_654155,,0x739,DELETE_ROW,1,34885
1061,2026-05-16T16:36:03.051Z,CREATE,/testspecials/dir_november_947335/dir_oscar_742900/dir_index_790214,november_backup_630411.bak,0x75b,INSERT_ROW INSERT_ROW SET_OBJECT,3,34887
1062,2026-05-16T16:36:03.985Z,CREATE,/testspecials/dir_gamma_163068/dir_alpha_598099/dir_index_953906,dir_zulu_104435,0x75e,OPEN_TABLE_FROM SET_OBJECT INSERT_ROW INSERT_ROW INSERT_ROW INSERT_ROW,6,34891
1063,2026-05-16T16:36:04.598Z,CREATE,/testspecials/dir_uniform_544837,mike_alpha_122874.csv,0x72d,INSERT_ROW INSERT_ROW SET_OBJECT,3,34893
1064,,ALLOCATE,/testspecials/dir_gamma_163068/dir_echo_659970/dir_data_619360,,0x755,ALLOCATE,1,34896
1065,,MODIFY,/testspecials/dir_uniform_544837,,0x72d,SET_RANGE_STATE,1,34898
1066,2026-05-16T16:36:05.368Z,CREATE,/testspecials/dir_november_947335/dir_archive_582163,alpha_draft_101283.tmp,0x75a,INSERT_ROW INSERT_ROW SET_OBJECT,3,34900
1067,,STREAM_UPD,/testspecials/dir_november_947335/dir_archive_582163,,0x75a,DELETE_ROW INSERT_ROW OPEN_TABLE_FROM UPDATE_STREAM ALLOCATE UPDATE_STREAM,6,34901
1068,2026-05-16T16:34:55.344Z,MOVE,/testspecials/dir_gamma_163068/dir_echo_659970/dir_cache_507104/dir_yankee_391369/dir_config_947995,hardlink_temp_508628.bin,0x71a,DELETE_ROW DELETE_ROW INSERT_ROW INSERT_ROW,4,34903
1069,2026-05-16T16:36:06.159Z,CREATE,/testspecials/dir_november_947335/dir_india_538407/dir_draft_269665,sync_record_864216.md,0x759,INSERT_ROW INSERT_ROW SET_OBJECT,3,34906
1070,,STREAM_UPD,/testspecials/dir_november_947335/dir_india_538407/dir_draft_269665,,0x759,DELETE_ROW INSERT_ROW OPEN_TABLE_FROM UPDATE_STREAM ALLOCATE UPDATE_STREAM,6,34907
1071,2026-05-16T16:36:06.516Z,CREATE,/testspecials/dir_gamma_163068/dir_echo_659970,symlink_papa_559525.lnk,0x72b,INSERT_ROW INSERT_ROW SET_OBJECT,3,34908
1072,2026-05-16T16:34:27.346Z,CREATE,/testspecials/dir_gamma_163068/dir_echo_659970/dir_cache_507104/dir_yankee_391369,hardlink_data_436147.lnk,0x705,INSERT_ROW INSERT_ROW,2,34910
1073,,ENTRY_REMOVE,/testspecials/dir_gamma_163068/dir_echo_659970/dir_cache_507104/dir_archive_409111/dir_romeo_975581,,0x70e,DELETE_ROW,1,34914
1074,2026-05-16T16:36:07.724Z,CREATE,/testspecials/dir_gamma_163068/dir_echo_659970/dir_quebec_876879,symlink_draft_725956.lnk,0x751,INSERT_ROW INSERT_ROW SET_OBJECT,3,34916
1075,,OP,/testspecials/dir_gamma_163068/dir_echo_659970,,0x72b,INSERT_ROW INSERT_ROW INSERT_ROW,3,34918
1076,2026-05-16T16:36:08.422Z,CREATE,/testspecials,symlink_index_352405.lnk,0x702,INSERT_ROW INSERT_ROW SET_OBJECT,3,34919
1077,,REPARENT,/testspecials/dir_gamma_163068/dir_echo_659970/dir_cache_507104/dir_india_623599/dir_kilo_929277,symlink_lima_738451.lnk,0x708,DELETE_ROW INSERT_ROW REPARENT_TABLE INSERT_ROW,4,34921
1078,2026-05-16T16:36:09.286Z,CREATE,/testspecials/dir_gamma_163068/dir_echo_659970/dir_cache_507104,symlink_lima_456505.lnk,0x703,INSERT_ROW INSERT_ROW SET_OBJECT,3,34923
1079,,STREAM_UPD,/testspecials/dir_november_947335/dir_india_538407/dir_lima_396840,,0x74c,DELETE_ROW INSERT_ROW OPEN_TABLE_FROM UPDATE_STREAM ALLOCATE UPDATE_STREAM,6,34925
1080,,ALLOCATE,/testspecials/dir_november_947335/dir_india_538407/dir_draft_269665,,0x759,ALLOCATE,1,34927
1081,,ENTRY_REMOVE,/testspecials/dir_uniform_544837/dir_output_654155,,0x739,DELETE_ROW,1,34929
1082,,DELETE,/testspecials/dir_gamma_163068/dir_alpha_598099/dir_trace_251622,dir_sync_156494,0x73f,DELETE_ROW DELETE_ROW DELETE_TABLE DELETE_ROW,4,34930
1083,,ALLOCATE,/testspecials,,0x702,ALLOCATE,1,34933
1084,2026-05-16T16:36:11.726Z,CREATE,/testspecials/dir_gamma_163068/dir_alpha_598099/dir_trace_251622,symlink_output_403147.lnk,0x73f,INSERT_ROW INSERT_ROW SET_OBJECT,3,34934
1085,2026-05-16T16:36:12.119Z,CREATE,/testspecials/dir_gamma_163068,lima_echo_738968.dat,0x716,INSERT_ROW INSERT_ROW SET_OBJECT,3,34936
1086,,CONTAINER,,,,MOVE_CONTAINER,1,34938
1087,2026-05-16T16:36:00.642Z,CREATE,/testspecials/dir_november_947335/dir_sync_924581/dir_echo_116967,hardlink_output_565061.txt,0x743,INSERT_ROW INSERT_ROW,2,34940
1088,2026-05-16T16:36:13.827Z,CREATE,/testspecials/dir_november_947335/dir_india_538407,symlink_temp_475367.lnk,0x740,INSERT_ROW INSERT_ROW SET_OBJECT,3,34944
1089,,ENTRY_REMOVE,/testspecials/dir_november_947335/dir_sync_924581,,0x719,DELETE_ROW,1,34946
1090,,OP,/testspecials/dir_gamma_163068/dir_echo_659970/dir_cache_507104,,0x703,INSERT_ROW INSERT_ROW INSERT_ROW,3,34947
1091,,ENTRY_REMOVE,/testspecials,,0x702,DELETE_ROW,1,34948
1092,2026-05-16T16:36:16.048Z,CREATE,/testspecials/dir_gamma_163068/dir_echo_659970,output_archive_125589.tmp,0x72b,INSERT_ROW INSERT_ROW SET_OBJECT,3,34958
1093,,STREAM_UPD,/testspecials/dir_gamma_163068/dir_echo_659970/dir_quebec_876879,,0x751,DELETE_ROW INSERT_ROW OPEN_TABLE_FROM UPDATE_STREAM ALLOCATE UPDATE_STREAM,6,34964
1094,2026-05-16T16:34:37.587Z,RENAME,/testspecials,symlink_sync_232508.lnk,0x702,DELETE_ROW DELETE_ROW INSERT_ROW INSERT_ROW,4,34967
1095,,REPARENT,/testspecials/dir_november_947335/dir_mike_527964,symlink_victor_207943.lnk,0x726,DELETE_ROW INSERT_ROW REPARENT_TABLE INSERT_ROW,4,34970
1096,,STREAM_UPD,/testspecials/dir_november_947335/dir_india_538407/dir_draft_269665,,0x759,DELETE_ROW INSERT_ROW OPEN_TABLE_FROM UPDATE_STREAM ALLOCATE UPDATE_STREAM,6,34972
1097,2026-05-16T16:36:18.114Z,CREATE,/testspecials/dir_november_947335,backup_november_786534.cfg,0x709,INSERT_ROW INSERT_ROW SET_OBJECT,3,34973
1098,,OP,/testspecials/dir_november_947335/dir_archive_582163,,0x75a,INSERT_ROW INSERT_ROW INSERT_ROW,3,34975
1099,,ALLOCATE,/testspecials/dir_gamma_163068/dir_echo_659970/dir_cache_507104,,0x703,ALLOCATE,1,34976
1100,2026-05-16T16:36:19.335Z,CREATE,/testspecials/dir_oscar_867591/dir_sync_598613,symlink_november_133602.lnk,0x74f,INSERT_ROW INSERT_ROW SET_OBJECT,3,34978
1101,,OP,/testspecials/dir_oscar_867591/dir_sync_598613,,0x74f,INSERT_ROW INSERT_ROW INSERT_ROW,3,34979
1102,2026-05-16T16:35:27.876Z,CREATE,/testspecials/dir_gamma_163068/dir_echo_659970/dir_cache_507104/dir_config_356395/dir_yankee_435831,hardlink_cache_388702.md,0x71f,INSERT_ROW INSERT_ROW,2,34980
1103,2026-05-16T16:36:20.054Z,CREATE,/testspecials/dir_gamma_163068/dir_alpha_598099/dir_trace_251622,symlink_data_516669.lnk,0x73f,INSERT_ROW INSERT_ROW SET_OBJECT,3,34981
1104,,OP,/testspecials/dir_gamma_163068/dir_alpha_598099/dir_trace_251622,,0x73f,INSERT_ROW INSERT_ROW INSERT_ROW,3,34982
1105,,STREAM_UPD,/testspecials/dir_oscar_867591,,0x75f,DELETE_ROW INSERT_ROW OPEN_TABLE_FROM UPDATE_STREAM ALLOCATE UPDATE_STREAM,6,34984
1106,2026-05-16T16:36:20.788Z,CREATE,/testspecials/dir_gamma_163068/dir_uniform_944801,dir_uniform_944801,0x764,OPEN_TABLE_FROM SET_OBJECT INSERT_ROW INSERT_ROW INSERT_ROW INSERT_ROW,6,34986
1107,,ALLOCATE,/testspecials/dir_uniform_544837/dir_cache_866824/dir_quebec_590081,,0x753,ALLOCATE,1,34989
1108,2026-05-16T16:36:21.408Z,CREATE,/testspecials/dir_gamma_163068/dir_echo_659970/dir_cache_507104/dir_beta_159096,archive_mike_272395.xml,0x738,INSERT_ROW INSERT_ROW SET_OBJECT,3,34991
1109,,STREAM_UPD,/testspecials/dir_gamma_163068/dir_echo_659970/dir_cache_507104/dir_beta_159096,,0x738,UPDATE_STREAM,1,34992
1110,,STREAM_UPD,/testspecials,,0x702,DELETE_ROW INSERT_ROW OPEN_TABLE_FROM UPDATE_STREAM ALLOCATE UPDATE_STREAM,6,34994
1111,2026-05-16T16:34:30.916Z,RENAME,/testspecials/dir_gamma_163068/dir_echo_659970/dir_cache_507104/dir_config_356395/dir_echo_285482,hardlink_november_895737.lnk,0x70c,DELETE_ROW DELETE_ROW INSERT_ROW INSERT_ROW,4,34995
1112,2026-05-16T16:36:22.424Z,CREATE,/testspecials/dir_gamma_163068/dir_alpha_598099,symlink_backup_374908.lnk,0x734,INSERT_ROW INSERT_ROW SET_OBJECT,3,34999
1113,2026-05-16T16:36:22.971Z,CREATE,/testspecials/dir_uniform_195248,symlink_log_800291.lnk,0x75d,INSERT_ROW INSERT_ROW SET_OBJECT,3,35001
1114,,OP,/testspecials/dir_uniform_195248,,0x75d,INSERT_ROW INSERT_ROW INSERT_ROW,3,35002
1115,,REPARENT,/testspecials/dir_gamma_163068/dir_echo_659970/dir_cache_507104/dir_config_356395,cache_whiskey_662260.lnk,0x707,DELETE_ROW INSERT_ROW REPARENT_TABLE INSERT_ROW,4,35006
1116,2026-05-16T16:36:24.775Z,CREATE,/testspecials/dir_november_947335/dir_archive_582163,november_output_934557.bak,0x75a,INSERT_ROW INSERT_ROW SET_OBJECT,3,35007
1117,2026-05-16T16:34:27.815Z,CREATE,/testspecials/dir_gamma_163068/dir_echo_659970/dir_cache_507104/dir_config_356395,hardlink_data_251406.lnk,0x707,INSERT_ROW INSERT_ROW,2,35009
1118,,OP,/testspecials/dir_november_947335/dir_sync_924581/dir_echo_116967,,0x743,INSERT_ROW INSERT_ROW INSERT_ROW,3,35012
1119,2026-05-16T16:36:26.315Z,CREATE,/testspecials/dir_november_947335/dir_sync_924581,archive_india_740208.lnk,0x719,INSERT_ROW INSERT_ROW SET_OBJECT,3,35015
1120,,STREAM_UPD,/testspecials/dir_november_947335/dir_sync_924581,,0x719,UPDATE_STREAM,1,35016
1121,,UPDATE,/testspecials/dir_november_947335/dir_sync_924581,hidden_7667,0x719,DELETE_ROW INSERT_ROW,2,35017
1122,,UPDATE,/testspecials/dir_november_947335/dir_sync_924581,hidden_9715,0x719,DELETE_ROW INSERT_ROW,2,35018
1123,,OP,/testspecials/dir_november_947335/dir_india_538407/dir_lima_396840,,0x74c,INSERT_ROW INSERT_ROW INSERT_ROW,3,35020
1124,2026-05-16T16:36:27.792Z,CREATE,/testspecials/dir_gamma_163068/dir_echo_659970,oscar_sierra_156386.txt,0x72b,INSERT_ROW INSERT_ROW SET_OBJECT,3,35022
1125,2026-05-16T16:36:28.237Z,CREATE,/testspecials/dir_gamma_163068/dir_alpha_598099/dir_trace_251622,india_zulu_142946.tmp,0x73f,INSERT_ROW INSERT_ROW SET_OBJECT,3,35024
1126,,OP,/testspecials/dir_uniform_195248,,0x75d,INSERT_ROW INSERT_ROW INSERT_ROW,3,35026
1127,2026-05-16T16:35:49.997Z,CREATE,/testspecials,hardlink_temp_982613.txt,0x702,INSERT_ROW INSERT_ROW,2,35027
1128,,MODIFY,/testspecials/dir_gamma_163068/dir_echo_659970,,0x72b,SET_RANGE_STATE,1,35034
1129,,STREAM_UPD,/testspecials/dir_uniform_195248,,0x75d,DELETE_ROW INSERT_ROW OPEN_TABLE_FROM UPDATE_STREAM ALLOCATE UPDATE_STREAM,6,35035
1130,2026-05-16T16:36:29.839Z,CREATE,/testspecials/dir_gamma_163068/dir_echo_659970/dir_data_619360/dir_backup_142498,dir_backup_142498,0x767,OPEN_TABLE_FROM SET_OBJECT INSERT_ROW INSERT_ROW INSERT_ROW INSERT_ROW,6,35036
1131,2026-05-16T16:36:29.894Z,RENAME,/testspecials/dir_gamma_163068/dir_echo_659970,dir_output_695205,0x72b,DELETE_ROW DELETE_ROW INSERT_ROW INSERT_ROW,4,35040
1132,2026-05-16T16:36:30.924Z,CREATE,/testspecials/dir_gamma_163068/dir_alpha_598099,trace_whiskey_621139.md,0x734,INSERT_ROW INSERT_ROW SET_OBJECT,3,35042
1133,,STREAM_UPD,/testspecials/dir_gamma_163068/dir_alpha_598099,,0x734,DELETE_ROW INSERT_ROW OPEN_TABLE_FROM UPDATE_STREAM ALLOCATE UPDATE_STREAM,6,35043
1134,2026-05-16T16:36:31.288Z,CREATE,/testspecials/dir_november_947335/dir_india_538407/dir_draft_269665,symlink_delta_791647.lnk,0x759,INSERT_ROW INSERT_ROW SET_OBJECT,3,35048
1135,2026-05-16T16:36:31.919Z,CREATE,/testspecials/dir_uniform_544837/dir_cache_866824/dir_quebec_590081,symlink_mike_477028.lnk,0x753,INSERT_ROW INSERT_ROW SET_OBJECT,3,35050
1136,,OP,/testspecials/dir_uniform_544837/dir_cache_866824/dir_quebec_590081,,0x753,INSERT_ROW INSERT_ROW INSERT_ROW,3,35051
1137,2026-05-16T16:36:32.315Z,CREATE,/testspecials/dir_november_947335/dir_mike_527964/dir_whiskey_996109,dir_whiskey_996109,0x768,OPEN_TABLE_FROM SET_OBJECT INSERT_ROW INSERT_ROW INSERT_ROW INSERT_ROW,6,35053
1138,2026-05-16T16:36:32.524Z,CREATE,/testspecials/dir_gamma_163068/dir_config_495144,dir_config_495144,0x769,OPEN_TABLE_FROM SET_OBJECT INSERT_ROW INSERT_ROW INSERT_ROW INSERT_ROW,6,35056
1139,,REPARENT,/testspecials/dir_gamma_163068/dir_echo_659970/dir_cache_507104/dir_foxtrot_394781,symlink_kilo_641971.lnk,0x722,DELETE_ROW INSERT_ROW REPARENT_TABLE INSERT_ROW,4,35058
1140,2026-05-16T16:35:32.347Z,CREATE,/testspecials/dir_gamma_163068/dir_echo_659970/dir_cache_507104/dir_foxtrot_394781,hardlink_report_998757.lnk,0x722,INSERT_ROW INSERT_ROW,2,35059
1141,2026-05-16T16:36:34.487Z,CREATE,/testspecials/dir_november_947335/dir_sync_924581,symlink_delta_430435.lnk,0x719,INSERT_ROW INSERT_ROW SET_OBJECT,3,35064
1142,2026-05-16T16:35:54.402Z,CREATE,/testspecials/dir_november_947335/dir_archive_582163,hardlink_mike_897108.lnk,0x75a,INSERT_ROW INSERT_ROW,2,35066
1143,,ALLOCATE,/testspecials/dir_november_947335/dir_mike_527964/dir_whiskey_996109,,0x768,ALLOCATE,1,35068
1144,2026-05-16T16:36:35.504Z,CREATE,/testspecials/dir_uniform_195248/dir_hotel_837877,sierra_mike_391813.bak,0x760,INSERT_ROW INSERT_ROW SET_OBJECT,3,35069
1145,,STREAM_UPD,/testspecials/dir_uniform_195248/dir_hotel_837877,,0x760,DELETE_ROW INSERT_ROW OPEN_TABLE_FROM UPDATE_STREAM ALLOCATE UPDATE_STREAM,6,35070
1146,2026-05-16T16:36:36.130Z,CREATE,/testspecials/dir_oscar_867591/dir_sync_598613,yankee_temp_745277.ini,0x74f,INSERT_ROW INSERT_ROW SET_OBJECT,3,35072
1147,,STREAM_UPD,/testspecials/dir_oscar_867591/dir_sync_598613,,0x74f,DELETE_ROW INSERT_ROW OPEN_TABLE_FROM UPDATE_STREAM ALLOCATE UPDATE_STREAM,6,35073
1148,,ENTRY_REMOVE,/testspecials/dir_gamma_163068/dir_echo_659970/dir_cache_507104/dir_yankee_391369/dir_config_947995,,0x71a,DELETE_ROW,1,35074
1149,2026-05-16T16:36:36.691Z,CREATE,/testspecials/dir_november_947335/dir_mike_527964/dir_whiskey_996109,symlink_temp_902056.lnk,0x768,INSERT_ROW INSERT_ROW SET_OBJECT,3,35076
1150,,OP,/testspecials/dir_november_947335/dir_mike_527964/dir_whiskey_996109,,0x768,INSERT_ROW INSERT_ROW INSERT_ROW,3,35077
1151,2026-05-16T16:36:36.921Z,CREATE,/testspecials/dir_november_947335/dir_archive_582163,lima_uniform_268153.txt,0x75a,INSERT_ROW INSERT_ROW SET_OBJECT,3,35078
1152,,STREAM_UPD,/testspecials/dir_november_947335/dir_archive_582163,,0x75a,DELETE_ROW INSERT_ROW OPEN_TABLE_FROM UPDATE_STREAM ALLOCATE UPDATE_STREAM,6,35079
1153,2026-05-16T16:36:37.322Z,CREATE,/testspecials/dir_gamma_163068/dir_config_495144,symlink_archive_481962.lnk,0x769,INSERT_ROW INSERT_ROW SET_OBJECT,3,35082
1154,2026-05-16T16:34:44.227Z,CREATE,/testspecials/dir_november_947335/dir_sync_924581/dir_backup_133264,hardlink_tango_490232.bak,0x71d,INSERT_ROW INSERT_ROW,2,35084
1155,2026-05-16T16:36:37.900Z,CREATE,/testspecials/dir_november_947335/dir_mike_527964/dir_config_596261,dir_config_596261,0x76a,OPEN_TABLE_FROM SET_OBJECT INSERT_ROW INSERT_ROW INSERT_ROW INSERT_ROW,6,35085
1156,,STREAM_UPD,/testspecials,,0x702,DELETE_ROW INSERT_ROW OPEN_TABLE_FROM UPDATE_STREAM ALLOCATE UPDATE_STREAM,6,35088
1157,2026-05-16T16:36:39.021Z,CREATE,/testspecials/dir_november_947335/dir_oscar_742900,zulu_lima_446963.cfg,0x74b,INSERT_ROW INSERT_ROW SET_OBJECT,3,35092
1158,2026-05-16T16:36:39.728Z,CREATE,/testspecials/dir_november_947335/dir_oscar_742900,symlink_config_969057.lnk,0x74b,INSERT_ROW INSERT_ROW SET_OBJECT,3,35094
1159,2026-05-16T16:36:40.507Z,CREATE,/testspecials/dir_gamma_163068/dir_echo_659970/dir_cache_507104,symlink_delta_673470.lnk,0x703,INSERT_ROW INSERT_ROW SET_OBJECT,3,35096
1160,,OP,/testspecials/dir_gamma_163068/dir_echo_659970/dir_cache_507104,,0x703,INSERT_ROW INSERT_ROW INSERT_ROW,3,35097
1161,2026-05-16T16:36:40.911Z,CREATE,/testspecials/dir_gamma_163068/dir_config_495144,backup_papa_877350.json,0x769,INSERT_ROW INSERT_ROW SET_OBJECT,3,35098
1162,,STREAM_UPD,/testspecials/dir_oscar_867591,,0x75f,DELETE_ROW INSERT_ROW OPEN_TABLE_FROM UPDATE_STREAM ALLOCATE UPDATE_STREAM,6,35100
1163,2026-05-16T16:36:42.104Z,CREATE,/testspecials/dir_gamma_163068/dir_alpha_598099/dir_index_953906,lima_tango_491721.txt,0x75e,INSERT_ROW INSERT_ROW SET_OBJECT,3,35106
1164,,STREAM_UPD,/testspecials/dir_gamma_163068/dir_alpha_598099/dir_index_953906,,0x75e,UPDATE_STREAM,1,35107
1165,,UPDATE,/testspecials/dir_gamma_163068/dir_alpha_598099/dir_index_953906,hidden_7667,0x75e,DELETE_ROW INSERT_ROW,2,35108
1166,2026-05-16T16:36:10.236Z,CREATE,/testspecials/dir_uniform_544837/dir_output_654155,hardlink_papa_582242.txt,0x739,INSERT_ROW INSERT_ROW,2,35110
1167,2026-05-16T16:36:16.769Z,CREATE,/testspecials/dir_gamma_163068/dir_echo_659970/dir_quebec_876879,hardlink_draft_409887.log,0x751,INSERT_ROW INSERT_ROW,2,35113
1168,2026-05-16T16:36:43.685Z,CREATE,/testspecials/dir_gamma_163068/dir_echo_659970,symlink_delta_431361.lnk,0x72b,INSERT_ROW INSERT_ROW SET_OBJECT,3,35114
1169,2026-05-16T16:35:18.800Z,CREATE,/testspecials/dir_gamma_163068/dir_echo_659970/dir_cache_507104/dir_archive_409111,hardlink_mike_757305.lnk,0x704,INSERT_ROW INSERT_ROW,2,35117
1170,2026-05-16T16:36:44.741Z,CREATE,/testspecials/dir_oscar_867591/dir_sync_598613,symlink_tango_777906.lnk,0x74f,INSERT_ROW INSERT_ROW SET_OBJECT,3,35119
1171,,REPARENT,/testspecials/dir_november_947335,symlink_data_928538.lnk,0x709,DELETE_ROW INSERT_ROW REPARENT_TABLE INSERT_ROW,4,35121
1172,,ENTRY_REMOVE,/testspecials/dir_november_947335/dir_india_538407/dir_lima_396840/dir_draft_855171,gamma_uniform_102596.cfg,0x72e,DELETE_ROW DELETE_ROW,2,35123
1173,2026-05-16T16:36:45.811Z,CREATE,/testspecials/dir_uniform_544837/dir_output_654155,victor_sierra_771451.bak,0x739,INSERT_ROW INSERT_ROW SET_OBJECT,3,35124
1174,,STREAM_UPD,/testspecials/dir_november_947335,,0x709,DELETE_ROW INSERT_ROW OPEN_TABLE_FROM UPDATE_STREAM ALLOCATE UPDATE_STREAM,6,35126
1175,2026-05-16T16:36:46.439Z,CREATE,/testspecials/dir_gamma_163068/dir_echo_659970/dir_quebec_876879,symlink_kilo_957471.lnk,0x751,INSERT_ROW INSERT_ROW SET_OBJECT,3,35127
1176,2026-05-16T16:36:47.017Z,CREATE,/testspecials/dir_uniform_544837/dir_cache_866824,beta_whiskey_697934.txt,0x742,INSERT_ROW INSERT_ROW SET_OBJECT,3,35129
1177,,MODIFY,/testspecials/dir_uniform_544837/dir_cache_866824,,0x742,SET_RANGE_STATE,1,35131
1178,2026-05-16T16:35:15.779Z,CREATE,/testspecials/dir_gamma_163068/dir_echo_659970/dir_cache_507104/dir_tango_400582,hardlink_beta_457394.lnk,0x718,INSERT_ROW INSERT_ROW,2,35132
1179,,REPARENT,/testspecials/dir_uniform_544837/dir_output_654155,november_sierra_162462.tmp,0x739,DELETE_ROW INSERT_ROW REPARENT_TABLE INSERT_ROW,4,35133
1180,2026-05-16T16:36:42.106Z,MOVE,/testspecials/dir_uniform_195248,dir_zulu_104435,0x75d,DELETE_ROW DELETE_ROW INSERT_ROW INSERT_ROW SET_PARENT_ID,5,35134
1181,,CONTAINER,,,,MOVE_CONTAINER MOVE_CONTAINER,2,35135
1182,2026-05-16T16:36:48.553Z,CREATE,/testspecials/dir_gamma_163068/dir_alpha_598099/dir_trace_251622,draft_sierra_832267.lnk,0x73f,INSERT_ROW INSERT_ROW SET_OBJECT,3,35136
1183,,STREAM_UPD,/testspecials/dir_gamma_163068/dir_alpha_598099,,0x734,DELETE_ROW INSERT_ROW OPEN_TABLE_FROM UPDATE_STREAM ALLOCATE UPDATE_STREAM,6,35140
1184,,STREAM_UPD,/testspecials/dir_gamma_163068/dir_echo_659970,,0x72b,DELETE_ROW INSERT_ROW OPEN_TABLE_FROM UPDATE_STREAM ALLOCATE UPDATE_STREAM,6,35143
1185,,ENTRY_REMOVE,/testspecials/dir_gamma_163068/dir_echo_659970/dir_cache_507104/dir_yankee_391369/dir_data_954098,,0x723,DELETE_ROW DELETE_ROW DELETE_ROW,3,35146
1186,2026-05-16T16:35:05.834Z,CREATE,/testspecials/dir_november_947335/dir_sync_924581,hardlink_report_304620.lnk,0x719,INSERT_ROW INSERT_ROW,2,35147
1187,,ENTRY_REMOVE,/testspecials/dir_uniform_544837/dir_cache_866824,,0x742,DELETE_ROW,1,35150
1188,,ENTRY_REMOVE,/testspecials/dir_november_947335/dir_india_538407/dir_draft_269665,,0x759,DELETE_ROW,1,35153
1189,2026-05-16T16:35:12.168Z,CREATE,/testspecials/dir_gamma_163068/dir_echo_659970/dir_cache_507104/dir_romeo_851778/dir_uniform_978658,hardlink_kilo_184567.lnk,0x725,INSERT_ROW INSERT_ROW,2,35155
1190,2026-05-16T16:34:39.219Z,CREATE,/testspecials/dir_gamma_163068/dir_echo_659970/dir_cache_507104/dir_india_623599/dir_index_446416,hardlink_uniform_706791.bin,0x70b,INSERT_ROW INSERT_ROW,2,35156
1191,2026-05-16T16:36:52.057Z,CREATE,/testspecials/dir_november_947335/dir_sync_924581/dir_echo_116967,symlink_echo_385823.lnk,0x743,INSERT_ROW INSERT_ROW SET_OBJECT,3,35158
1192,,OP,/testspecials/dir_november_947335/dir_sync_924581/dir_echo_116967,,0x743,INSERT_ROW INSERT_ROW INSERT_ROW,3,35159
1193,2026-05-16T16:36:52.484Z,CREATE,/testspecials/dir_november_947335/dir_india_538407/dir_kilo_883266,dir_kilo_883266,0x76c,OPEN_TABLE_FROM SET_OBJECT INSERT_ROW INSERT_ROW INSERT_ROW INSERT_ROW,6,35161
1194,,ALLOCATE,/testspecials/dir_november_947335/dir_sync_924581/dir_backup_133264,,0x71d,ALLOCATE,1,35163
1195,2026-05-16T16:36:52.945Z,CREATE,/testspecials/dir_uniform_544837,uniform_output_333791.md,0x72d,INSERT_ROW INSERT_ROW SET_OBJECT,3,35164
1196,,MODIFY,/testspecials/dir_november_947335/dir_sync_924581/dir_backup_133264,,0x71d,SET_RANGE_STATE SET_RANGE_STATE,2,35168
1197,,OP,/testspecials/dir_november_947335/dir_india_538407/dir_lima_396840,,0x74c,INSERT_ROW INSERT_ROW INSERT_ROW,3,35171
1198,2026-05-16T16:36:53.644Z,CREATE,/testspecials/dir_november_947335/dir_archive_582163,sync_papa_730090.bin,0x75a,INSERT_ROW INSERT_ROW SET_OBJECT,3,35172
1199,,STREAM_UPD,/testspecials/dir_november_947335/dir_archive_582163,,0x75a,DELETE_ROW INSERT_ROW OPEN_TABLE_FROM UPDATE_STREAM ALLOCATE UPDATE_STREAM,6,35173
1200,2026-05-16T16:36:53.859Z,CREATE,/testspecials/dir_november_947335/dir_mike_527964/dir_sync_546682,dir_sync_546682,0x76d,OPEN_TABLE_FROM SET_OBJECT INSERT_ROW INSERT_ROW INSERT_ROW INSERT_ROW,6,35174
1201,,ENTRY_REMOVE,/testspecials/dir_gamma_163068,,0x716,DELETE_ROW,1,35177
1202,2026-05-16T16:36:54.887Z,CREATE,/testspecials/dir_gamma_163068/dir_echo_659970/dir_data_619360,tango_victor_167979.dat,0x755,INSERT_ROW INSERT_ROW SET_OBJECT,3,35178
1203,2026-05-16T16:36:55.166Z,CREATE,/testspecials/dir_november_947335,hardlink_beta_859345.lnk,0x709,INSERT_ROW INSERT_ROW SET_OBJECT,3,35180
1204,2026-05-16T16:36:55.497Z,CREATE,/testspecials/dir_november_947335/dir_sync_924581,cache_output_350817.lnk,0x719,INSERT_ROW INSERT_ROW SET_OBJECT,3,35182
1205,,STREAM_UPD,/testspecials/dir_november_947335/dir_sync_924581,,0x719,UPDATE_STREAM,1,35183
1206,,UPDATE,/testspecials/dir_november_947335/dir_sync_924581,hidden_7217,0x719,DELETE_ROW INSERT_ROW,2,35184
1207,2026-05-16T16:36:56.562Z,CREATE,/testspecials/dir_gamma_163068/dir_echo_659970/dir_cache_507104,symlink_sierra_531546.lnk,0x703,INSERT_ROW INSERT_ROW SET_OBJECT,3,35186
1208,,OP,/testspecials/dir_gamma_163068/dir_echo_659970/dir_cache_507104,,0x703,INSERT_ROW INSERT_ROW INSERT_ROW,3,35187
1209,2026-05-16T16:36:56.746Z,CREATE,/testspecials/dir_gamma_163068/dir_alpha_598099/dir_index_953906/dir_foxtrot_173342,dir_foxtrot_173342,0x76e,OPEN_TABLE_FROM SET_OBJECT INSERT_ROW INSERT_ROW INSERT_ROW INSERT_ROW,6,35188
1210,2026-05-16T16:34:27.815Z,CREATE,/testspecials/dir_gamma_163068/dir_echo_659970/dir_cache_507104/dir_config_356395,hardlink_temp_252938.lnk,0x707,INSERT_ROW INSERT_ROW,2,35190
1211,2026-05-16T16:35:35.780Z,CREATE,/testspecials/dir_gamma_163068/dir_echo_659970/dir_cache_507104/dir_archive_409111,hardlink_victor_353055.csv,0x704,INSERT_ROW INSERT_ROW,2,35192
1212,2026-05-16T16:36:58.354Z,CREATE,/testspecials/dir_gamma_163068/dir_config_495144/dir_quebec_465938,symlink_sierra_761056.lnk,0x76b,INSERT_ROW INSERT_ROW SET_OBJECT,3,35196
1213,,STREAM_UPD,/testspecials/dir_gamma_163068/dir_echo_659970/dir_data_619360,,0x755,DELETE_ROW INSERT_ROW OPEN_TABLE_FROM UPDATE_STREAM ALLOCATE UPDATE_STREAM,6,35198
1214,2026-05-16T16:36:59.004Z,CREATE,/testspecials/dir_uniform_195248/dir_hotel_837877,backup_foxtrot_830370.txt,0x760,INSERT_ROW INSERT_ROW SET_OBJECT,3,35199
1215,,STREAM_UPD,/testspecials/dir_uniform_195248/dir_hotel_837877,,0x760,DELETE_ROW INSERT_ROW OPEN_TABLE_FROM UPDATE_STREAM ALLOCATE UPDATE_STREAM,6,35200
1216,,ALLOCATE,/testspecials/dir_november_947335/dir_sync_924581/dir_echo_116967,,0x743,ALLOCATE,1,35202
1217,,MODIFY,/testspecials/dir_november_947335/dir_sync_924581/dir_echo_116967,,0x743,SET_RANGE_STATE,1,35203
1218,,ALLOCATE,/testspecials,,0x702,ALLOCATE,1,35206
1219,2026-05-16T16:37:02.118Z,CREATE,/testspecials/dir_november_947335/dir_sync_924581/dir_mike_306826,tango_quebec_796001.tmp,0x73b,INSERT_ROW INSERT_ROW SET_OBJECT,3,35211
1220,,STREAM_UPD,/testspecials/dir_november_947335/dir_sync_924581/dir_mike_306826,,0x73b,DELETE_ROW INSERT_ROW OPEN_TABLE_FROM UPDATE_STREAM ALLOCATE UPDATE_STREAM,6,35212
1221,2026-05-16T16:35:11.761Z,CREATE,/testspecials/dir_uniform_544837/dir_output_654155,hardlink_tango_983687.lnk,0x739,INSERT_ROW INSERT_ROW,2,35213
1222,2026-05-16T16:37:03.175Z,CREATE,/testspecials/dir_gamma_163068/dir_alpha_598099/dir_index_953906,lima_victor_148410.cfg,0x75e,INSERT_ROW INSERT_ROW SET_OBJECT,3,35215
1223,,MODIFY,/testspecials,,0x702,SET_RANGE_STATE,1,35217
1224,,OP,/testspecials/dir_november_947335/dir_mike_527964/dir_config_596261,,0x76a,INSERT_ROW INSERT_ROW INSERT_ROW,3,35218
1225,,STREAM_UPD,/testspecials/dir_uniform_195248/dir_hotel_837877,,0x760,DELETE_ROW INSERT_ROW OPEN_TABLE_FROM UPDATE_STREAM ALLOCATE UPDATE_STREAM,6,35222
1226,2026-05-16T16:37:04.686Z,REPARENT,/testspecials/dir_gamma_163068/dir_alpha_598099,,0x734,DELETE_ROW REPARENT_TABLE INSERT_ROW,3,35223
1227,2026-05-16T16:37:05.121Z,CREATE,/testspecials/dir_uniform_195248/dir_hotel_837877,uniform_sync_171039.txt,0x760,INSERT_ROW INSERT_ROW SET_OBJECT,3,35226
1228,,MODIFY,/testspecials/dir_uniform_195248/dir_hotel_837877,,0x760,SET_RANGE_STATE,1,35230
1229,,MODIFY,/testspecials/dir_uniform_195248/dir_hotel_837877,,0x760,SET_RANGE_STATE,1,35231
1230,2026-05-16T16:37:05.546Z,CREATE,/testspecials/dir_november_947335,data_report_656945.json,0x709,INSERT_ROW INSERT_ROW SET_OBJECT,3,35232
1231,2026-05-16T16:35:54.402Z,CREATE,/testspecials/dir_november_947335/dir_archive_582163,hardlink_foxtrot_343333.lnk,0x75a,INSERT_ROW INSERT_ROW,2,35236
1232,,OP,/testspecials/dir_uniform_544837,,0x72d,INSERT_ROW INSERT_ROW INSERT_ROW,3,35238
1233,,ALLOCATE,/testspecials/dir_gamma_163068/dir_config_495144,,0x769,ALLOCATE,1,35240
1234,,MODIFY,/testspecials/dir_gamma_163068/dir_config_495144,,0x769,SET_RANGE_STATE,1,35241
1235,,ENTRY_REMOVE,/testspecials/dir_november_947335,,0x709,DELETE_ROW,1,35242
1236,2026-05-16T16:37:08.107Z,CREATE,/testspecials/dir_oscar_867591/dir_hotel_124748,dir_hotel_124748,0x772,OPEN_TABLE_FROM SET_OBJECT INSERT_ROW INSERT_ROW INSERT_ROW INSERT_ROW,6,35243
1237,2026-05-16T16:37:08.589Z,CREATE,/testspecials,alpha_sierra_613558.ini,0x702,INSERT_ROW INSERT_ROW SET_OBJECT,3,35249
1238,,MODIFY,/testspecials/dir_uniform_544837/dir_cache_866824,,0x742,UPDATE_ROW,1,35254
1239,,ALLOCATE,/testspecials/dir_uniform_544837/dir_cache_866824,,0x742,FREE ALLOCATE,2,35255
1240,,ENTRY_REMOVE,/testspecials/dir_gamma_163068/dir_echo_659970/dir_data_619360,,0x755,DELETE_ROW,1,35257
1241,,ALLOCATE,/testspecials/dir_oscar_867591/dir_hotel_124748,,0x772,ALLOCATE,1,35260
1242,,ALLOCATE,/testspecials/dir_gamma_163068/dir_echo_659970/dir_data_619360,,0x755,ALLOCATE,1,35262
1243,,MODIFY,/testspecials/dir_oscar_867591/dir_hotel_124748,,0x772,SET_RANGE_STATE,1,35263
1244,,ENTRY_REMOVE,/testspecials/dir_gamma_163068/dir_alpha_598099,,0x734,DELETE_ROW,1,35264
1245,,STREAM_UPD,/testspecials/dir_uniform_544837/dir_output_654155,,0x739,DELETE_ROW INSERT_ROW OPEN_TABLE_FROM UPDATE_STREAM ALLOCATE UPDATE_STREAM,6,35265
1246,2026-05-16T16:37:12.140Z,CREATE,/testspecials/dir_november_947335,november_cache_821954.dat,0x709,INSERT_ROW INSERT_ROW SET_OBJECT,3,35266
1247,,STREAM_UPD,/testspecials/dir_uniform_195248/dir_hotel_837877,,0x760,DELETE_ROW INSERT_ROW OPEN_TABLE_FROM UPDATE_STREAM ALLOCATE UPDATE_STREAM,6,35268
1248,,STREAM_UPD,/testspecials/dir_uniform_544837,,0x72d,DELETE_ROW INSERT_ROW OPEN_TABLE_FROM UPDATE_STREAM ALLOCATE UPDATE_STREAM,6,35270
1249,,MODIFY,/testspecials/dir_uniform_195248/dir_hotel_837877,,0x760,SET_RANGE_STATE,1,35274
1250,,MODIFY,/testspecials/dir_november_947335,,0x709,SET_RANGE_STATE,1,35275
1251,2026-05-16T16:37:13.599Z,CREATE,/testspecials/dir_november_947335/dir_sync_924581/dir_backup_133264,sync_victor_912554.dat,0x71d,INSERT_ROW INSERT_ROW SET_OBJECT,3,35276
1252,2026-05-16T16:37:14.351Z,CREATE,/testspecials/dir_november_947335,symlink_uniform_875056.lnk,0x709,INSERT_ROW INSERT_ROW SET_OBJECT,3,35282
1253,2026-05-16T16:36:20.054Z,CREATE,/testspecials/dir_gamma_163068/dir_alpha_598099/dir_trace_251622,hardlink_november_610240.lnk,0x73f,INSERT_ROW INSERT_ROW,2,35284
1254,2026-05-16T16:37:15.208Z,CREATE,/testspecials/dir_november_947335/dir_draft_325504,symlink_kilo_364548.lnk,0x72f,INSERT_ROW INSERT_ROW SET_OBJECT,3,35285
1255,2026-05-16T16:36:14.865Z,CREATE,/testspecials,hardlink_config_676528.csv,0x702,INSERT_ROW INSERT_ROW,2,35287
1256,2026-05-16T16:37:42.797Z,CREATE,/testspecials2,testspecials2,0x775,OPEN_TABLE_FROM SET_OBJECT INSERT_ROW INSERT_ROW INSERT_ROW INSERT_ROW,6,35291
1257,2026-05-16T16:37:42.966Z,CREATE,/testspecials2,india_zulu_632200.md,0x775,INSERT_ROW INSERT_ROW SET_OBJECT,3,35292
1258,,STREAM_UPD,/testspecials2,,0x775,DELETE_ROW INSERT_ROW OPEN_TABLE_FROM UPDATE_STREAM ALLOCATE UPDATE_STREAM,6,35294
1259,2026-05-16T16:37:42.998Z,CREATE,/testspecials2,draft_sierra_922254.dat,0x775,INSERT_ROW INSERT_ROW SET_OBJECT,3,35295
1260,,STREAM_UPD,/testspecials2,,0x775,DELETE_ROW INSERT_ROW OPEN_TABLE_FROM UPDATE_STREAM ALLOCATE UPDATE_STREAM,6,35297
1261,2026-05-16T16:37:43.028Z,CREATE,/testspecials2,zulu_audit_664443.log,0x775,INSERT_ROW INSERT_ROW SET_OBJECT,3,35298
1262,,ENTRY_REMOVE,/testspecials2,,0x775,DELETE_ROW,1,35301
1263,2026-05-16T16:37:43.121Z,CREATE,/testspecials2/dir_log_298284,uniform_echo_684024.xml,0x776,INSERT_ROW INSERT_ROW SET_OBJECT,3,35303
1264,,STREAM_UPD,/testspecials2/dir_log_298284,,0x776,DELETE_ROW INSERT_ROW OPEN_TABLE_FROM UPDATE_STREAM ALLOCATE UPDATE_STREAM,6,35305
1265,,REPARENT,/testspecials2/dir_log_298284,uniform_echo_684024.xml,0x776,DELETE_ROW INSERT_ROW REPARENT_TABLE INSERT_ROW,4,35306
1266,2026-05-16T16:37:43.178Z,CREATE,/testspecials2,november_papa_479034.log,0x775,INSERT_ROW INSERT_ROW SET_OBJECT,3,35307
1267,,STREAM_UPD,/testspecials2,,0x775,DELETE_ROW INSERT_ROW OPEN_TABLE_FROM UPDATE_STREAM ALLOCATE UPDATE_STREAM,6,35309
1268,2026-05-16T16:37:43.121Z,MOVE,/testspecials2,hardlink_echo_816590.xml,0x775,DELETE_ROW DELETE_ROW INSERT_ROW INSERT_ROW,4,35311
1269,2026-05-16T16:37:43.285Z,CREATE,/testspecials2/dir_kilo_616914,dir_delta_966483,0x779,OPEN_TABLE_FROM SET_OBJECT INSERT_ROW INSERT_ROW INSERT_ROW INSERT_ROW,6,35312
1270,2026-05-16T16:37:43.305Z,CREATE,/testspecials2/dir_kilo_616914,tango_log_555645.json,0x779,INSERT_ROW INSERT_ROW SET_OBJECT,3,35313
1271,2026-05-16T16:37:43.384Z,CREATE,/testspecials2/dir_kilo_616914,symlink_victor_657489.lnk,0x779,INSERT_ROW INSERT_ROW SET_OBJECT,3,35316
1272,,REPARENT,/testspecials2,november_papa_479034.log,0x775,DELETE_ROW INSERT_ROW REPARENT_TABLE INSERT_ROW,4,35318
1273,2026-05-16T16:37:43.401Z,RENAME,/testspecials2/dir_log_298284,uniform_echo_684024.xml,0x776,DELETE_ROW DELETE_ROW INSERT_ROW INSERT_ROW,4,35319
1274,2026-05-16T16:37:43.479Z,CREATE,OID 0x77a,dir_index_302729,0x77a,OPEN_TABLE_FROM SET_OBJECT INSERT_ROW INSERT_ROW INSERT_ROW INSERT_ROW,6,35320
1275,2026-05-16T16:37:43.504Z,CREATE,/testspecials2/dir_kilo_616914/dir_victor_389261/dir_november_374306/dir_papa_764536,symlink_victor_298115.lnk,0x778,INSERT_ROW INSERT_ROW SET_OBJECT,3,35321
1276,2026-05-16T16:37:43.556Z,CREATE,/testspecials2/dir_kilo_616914/dir_victor_389261/dir_november_374306/dir_papa_764536,symlink_echo_484187.lnk,0x778,INSERT_ROW INSERT_ROW SET_OBJECT,3,35323
1277,,ENTRY_REMOVE,/testspecials2/dir_kilo_616914/dir_victor_389261/dir_november_374306,,0x777,DELETE_ROW,1,35325
1278,,OP,/testspecials2/dir_log_298284,,0x776,INSERT_ROW INSERT_ROW INSERT_ROW,3,35326
1279,2026-05-16T16:37:43.626Z,CREATE,OID 0x77b,dir_lima_984591,0x77b,OPEN_TABLE_FROM SET_OBJECT INSERT_ROW INSERT_ROW INSERT_ROW INSERT_ROW,6,35327
1280,2026-05-16T16:37:43.650Z,CREATE,/testspecials2,tango_yankee_206279.bin,0x775,INSERT_ROW INSERT_ROW SET_OBJECT,3,35328
1281,,OP,/testspecials2/dir_log_298284,,0x776,INSERT_ROW INSERT_ROW INSERT_ROW,3,35331
1282,2026-05-16T16:37:43.401Z,RENAME,/testspecials2/dir_kilo_616914/dir_victor_389261/dir_november_374306/dir_papa_764536,report_kilo_156881.xml,0x778,DELETE_ROW DELETE_ROW INSERT_ROW INSERT_ROW,4,35332
1283,2026-05-16T16:37:43.776Z,CREATE,/testspecials2/dir_kilo_616914/dir_victor_389261/dir_november_374306,symlink_zulu_972818.lnk,0x777,INSERT_ROW INSERT_ROW SET_OBJECT,3,35333
1284,2026-05-16T16:37:43.824Z,CREATE,/testspecials2,uniform_record_382983.ini,0x775,INSERT_ROW INSERT_ROW SET_OBJECT,3,35335
1285,2026-05-16T16:37:43.735Z,MOVE,/testspecials2/dir_kilo_616914/dir_victor_389261/dir_november_374306,dir_delta_966483,0x777,DELETE_ROW DELETE_ROW INSERT_ROW INSERT_ROW SET_PARENT_ID,5,35337
1286,2026-05-16T16:37:43.906Z,CREATE,/testspecials2/dir_oscar_397968/dir_romeo_329803/dir_audit_460776/dir_alpha_968646,symlink_india_943941.lnk,0x77c,INSERT_ROW INSERT_ROW SET_OBJECT,3,35338
1287,,ENTRY_REMOVE,/testspecials2/dir_kilo_616914/dir_victor_389261/dir_november_374306/dir_papa_764536,,0x778,DELETE_ROW,1,35340
1288,2026-05-16T16:37:43.999Z,CREATE,/testspecials2/dir_oscar_397968/dir_romeo_329803/dir_audit_460776/dir_alpha_968646,symlink_delta_215767.lnk,0x77c,INSERT_ROW INSERT_ROW SET_OBJECT,3,35341
1289,2026-05-16T16:37:43.556Z,CREATE,/testspecials2/dir_kilo_616914/dir_victor_389261/dir_november_374306/dir_papa_764536,hardlink_output_468761.lnk,0x778,INSERT_ROW INSERT_ROW,2,35344
1290,,STREAM_UPD,/testspecials2/dir_kilo_616914,,0x779,DELETE_ROW INSERT_ROW OPEN_TABLE_FROM UPDATE_STREAM ALLOCATE UPDATE_STREAM,6,35346
1291,,STREAM_UPD,/testspecials2/dir_kilo_616914,,0x779,UPDATE_STREAM,1,35347
1292,,STREAM_UPD,/testspecials2/dir_oscar_397968/dir_romeo_329803/dir_audit_460776/dir_alpha_968646,,0x77c,DELETE_ROW INSERT_ROW OPEN_TABLE_FROM UPDATE_STREAM ALLOCATE UPDATE_STREAM,6,35348
1293,2026-05-16T16:37:44.237Z,CREATE,/testspecials2,foxtrot_romeo_528126.cfg,0x775,INSERT_ROW INSERT_ROW SET_OBJECT,3,35350
1294,,STREAM_UPD,/testspecials2,,0x775,DELETE_ROW INSERT_ROW OPEN_TABLE_FROM UPDATE_STREAM ALLOCATE UPDATE_STREAM,6,35352
1295,2026-05-16T16:37:44.300Z,CREATE,/testspecials2/dir_oscar_397968/dir_romeo_329803/dir_audit_460776/dir_alpha_968646,delta_india_262485.log,0x77c,INSERT_ROW INSERT_ROW SET_OBJECT,3,35353
1296,,STREAM_UPD,/testspecials2/dir_oscar_397968/dir_romeo_329803/dir_audit_460776/dir_alpha_968646,,0x77c,UPDATE_STREAM,1,35354
1297,2026-05-16T16:37:44.345Z,CREATE,/testspecials2/dir_kilo_616914/dir_victor_389261/dir_november_374306/dir_papa_764536,symlink_foxtrot_692291.lnk,0x778,INSERT_ROW INSERT_ROW SET_OBJECT,3,35357
1298,2026-05-16T16:37:44.388Z,CREATE,/testspecials2/dir_kilo_616914/dir_victor_389261/dir_yankee_150988,dir_backup_897883,0x77d,OPEN_TABLE_FROM SET_OBJECT INSERT_ROW INSERT_ROW INSERT_ROW INSERT_ROW,6,35359
1299,2026-05-16T16:37:44.412Z,CREATE,/testspecials2/dir_oscar_397968/dir_romeo_329803/dir_audit_460776/dir_alpha_968646,audit_tango_331066.dat,0x77c,INSERT_ROW INSERT_ROW SET_OBJECT,3,35360
1300,2026-05-16T16:37:44.486Z,CREATE,/testspecials2/dir_oscar_397968/dir_romeo_329803/dir_audit_460776/dir_alpha_968646,symlink_whiskey_260344.lnk,0x77c,INSERT_ROW INSERT_ROW SET_OBJECT,3,35362
1301,2026-05-16T16:37:44.554Z,CREATE,/testspecials2/dir_kilo_616914/dir_victor_389261/dir_november_374306/dir_papa_764536,index_foxtrot_576397.log,0x778,INSERT_ROW INSERT_ROW SET_OBJECT,3,35364
1302,,STREAM_UPD,/testspecials2/dir_kilo_616914/dir_victor_389261/dir_november_374306/dir_papa_764536,,0x778,UPDATE_STREAM,1,35365
1303,2026-05-16T16:37:43.305Z,CREATE,/testspecials2/dir_kilo_616914,hardlink_oscar_842417.json,0x779,INSERT_ROW INSERT_ROW,2,35370
1304,2026-05-16T16:37:44.894Z,CREATE,/testspecials2/dir_oscar_397968/dir_romeo_329803/dir_audit_460776/dir_alpha_968646,symlink_whiskey_159120.lnk,0x77c,INSERT_ROW INSERT_ROW SET_OBJECT,3,35373
1305,2026-05-16T16:37:45.060Z,CREATE,/testspecials2/dir_kilo_616914/dir_victor_389261/dir_yankee_150988/dir_temp_241630,dir_audit_757886,0x780,OPEN_TABLE_FROM SET_OBJECT INSERT_ROW INSERT_ROW INSERT_ROW INSERT_ROW,6,35377
1306,2026-05-16T16:37:43.650Z,CREATE,/testspecials2,hardlink_tango_661477.bin,0x775,INSERT_ROW INSERT_ROW,2,35378
1307,,ALLOCATE,/testspecials2/dir_kilo_616914/dir_victor_389261/dir_yankee_150988,,0x77d,ALLOCATE,1,35381
1308,2026-05-16T16:37:45.065Z,MOVE,/testspecials2/dir_kilo_616914/dir_victor_389261/dir_november_374306,dir_index_980485,0x777,DELETE_ROW DELETE_ROW INSERT_ROW INSERT_ROW SET_PARENT_ID,5,35384
1309,2026-05-16T16:37:45.410Z,CREATE,/testspecials2/dir_oscar_397968/dir_zulu_210476/dir_beta_287500/dir_archive_157527,symlink_cache_734165.lnk,0x77e,INSERT_ROW INSERT_ROW SET_OBJECT,3,35385
1310,2026-05-16T16:37:44.846Z,CREATE,/testspecials2/dir_kilo_616914,hardlink_backup_499752.json,0x779,INSERT_ROW INSERT_ROW,2,35387
1311,2026-05-16T16:37:45.524Z,CREATE,/testspecials2/dir_oscar_397968/dir_zulu_210476/dir_beta_287500/dir_archive_157527,symlink_victor_785594.lnk,0x77e,INSERT_ROW INSERT_ROW SET_OBJECT,3,35388
1312,,OP,/testspecials2/dir_oscar_397968/dir_romeo_329803/dir_audit_460776/dir_alpha_968646,,0x77c,INSERT_ROW INSERT_ROW INSERT_ROW,3,35390
1313,,OP,/testspecials2/dir_oscar_397968/dir_romeo_329803/dir_audit_460776/dir_alpha_968646,,0x77c,INSERT_ROW INSERT_ROW INSERT_ROW,3,35394
1314,,MODIFY,/testspecials2/dir_oscar_397968/dir_romeo_329803/dir_audit_460776/dir_alpha_968646,,0x77c,SET_RANGE_STATE,1,35399
1315,2026-05-16T16:37:45.989Z,CREATE,/testspecials2/dir_oscar_397968/dir_romeo_329803/dir_audit_460776,dir_india_549062,0x783,OPEN_TABLE_FROM SET_OBJECT INSERT_ROW INSERT_ROW INSERT_ROW INSERT_ROW,6,35401
1316,2026-05-16T16:37:46.060Z,CREATE,/testspecials2/dir_log_298284,data_report_421046.csv,0x776,INSERT_ROW INSERT_ROW SET_OBJECT,3,35402
1317,2026-05-16T16:37:46.213Z,CREATE,/testspecials2/dir_oscar_397968,symlink_whiskey_241368.lnk,0x781,INSERT_ROW INSERT_ROW SET_OBJECT,3,35405
1318,2026-05-16T16:37:43.401Z,CREATE,/testspecials2/dir_log_298284,hardlink_record_525004.xml,0x776,INSERT_ROW INSERT_ROW,2,35407
1319,2026-05-16T16:37:46.378Z,CREATE,/testspecials2/dir_kilo_616914/dir_victor_389261/dir_yankee_150988/dir_temp_241630,symlink_log_897762.lnk,0x780,INSERT_ROW INSERT_ROW SET_OBJECT,3,35408
1320,,ENTRY_REMOVE,/testspecials2/dir_kilo_616914/dir_victor_389261/dir_yankee_150988,,0x77d,DELETE_ROW,1,35410
1321,,OP,/testspecials2/dir_kilo_616914,,0x779,INSERT_ROW INSERT_ROW INSERT_ROW,3,35411
1322,,REPARENT,/testspecials2/dir_oscar_397968/dir_romeo_329803/dir_audit_460776/dir_alpha_968646,symlink_whiskey_260344.lnk,0x77c,DELETE_ROW INSERT_ROW REPARENT_TABLE INSERT_ROW,4,35413
1323,2026-05-16T16:37:46.705Z,CREATE,/testspecials2/dir_kilo_616914/dir_victor_389261/dir_november_374306/dir_papa_764536,symlink_temp_264967.lnk,0x778,INSERT_ROW INSERT_ROW SET_OBJECT,3,35414
1324,2026-05-16T16:37:46.794Z,CREATE,OID 0x784,dir_hotel_189988,0x784,OPEN_TABLE_FROM SET_OBJECT INSERT_ROW INSERT_ROW INSERT_ROW INSERT_ROW,6,35416
1325,2026-05-16T16:37:46.378Z,MOVE,/testspecials2/dir_kilo_616914/dir_victor_389261/dir_yankee_150988/dir_temp_241630,symlink_log_897762.lnk,0x780,DELETE_ROW DELETE_ROW INSERT_ROW INSERT_ROW,4,35417
1326,2026-05-16T16:37:46.894Z,CREATE,/testspecials2/dir_oscar_397968,audit_delta_498222.tmp,0x781,INSERT_ROW INSERT_ROW SET_OBJECT,3,35418
1327,,OP,/testspecials2/dir_oscar_397968,,0x781,INSERT_ROW INSERT_ROW INSERT_ROW,3,35420
1328,,OP,/testspecials2/dir_kilo_616914/dir_victor_389261/dir_november_374306/dir_papa_764536,,0x778,INSERT_ROW INSERT_ROW INSERT_ROW,3,35422
1329,,ENTRY_REMOVE,/testspecials2/dir_log_298284,,0x776,DELETE_ROW,1,35423
1330,,REPARENT,/testspecials2/dir_kilo_616914/dir_victor_389261/dir_yankee_150988,lima_backup_939540.csv,0x77d,DELETE_ROW INSERT_ROW REPARENT_TABLE INSERT_ROW,4,35424
1331,2026-05-16T16:37:47.347Z,CREATE,/testspecials2/dir_kilo_616914/dir_victor_389261/dir_november_374306,symlink_foxtrot_414830.lnk,0x777,INSERT_ROW INSERT_ROW SET_OBJECT,3,35425
1332,,OP,/testspecials2/dir_oscar_397968/dir_romeo_329803/dir_audit_460776,,0x783,INSERT_ROW INSERT_ROW INSERT_ROW,3,35427
1333,2026-05-16T16:37:47.467Z,CREATE,/testspecials2/dir_oscar_397968/dir_zulu_210476/dir_beta_287500/dir_archive_157527,quebec_sierra_194987.dat,0x77e,INSERT_ROW INSERT_ROW SET_OBJECT,3,35428
1334,2026-05-16T16:37:47.564Z,CREATE,OID 0x785,dir_beta_580190,0x785,OPEN_TABLE_FROM SET_OBJECT INSERT_ROW INSERT_ROW INSERT_ROW INSERT_ROW,6,35430
1335,2026-05-16T16:37:47.688Z,CREATE,/testspecials2/dir_oscar_397968,quebec_quebec_987509.log,0x781,INSERT_ROW INSERT_ROW SET_OBJECT,3,35431
1336,2026-05-16T16:37:48.129Z,CREATE,OID 0x788,dir_victor_529298,0x788,OPEN_TABLE_FROM SET_OBJECT INSERT_ROW INSERT_ROW INSERT_ROW INSERT_ROW,6,35438
1337,2026-05-16T16:37:46.213Z,CREATE,/testspecials2/dir_oscar_397968,hardlink_kilo_452190.lnk,0x781,INSERT_ROW INSERT_ROW,2,35439
1338,2026-05-16T16:37:48.372Z,CREATE,/testspecials2/dir_log_298284,archive_sierra_385249.dat,0x776,INSERT_ROW INSERT_ROW SET_OBJECT,3,35440
1339,,CONTAINER,,,,MOVE_CONTAINER MOVE_CONTAINER MOVE_CONTAINER MOVE_CONTAINER,4,35443
1340,2026-05-16T16:37:47.158Z,CREATE,/testspecials2/dir_log_298284,hardlink_hotel_900638.xml,0x776,INSERT_ROW INSERT_ROW,2,35444
1341,,REPARENT,/testspecials2/dir_oscar_397968/dir_zulu_210476/dir_beta_287500/dir_archive_157527,symlink_victor_785594.lnk,0x77e,DELETE_ROW INSERT_ROW REPARENT_TABLE INSERT_ROW,4,35449
1342,2026-05-16T16:37:45.524Z,CREATE,/testspecials2/dir_oscar_397968/dir_zulu_210476/dir_beta_287500/dir_archive_157527,hardlink_draft_656922.lnk,0x77e,INSERT_ROW INSERT_ROW,2,35450
1343,2026-05-16T16:37:48.901Z,CREATE,/testspecials2/dir_kilo_616914/dir_victor_389261/dir_november_374306,symlink_tango_625710.lnk,0x777,INSERT_ROW INSERT_ROW SET_OBJECT,3,35452
1344,,OP,/testspecials2/dir_kilo_616914/dir_victor_389261/dir_november_374306,,0x777,INSERT_ROW INSERT_ROW INSERT_ROW,3,35453
1345,,ALLOCATE,/testspecials2/dir_log_298284,,0x776,ALLOCATE,1,35455
1346,2026-05-16T16:37:49.084Z,CREATE,/testspecials2/dir_oscar_397968,alpha_echo_382340.dat,0x781,INSERT_ROW INSERT_ROW SET_OBJECT,3,35456
1347,,STREAM_UPD,/testspecials2/dir_oscar_397968,,0x781,DELETE_ROW INSERT_ROW OPEN_TABLE_FROM UPDATE_STREAM ALLOCATE UPDATE_STREAM,6,35457
1348,,ENTRY_REMOVE,/testspecials2/dir_kilo_616914/dir_victor_389261/dir_yankee_150988,,0x77d,DELETE_ROW DELETE_ROW DELETE_ROW,3,35458
1349,2026-05-16T16:37:44.164Z,CREATE,/testspecials2/dir_oscar_397968/dir_romeo_329803/dir_audit_460776/dir_alpha_968646,hardlink_zulu_203183.txt,0x77c,INSERT_ROW INSERT_ROW,2,35459
1350,,MODIFY,/testspecials2/dir_oscar_397968/dir_zulu_210476/dir_beta_287500/dir_archive_157527,,0x77e,FREE,1,35460
1351,2026-05-16T16:37:49.376Z,CREATE,/testspecials2/dir_kilo_616914/dir_victor_389261/dir_yankee_150988/dir_temp_241630,cache_romeo_160364.tmp,0x780,INSERT_ROW INSERT_ROW SET_OBJECT,3,35461
1352,2026-05-16T16:37:49.854Z,CREATE,/testspecials2,quebec_record_289611.log,0x775,INSERT_ROW INSERT_ROW SET_OBJECT,3,35466
1353,,STREAM_UPD,/testspecials2,,0x775,DELETE_ROW INSERT_ROW OPEN_TABLE_FROM UPDATE_STREAM ALLOCATE UPDATE_STREAM,6,35468
1354,2026-05-16T16:37:49.950Z,CREATE,/testspecials2/dir_kilo_616914/dir_victor_389261,dir_november_469600,0x78a,OPEN_TABLE_FROM SET_OBJECT INSERT_ROW INSERT_ROW INSERT_ROW INSERT_ROW,6,35469
1355,2026-05-16T16:37:50.031Z,CREATE,/testspecials2/dir_kilo_616914/dir_victor_389261/dir_november_374306/dir_quebec_843211,symlink_draft_785303.lnk,0x782,INSERT_ROW INSERT_ROW SET_OBJECT,3,35472
1356,2026-05-16T16:37:50.146Z,CREATE,/testspecials2/dir_kilo_616914/dir_backup_630871,dir_quebec_123706,0x78b,OPEN_TABLE_FROM SET_OBJECT INSERT_ROW INSERT_ROW INSERT_ROW INSERT_ROW,6,35474
1357,2026-05-16T16:37:48.704Z,CREATE,/testspecials2,hardlink_output_553502.log,0x775,INSERT_ROW INSERT_ROW,2,35475
1358,2026-05-16T16:37:50.324Z,CREATE,/testspecials2/dir_kilo_616914/dir_victor_389261/dir_november_374306,symlink_victor_440875.lnk,0x777,INSERT_ROW INSERT_ROW SET_OBJECT,3,35476
1359,,STREAM_UPD,/testspecials2/dir_oscar_397968/dir_romeo_329803/dir_audit_460776/dir_alpha_968646,,0x77c,DELETE_ROW INSERT_ROW OPEN_TABLE_FROM UPDATE_STREAM ALLOCATE UPDATE_STREAM,6,35478
1360,,REPARENT,/testspecials2,quebec_record_289611.log,0x775,DELETE_ROW INSERT_ROW REPARENT_TABLE INSERT_ROW,4,35479
1361,2026-05-16T16:37:50.553Z,CREATE,/testspecials2/dir_kilo_616914/dir_victor_389261/dir_november_374306/dir_archive_113008,symlink_mike_818446.lnk,0x789,INSERT_ROW INSERT_ROW SET_OBJECT,3,35480
1362,2026-05-16T16:37:50.716Z,CREATE,/testspecials2/dir_oscar_397968/dir_romeo_329803/dir_audit_460776/dir_alpha_968646,symlink_victor_739074.lnk,0x77c,INSERT_ROW INSERT_ROW SET_OBJECT,3,35482
1363,,REPARENT,/testspecials2/dir_kilo_616914/dir_victor_389261/dir_november_374306/dir_papa_764536,symlink_zulu_894930.lnk,0x778,DELETE_ROW INSERT_ROW REPARENT_TABLE INSERT_ROW,4,35484
1364,2026-05-16T16:37:50.896Z,CREATE,/testspecials2/dir_kilo_616914/dir_victor_389261/dir_yankee_150988/dir_hotel_533721,dir_temp_556555,0x78c,OPEN_TABLE_FROM SET_OBJECT INSERT_ROW INSERT_ROW INSERT_ROW INSERT_ROW,6,35485
1365,2026-05-16T16:37:50.980Z,CREATE,/testspecials2/dir_oscar_397968/dir_zulu_210476,symlink_quebec_968190.lnk,0x787,INSERT_ROW INSERT_ROW SET_OBJECT,3,35486
1366,,OP,/testspecials2/dir_oscar_397968/dir_zulu_210476,,0x787,INSERT_ROW INSERT_ROW INSERT_ROW,3,35487
1367,,ALLOCATE,/testspecials2/dir_oscar_397968/dir_romeo_329803/dir_audit_460776,,0x783,ALLOCATE,1,35489
1368,2026-05-16T16:37:51.197Z,CREATE,/testspecials2/dir_oscar_397968/dir_zulu_210476/dir_beta_287500/dir_archive_157527,symlink_hotel_161113.lnk,0x77e,INSERT_ROW INSERT_ROW SET_OBJECT,3,35490
1369,,ENTRY_REMOVE,/testspecials2/dir_kilo_616914/dir_victor_389261/dir_yankee_150988/dir_temp_241630,,0x780,DELETE_ROW,1,35492
1370,2026-05-16T16:37:51.407Z,CREATE,/testspecials2/dir_oscar_397968/dir_zulu_210476,foxtrot_lima_279318.json,0x787,INSERT_ROW INSERT_ROW SET_OBJECT,3,35493
1371,,STREAM_UPD,/testspecials2/dir_kilo_616914,,0x779,DELETE_ROW INSERT_ROW OPEN_TABLE_FROM UPDATE_STREAM ALLOCATE UPDATE_STREAM,6,35497
1372,2026-05-16T16:37:51.809Z,CREATE,/testspecials2/dir_log_298284,sync_sierra_408339.xml,0x776,INSERT_ROW INSERT_ROW SET_OBJECT,3,35499
1373,2026-05-16T16:37:51.940Z,CREATE,/testspecials2/dir_oscar_397968/dir_romeo_329803/dir_audit_460776/dir_alpha_968646/dir_index_575924,dir_index_575924,0x78d,OPEN_TABLE_FROM SET_OBJECT INSERT_ROW INSERT_ROW INSERT_ROW INSERT_ROW,6,35501
1374,,REPARENT,/testspecials2/dir_kilo_616914/dir_victor_389261/dir_november_374306,symlink_zulu_972818.lnk,0x777,DELETE_ROW INSERT_ROW REPARENT_TABLE INSERT_ROW,4,35506
1375,2026-05-16T16:37:52.328Z,CREATE,/testspecials2/dir_oscar_397968/dir_romeo_329803/dir_audit_460776,symlink_sierra_502416.lnk,0x783,INSERT_ROW INSERT_ROW SET_OBJECT,3,35507
1376,,ENTRY_REMOVE,/testspecials2/dir_oscar_397968/dir_romeo_329803/dir_audit_460776/dir_alpha_968646/dir_index_575924,,0x78d,DELETE_ROW,1,35509
1377,2026-05-16T16:37:52.561Z,CREATE,/testspecials2/dir_log_298284/dir_draft_685915/dir_romeo_104507,dir_index_311771,0x790,OPEN_TABLE_FROM SET_OBJECT INSERT_ROW INSERT_ROW INSERT_ROW INSERT_ROW,6,35510
1378,2026-05-16T16:37:52.628Z,CREATE,/testspecials2/dir_kilo_616914/dir_victor_389261/dir_yankee_150988/dir_india_422520,dir_india_422520,0x791,OPEN_TABLE_FROM SET_OBJECT INSERT_ROW INSERT_ROW INSERT_ROW INSERT_ROW,6,35511
1379,2026-05-16T16:37:52.998Z,CREATE,OID 0x792,dir_mike_908694,0x792,OPEN_TABLE_FROM SET_OBJECT INSERT_ROW INSERT_ROW INSERT_ROW INSERT_ROW,6,35514
1380,2026-05-16T16:37:53.227Z,CREATE,/testspecials2/dir_kilo_616914/dir_victor_389261/dir_yankee_150988/dir_india_422520,config_oscar_424850.csv,0x791,INSERT_ROW INSERT_ROW SET_OBJECT,3,35516
1381,2026-05-16T16:37:44.136Z,CREATE,/testspecials2/dir_kilo_616914,hardlink_sierra_747286.md,0x779,INSERT_ROW INSERT_ROW,2,35529
1382,2026-05-16T16:37:53.667Z,CREATE,/testspecials2/dir_log_298284/dir_draft_685915/dir_papa_627382,dir_sync_708315,0x794,OPEN_TABLE_FROM SET_OBJECT INSERT_ROW INSERT_ROW INSERT_ROW INSERT_ROW,6,35530
1383,2026-05-16T16:37:53.822Z,CREATE,/testspecials2/dir_oscar_397968/dir_romeo_329803,dir_gamma_420872,0x795,OPEN_TABLE_FROM SET_OBJECT INSERT_ROW INSERT_ROW INSERT_ROW INSERT_ROW,6,35535
1384,,STREAM_UPD,/testspecials2/dir_kilo_616914/dir_victor_389261/dir_november_374306/dir_delta_934495,,0x78e,DELETE_ROW INSERT_ROW OPEN_TABLE_FROM UPDATE_STREAM ALLOCATE UPDATE_STREAM,6,35538
1385,,MODIFY,/testspecials2/dir_kilo_616914/dir_victor_389261/dir_yankee_150988/dir_india_422520,,0x791,SET_RANGE_STATE,1,35542
1386,,MODIFY,/testspecials2/dir_kilo_616914/dir_victor_389261/dir_november_374306/dir_delta_934495,,0x78e,SET_RANGE_STATE,1,35543
1387,,ALLOCATE,/testspecials2,,0x775,ALLOCATE,1,35545
1388,,OP,/testspecials2/dir_kilo_616914/dir_victor_389261/dir_yankee_150988/dir_hotel_533721,,0x78c,INSERT_ROW INSERT_ROW INSERT_ROW,3,35547
1389,2026-05-16T16:37:54.504Z,CREATE,/testspecials2/dir_kilo_616914/dir_victor_389261,symlink_index_642846.lnk,0x78a,INSERT_ROW INSERT_ROW SET_OBJECT,3,35549
1390,,OP,/testspecials2/dir_kilo_616914/dir_victor_389261,,0x78a,INSERT_ROW INSERT_ROW INSERT_ROW,3,35550
1391,2026-05-16T16:37:54.596Z,CREATE,/testspecials2,zulu_audit_664443.log,0x775,INSERT_ROW INSERT_ROW SET_OBJECT,3,35551
1392,,STREAM_UPD,/testspecials2/dir_kilo_616914/dir_victor_389261/dir_november_374306,,0x777,DELETE_ROW INSERT_ROW OPEN_TABLE_FROM UPDATE_STREAM ALLOCATE UPDATE_STREAM,6,35553
1393,2026-05-16T16:37:54.936Z,CREATE,/testspecials2/dir_kilo_616914/dir_victor_389261/dir_november_374306/dir_quebec_843211,symlink_cache_183222.lnk,0x782,INSERT_ROW INSERT_ROW SET_OBJECT,3,35554
1394,,OP,/testspecials2/dir_kilo_616914/dir_victor_389261/dir_november_374306/dir_archive_113008,,0x789,INSERT_ROW INSERT_ROW INSERT_ROW,3,35556
1395,,ENTRY_REMOVE,/testspecials2,,0x775,DELETE_ROW,1,35557
1396,,STREAM_UPD,/testspecials2/dir_log_298284/dir_draft_685915/dir_papa_627382,,0x794,DELETE_ROW INSERT_ROW OPEN_TABLE_FROM UPDATE_STREAM ALLOCATE UPDATE_STREAM,6,35558
1397,2026-05-16T16:37:55.516Z,CREATE,/testspecials2/dir_oscar_397968/dir_romeo_329803/dir_audit_460776/dir_alpha_968646,uniform_record_554074.xml,0x77c,INSERT_ROW INSERT_ROW SET_OBJECT,3,35559
1398,2026-05-16T16:37:55.767Z,CREATE,OID 0x796,dir_kilo_204376,0x796,OPEN_TABLE_FROM SET_OBJECT INSERT_ROW INSERT_ROW INSERT_ROW INSERT_ROW,6,35561
1399,2026-05-16T16:37:55.951Z,CREATE,/testspecials2/dir_kilo_616914/dir_victor_389261/dir_yankee_150988/dir_papa_820469,dir_papa_820469,0x797,OPEN_TABLE_FROM SET_OBJECT INSERT_ROW INSERT_ROW INSERT_ROW INSERT_ROW,6,35563
1400,,MODIFY,/testspecials2/dir_log_298284/dir_draft_685915/dir_papa_627382,,0x794,SET_RANGE_STATE,1,35565
1401,2026-05-16T16:37:48.901Z,CREATE,/testspecials2/dir_kilo_616914/dir_victor_389261/dir_november_374306,hardlink_audit_769019.lnk,0x777,INSERT_ROW INSERT_ROW,2,35566
1402,2026-05-16T16:37:56.320Z,CREATE,/testspecials2/dir_kilo_616914/dir_victor_389261/dir_november_374306,symlink_hotel_334451.lnk,0x777,INSERT_ROW INSERT_ROW SET_OBJECT,3,35567
1403,,ALLOCATE,/testspecials2/dir_kilo_616914/dir_victor_389261/dir_yankee_150988/dir_india_422520,,0x791,ALLOCATE,1,35569
1404,2026-05-16T16:37:56.454Z,CREATE,/testspecials2/dir_oscar_397968/dir_zulu_210476/dir_beta_287500/dir_archive_157527,romeo_trace_213249.json,0x77e,INSERT_ROW INSERT_ROW SET_OBJECT,3,35570
1405,,MODIFY,/testspecials2/dir_kilo_616914/dir_backup_630871,,0x78b,UPDATE_ROW,1,35572
1406,,STREAM_UPD,/testspecials2/dir_kilo_616914/dir_backup_630871,,0x78b,UPDATE_STREAM,1,35573
1407,2026-05-16T16:37:56.728Z,CREATE,/testspecials2/dir_log_298284/dir_draft_685915/dir_papa_627382,zulu_tango_592986.json,0x794,INSERT_ROW INSERT_ROW SET_OBJECT,3,35574
1408,,STREAM_UPD,/testspecials2/dir_log_298284/dir_draft_685915/dir_papa_627382,,0x794,UPDATE_STREAM,1,35575
1409,2026-05-16T16:37:44.136Z,CREATE,/testspecials2/dir_kilo_616914,hardlink_sync_127557.md,0x779,INSERT_ROW INSERT_ROW,2,35576
1410,,STREAM_UPD,/testspecials2/dir_kilo_616914/dir_victor_389261/dir_november_374306/dir_archive_113008,,0x789,DELETE_ROW INSERT_ROW OPEN_TABLE_FROM UPDATE_STREAM ALLOCATE UPDATE_STREAM,6,35580
1411,,ENTRY_REMOVE,/testspecials2,,0x775,DELETE_ROW,1,35583
1412,2026-05-16T16:37:57.728Z,CREATE,/testspecials2/dir_kilo_616914/dir_victor_389261/dir_yankee_150988/dir_papa_820469/dir_papa_622200,dir_papa_622200,0x798,OPEN_TABLE_FROM SET_OBJECT INSERT_ROW INSERT_ROW INSERT_ROW INSERT_ROW,6,35584
1413,,ENTRY_REMOVE,/testspecials2,,0x775,DELETE_ROW,1,35588
1414,2026-05-16T16:37:58.243Z,CREATE,/testspecials2/dir_oscar_397968/dir_zulu_210476/dir_beta_287500/dir_archive_157527,archive_output_434698.txt,0x77e,INSERT_ROW INSERT_ROW SET_OBJECT,3,35589
1415,2026-05-16T16:37:58.523Z,CREATE,/testspecials2/dir_kilo_616914/dir_victor_389261/dir_yankee_150988/dir_papa_820469/dir_papa_622200,symlink_delta_931926.lnk,0x798,INSERT_ROW INSERT_ROW SET_OBJECT,3,35592
1416,,ENTRY_REMOVE,/testspecials2/dir_log_298284/dir_draft_685915,,0x78f,DELETE_ROW,1,35594
1417,,STREAM_UPD,/testspecials2/dir_kilo_616914/dir_victor_389261/dir_november_374306/dir_papa_764536,,0x778,DELETE_ROW INSERT_ROW OPEN_TABLE_FROM UPDATE_STREAM ALLOCATE UPDATE_STREAM,6,35595
1418,,REPARENT,/testspecials2/dir_log_298284,symlink_output_203335.lnk,0x776,DELETE_ROW INSERT_ROW REPARENT_TABLE INSERT_ROW,4,35596
1419,,ENTRY_REMOVE,/testspecials2/dir_oscar_397968/dir_romeo_329803/dir_audit_460776,,0x783,DELETE_ROW,1,35598
1420,2026-05-16T16:37:59.333Z,CREATE,/testspecials2/dir_kilo_616914/dir_victor_389261/dir_yankee_150988/dir_india_422520,symlink_whiskey_914463.lnk,0x791,INSERT_ROW INSERT_ROW SET_OBJECT,3,35599
1421,,REPARENT,/testspecials2/dir_kilo_616914/dir_victor_389261/dir_november_374306/dir_papa_764536,log_echo_397510.cfg,0x778,DELETE_ROW INSERT_ROW REPARENT_TABLE INSERT_ROW,4,35601
1422,2026-05-16T16:37:59.712Z,CREATE,/testspecials2/dir_oscar_397968/dir_zulu_210476,symlink_hotel_291358.lnk,0x787,INSERT_ROW INSERT_ROW SET_OBJECT,3,35602
1423,,OP,/testspecials2/dir_oscar_397968/dir_zulu_210476,,0x787,INSERT_ROW INSERT_ROW INSERT_ROW,3,35603
1424,,ENTRY_REMOVE,/testspecials2/dir_oscar_397968/dir_zulu_210476,,0x787,DELETE_ROW,1,35604
1425,,MODIFY,/testspecials2/dir_oscar_397968/dir_zulu_210476/dir_beta_287500/dir_archive_157527,,0x77e,SET_RANGE_STATE,1,35608
1426,,STREAM_UPD,/testspecials2/dir_kilo_616914/dir_victor_389261/dir_yankee_150988/dir_temp_241630,,0x780,DELETE_ROW INSERT_ROW OPEN_TABLE_FROM UPDATE_STREAM ALLOCATE UPDATE_STREAM,6,35609
1427,2026-05-16T16:38:00.328Z,CREATE,OID 0x79a,dir_index_786478,0x79a,OPEN_TABLE_FROM SET_OBJECT INSERT_ROW INSERT_ROW INSERT_ROW INSERT_ROW,6,35611
1428,2026-05-16T16:37:53.461Z,MOVE,/testspecials2/dir_kilo_616914/dir_victor_389261/dir_yankee_150988/dir_india_422520,hardlink_whiskey_227822.xml,0x791,DELETE_ROW DELETE_ROW INSERT_ROW INSERT_ROW,4,35612
1429,,CONTAINER,,,,MOVE_CONTAINER MOVE_CONTAINER,2,35614
1430,,REPARENT,/testspecials2,uniform_record_382983.ini,0x775,DELETE_ROW INSERT_ROW REPARENT_TABLE INSERT_ROW,4,35619
1431,2026-05-16T16:37:58.336Z,CREATE,/testspecials2,hardlink_cache_917598.ini,0x775,INSERT_ROW INSERT_ROW,2,35620
1432,2026-05-16T16:38:00.834Z,CREATE,/testspecials2/dir_kilo_616914/dir_victor_389261,config_whiskey_746300.csv,0x78a,INSERT_ROW INSERT_ROW SET_OBJECT,3,35621
1433,,STREAM_UPD,/testspecials2/dir_kilo_616914/dir_victor_389261,,0x78a,DELETE_ROW INSERT_ROW OPEN_TABLE_FROM UPDATE_STREAM ALLOCATE UPDATE_STREAM,6,35622
1434,2026-05-16T16:38:00.990Z,CREATE,/testspecials2/dir_kilo_616914/dir_victor_389261/dir_november_374306/dir_quebec_843211/dir_archive_278198,dir_archive_278198,0x79b,OPEN_TABLE_FROM SET_OBJECT INSERT_ROW INSERT_ROW INSERT_ROW INSERT_ROW,6,35626
1435,,REPARENT,/testspecials2/dir_log_298284,india_romeo_106206.bak,0x776,DELETE_ROW INSERT_ROW REPARENT_TABLE INSERT_ROW,4,35629
1436,2026-05-16T16:38:01.238Z,CREATE,/testspecials2/dir_trace_120580,dir_trace_120580,0x79c,OPEN_TABLE_FROM SET_OBJECT INSERT_ROW INSERT_ROW INSERT_ROW INSERT_ROW,6,35631
1437,2026-05-16T16:37:47.107Z,CREATE,/testspecials2/dir_kilo_616914/dir_victor_389261/dir_november_374306/dir_papa_764536,hardlink_oscar_160656.lnk,0x778,INSERT_ROW INSERT_ROW,2,35636
1438,2026-05-16T16:38:01.898Z,CREATE,/testspecials2/dir_kilo_616914/dir_victor_389261/dir_november_374306/dir_quebec_843211/dir_archive_278198,symlink_archive_582952.lnk,0x79b,INSERT_ROW INSERT_ROW SET_OBJECT,3,35637
1439,,MODIFY,/testspecials2/dir_kilo_616914/dir_victor_389261/dir_yankee_150988/dir_temp_241630,,0x780,SET_RANGE_STATE,1,35640
1440,,MODIFY,/testspecials2,,0x775,SET_RANGE_STATE,1,35642
1441,2026-05-16T16:37:46.213Z,CREATE,/testspecials2/dir_oscar_397968,hardlink_audit_719394.lnk,0x781,INSERT_ROW INSERT_ROW,2,35643
1442,2026-05-16T16:37:59.333Z,CREATE,/testspecials2/dir_kilo_616914/dir_victor_389261/dir_yankee_150988/dir_india_422520,hardlink_beta_171315.lnk,0x791,INSERT_ROW INSERT_ROW,2,35644
1443,2026-05-16T16:38:02.359Z,CREATE,/testspecials2/dir_trace_120580,symlink_cache_281035.lnk,0x79c,INSERT_ROW INSERT_ROW SET_OBJECT,3,35645
1444,2026-05-16T16:38:02.637Z,CREATE,/testspecials2/dir_log_298284/dir_draft_685915/dir_romeo_104507,symlink_archive_985452.lnk,0x790,INSERT_ROW INSERT_ROW SET_OBJECT,3,35647
1445,,OP,/testspecials2/dir_oscar_397968,,0x781,INSERT_ROW INSERT_ROW INSERT_ROW,3,35649
1446,2026-05-16T16:37:43.936Z,CREATE,/testspecials2/dir_kilo_616914/dir_victor_389261/dir_november_374306/dir_papa_764536,hardlink_beta_342827.lnk,0x778,INSERT_ROW INSERT_ROW,2,35650
1447,2026-05-16T16:38:03.188Z,CREATE,OID 0x79e,dir_uniform_147763,0x79e,OPEN_TABLE_FROM SET_OBJECT INSERT_ROW INSERT_ROW INSERT_ROW INSERT_ROW,6,35653
1448,2026-05-16T16:38:03.278Z,CREATE,/testspecials2/dir_kilo_616914/dir_victor_389261/dir_yankee_150988/dir_temp_241630,index_cache_892295.bak,0x780,INSERT_ROW INSERT_ROW SET_OBJECT,3,35654
1449,,ENTRY_REMOVE,/testspecials2/dir_log_298284/dir_draft_685915,,0x78f,DELETE_ROW,1,35657
1450,2026-05-16T16:38:02.759Z,CREATE,/testspecials2/dir_oscar_397968,hardlink_quebec_640044.lnk,0x781,INSERT_ROW INSERT_ROW,2,35658
1451,2026-05-16T16:38:03.890Z,CREATE,/testspecials2/dir_log_298284,echo_delta_245447.xml,0x776,INSERT_ROW INSERT_ROW SET_OBJECT,3,35659
1452,2026-05-16T16:38:04.042Z,CREATE,/testspecials2/dir_kilo_616914/dir_victor_389261/dir_yankee_150988/dir_papa_820469,symlink_trace_113741.lnk,0x797,INSERT_ROW INSERT_ROW SET_OBJECT,3,35661
1453,2026-05-16T16:38:04.348Z,CREATE,/testspecials2/dir_kilo_616914/dir_victor_389261/dir_yankee_150988/dir_papa_820469/dir_papa_622200,symlink_romeo_188012.lnk,0x798,INSERT_ROW INSERT_ROW SET_OBJECT,3,35665
1454,,ALLOCATE,/testspecials2/dir_kilo_616914/dir_victor_389261/dir_november_374306/dir_quebec_843211,,0x782,ALLOCATE,1,35669
1455,2026-05-16T16:38:04.872Z,CREATE,/testspecials2/dir_log_298284/dir_draft_685915,symlink_gamma_290081.lnk,0x78f,INSERT_ROW INSERT_ROW SET_OBJECT,3,35670
1456,2026-05-16T16:38:05.174Z,CREATE,/testspecials2/dir_kilo_616914/dir_victor_389261/dir_yankee_150988/dir_india_422520,symlink_audit_937896.lnk,0x791,INSERT_ROW INSERT_ROW SET_OBJECT,3,35676
1457,,STREAM_UPD,/testspecials2/dir_log_298284/dir_draft_685915/dir_romeo_104507,,0x790,DELETE_ROW INSERT_ROW OPEN_TABLE_FROM UPDATE_STREAM ALLOCATE UPDATE_STREAM,6,35678
1458,2026-05-16T16:37:42.998Z,CREATE,/testspecials2,hardlink_report_295824.dat,0x775,INSERT_ROW INSERT_ROW,2,35680
1459,,STREAM_UPD,/testspecials2/dir_kilo_616914/dir_victor_389261/dir_november_374306/dir_quebec_843211/dir_archive_278198,,0x79b,DELETE_ROW INSERT_ROW OPEN_TABLE_FROM UPDATE_STREAM ALLOCATE UPDATE_STREAM,6,35685
1460,,MODIFY,/testspecials2/dir_kilo_616914/dir_victor_389261/dir_november_374306/dir_quebec_843211,,0x782,SET_RANGE_STATE,1,35690
1461,,OP,/testspecials2/dir_oscar_397968/dir_zulu_210476/dir_beta_287500/dir_archive_157527,,0x77e,INSERT_ROW INSERT_ROW INSERT_ROW,3,35691
1462,2026-05-16T16:38:05.174Z,CREATE,/testspecials2/dir_kilo_616914/dir_victor_389261/dir_yankee_150988/dir_india_422520,hardlink_kilo_328638.lnk,0x791,INSERT_ROW INSERT_ROW,2,35694
1463,2026-05-16T16:38:06.442Z,CREATE,/testspecials2/dir_kilo_616914/dir_victor_389261/dir_yankee_150988/dir_temp_241630,symlink_kilo_716056.lnk,0x780,INSERT_ROW INSERT_ROW SET_OBJECT,3,35695
1464,,OP,/testspecials2/dir_oscar_397968/dir_romeo_329803,,0x795,INSERT_ROW INSERT_ROW INSERT_ROW,3,35697
1465,2026-05-16T16:38:06.665Z,CREATE,/testspecials2/dir_yankee_474982,dir_quebec_159709,0x7a2,OPEN_TABLE_FROM SET_OBJECT INSERT_ROW INSERT_ROW INSERT_ROW INSERT_ROW,6,35698
1466,2026-05-16T16:38:06.820Z,CREATE,/testspecials2/dir_oscar_397968/dir_romeo_329803/dir_audit_460776,symlink_oscar_987169.lnk,0x783,INSERT_ROW INSERT_ROW SET_OBJECT,3,35699
1467,,ALLOCATE,/testspecials2/dir_kilo_616914/dir_victor_389261/dir_november_374306/dir_quebec_843211/dir_archive_278198,,0x79b,ALLOCATE,1,35701
1468,2026-05-16T16:38:07.013Z,CREATE,/testspecials2/dir_kilo_616914/dir_victor_389261/dir_yankee_150988/dir_papa_820469/dir_papa_622200,archive_report_862977.xml,0x798,INSERT_ROW INSERT_ROW SET_OBJECT,3,35702
1469,,STREAM_UPD,/testspecials2/dir_kilo_616914/dir_victor_389261/dir_yankee_150988/dir_papa_820469/dir_papa_622200,,0x798,DELETE_ROW INSERT_ROW OPEN_TABLE_FROM UPDATE_STREAM ALLOCATE UPDATE_STREAM,6,35703
1470,2026-05-16T16:37:57.988Z,MOVE,/testspecials2,hardlink_backup_621140.log,0x775,DELETE_ROW DELETE_ROW INSERT_ROW INSERT_ROW,4,35705
1471,,OP,/testspecials2/dir_kilo_616914/dir_victor_389261,,0x78a,INSERT_ROW INSERT_ROW INSERT_ROW,3,35707
1472,2026-05-16T16:38:07.473Z,CREATE,/testspecials2/dir_kilo_616914/dir_victor_389261/dir_yankee_150988/dir_papa_820469,symlink_config_454530.lnk,0x797,INSERT_ROW INSERT_ROW SET_OBJECT,3,35708
1473,,MODIFY,/testspecials2/dir_kilo_616914/dir_victor_389261/dir_november_374306/dir_quebec_843211/dir_archive_278198,,0x79b,SET_RANGE_STATE,1,35713
1474,,STREAM_UPD,/testspecials2/dir_kilo_616914/dir_victor_389261/dir_yankee_150988,,0x77d,DELETE_ROW INSERT_ROW OPEN_TABLE_FROM UPDATE_STREAM ALLOCATE UPDATE_STREAM,6,35715
1475,2026-05-16T16:38:08.458Z,CREATE,/testspecials2/dir_oscar_397968/dir_romeo_329803/dir_audit_460776/dir_alpha_968646/dir_echo_972255,symlink_config_569900.lnk,0x799,INSERT_ROW INSERT_ROW SET_OBJECT,3,35716
1476,,OP,/testspecials2/dir_oscar_397968/dir_romeo_329803/dir_audit_460776/dir_alpha_968646/dir_echo_972255,,0x799,INSERT_ROW INSERT_ROW INSERT_ROW,3,35717
1477,2026-05-16T16:38:08.653Z,CREATE,/testspecials2/dir_kilo_616914/dir_victor_389261/dir_yankee_150988/dir_papa_820469,quebec_data_104204.txt,0x797,INSERT_ROW INSERT_ROW SET_OBJECT,3,35719
1478,2026-05-16T16:38:00.170Z,MOVE,/testspecials2,dir_quebec_123706,0x775,DELETE_ROW DELETE_ROW INSERT_ROW INSERT_ROW SET_PARENT_ID,5,35722
1479,2026-05-16T16:38:09.447Z,CREATE,/testspecials2/dir_oscar_397968/dir_romeo_329803,delta_lima_895236.log,0x795,INSERT_ROW INSERT_ROW SET_OBJECT,3,35724
1480,2026-05-16T16:38:09.795Z,CREATE,/testspecials2/dir_log_298284/dir_draft_685915/dir_papa_627382,symlink_draft_534958.lnk,0x794,INSERT_ROW INSERT_ROW SET_OBJECT,3,35726
1481,2026-05-16T16:38:10.518Z,CREATE,/testspecials2/dir_oscar_397968/dir_romeo_329803,zulu_victor_600527.ini,0x795,INSERT_ROW INSERT_ROW SET_OBJECT,3,35732
1482,,STREAM_UPD,/testspecials2/dir_yankee_474982,,0x7a2,DELETE_ROW INSERT_ROW OPEN_TABLE_FROM UPDATE_STREAM ALLOCATE UPDATE_STREAM,6,35734
1483,2026-05-16T16:37:44.345Z,CREATE,/testspecials2/dir_kilo_616914/dir_victor_389261/dir_november_374306/dir_papa_764536,hardlink_tango_280498.lnk,0x778,INSERT_ROW INSERT_ROW,2,35735
1484,2026-05-16T16:38:10.868Z,CREATE,/testspecials2/dir_oscar_397968/dir_romeo_329803,data_romeo_908795.dat,0x795,INSERT_ROW INSERT_ROW SET_OBJECT,3,35736
1485,,OP,/testspecials2/dir_kilo_616914,,0x779,INSERT_ROW INSERT_ROW INSERT_ROW,3,35739
1486,2026-05-16T16:38:11.524Z,CREATE,/testspecials2/dir_oscar_397968/dir_romeo_329803/dir_audit_460776/dir_alpha_968646/dir_echo_972255,symlink_archive_909364.lnk,0x799,INSERT_ROW INSERT_ROW SET_OBJECT,3,35741
1487,,STREAM_UPD,/testspecials2/dir_kilo_616914/dir_victor_389261/dir_november_374306,,0x777,DELETE_ROW INSERT_ROW OPEN_TABLE_FROM UPDATE_STREAM ALLOCATE UPDATE_STREAM,6,35743
1488,2026-05-16T16:37:46.103Z,MOVE,/testspecials2/dir_log_298284/dir_draft_685915/dir_romeo_104507,hardlink_whiskey_259623.bak,0x790,DELETE_ROW DELETE_ROW INSERT_ROW INSERT_ROW,4,35744
1489,2026-05-16T16:38:11.933Z,CREATE,/testspecials2/dir_oscar_397968/dir_zulu_210476,symlink_beta_388884.lnk,0x787,INSERT_ROW INSERT_ROW SET_OBJECT,3,35745
1490,,OP,/testspecials2/dir_oscar_397968/dir_zulu_210476,,0x787,INSERT_ROW INSERT_ROW INSERT_ROW,3,35746
1491,2026-05-16T16:38:12.102Z,CREATE,/testspecials2/dir_log_298284/dir_draft_685915/dir_romeo_104507,symlink_oscar_593768.lnk,0x790,INSERT_ROW INSERT_ROW SET_OBJECT,3,35748
1492,,STREAM_UPD,/testspecials2/dir_kilo_616914/dir_victor_389261/dir_yankee_150988/dir_papa_820469/dir_papa_622200,,0x798,DELETE_ROW INSERT_ROW OPEN_TABLE_FROM UPDATE_STREAM ALLOCATE UPDATE_STREAM,6,35750
1493,,ALLOCATE,/testspecials2/dir_log_298284/dir_draft_685915/dir_romeo_104507,,0x790,ALLOCATE,1,35753
1494,2026-05-16T16:38:12.726Z,CREATE,/testspecials2/dir_oscar_397968/dir_romeo_329803/dir_audit_460776,draft_foxtrot_484412.json,0x783,INSERT_ROW INSERT_ROW SET_OBJECT,3,35756
1495,,STREAM_UPD,/testspecials2/dir_oscar_397968/dir_romeo_329803/dir_audit_460776,,0x783,DELETE_ROW INSERT_ROW OPEN_TABLE_FROM UPDATE_STREAM ALLOCATE UPDATE_STREAM,6,35757
1496,2026-05-16T16:38:12.831Z,CREATE,/testspecials2/dir_oscar_397968,sierra_alpha_225040.tmp,0x781,INSERT_ROW INSERT_ROW SET_OBJECT,3,35758
1497,,STREAM_UPD,/testspecials2/dir_oscar_397968,,0x781,DELETE_ROW INSERT_ROW OPEN_TABLE_FROM UPDATE_STREAM ALLOCATE UPDATE_STREAM,6,35759
1498,2026-05-16T16:38:13.078Z,CREATE,/testspecials2/dir_kilo_616914,tango_draft_683595.bak,0x779,INSERT_ROW INSERT_ROW SET_OBJECT,3,35765
1499,2026-05-16T16:38:13.378Z,CREATE,/testspecials2/dir_yankee_474982,sync_trace_278669.tmp,0x7a2,INSERT_ROW INSERT_ROW SET_OBJECT,3,35769
1500,,STREAM_UPD,/testspecials2/dir_yankee_474982,,0x7a2,DELETE_ROW INSERT_ROW OPEN_TABLE_FROM UPDATE_STREAM ALLOCATE UPDATE_STREAM,6,35770
1501,2026-05-16T16:38:13.872Z,CREATE,/testspecials2/dir_kilo_616914/dir_victor_389261/dir_yankee_150988/dir_papa_820469/dir_papa_622200/dir_quebec_523018,dir_quebec_523018,0x7a6,OPEN_TABLE_FROM SET_OBJECT INSERT_ROW INSERT_ROW INSERT_ROW INSERT_ROW,6,35776
1502,2026-05-16T16:38:14.053Z,CREATE,/testspecials2/dir_kilo_616914/dir_victor_389261/dir_yankee_150988/dir_papa_820469,symlink_hotel_902291.lnk,0x797,INSERT_ROW INSERT_ROW SET_OBJECT,3,35779
1503,2026-05-16T16:37:53.461Z,CREATE,/testspecials2/dir_log_298284,hardlink_cache_865974.xml,0x776,INSERT_ROW INSERT_ROW,2,35781
1504,2026-05-16T16:38:14.568Z,CREATE,/testspecials2/dir_kilo_616914/dir_victor_389261/dir_yankee_150988/dir_temp_241630/dir_echo_440846,symlink_draft_962859.lnk,0x7a4,INSERT_ROW INSERT_ROW SET_OBJECT,3,35782
1505,,OP,/testspecials2/dir_kilo_616914/dir_victor_389261/dir_yankee_150988/dir_temp_241630/dir_echo_440846,,0x7a4,INSERT_ROW INSERT_ROW INSERT_ROW,3,35783
1506,,OP,/testspecials2/dir_oscar_397968/dir_india_406972,,0x7a1,INSERT_ROW INSERT_ROW INSERT_ROW,3,35788
1507,2026-05-16T16:38:13.515Z,RENAME,/testspecials2/dir_oscar_397968/dir_romeo_329803/dir_audit_460776,dir_alpha_940203,0x783,DELETE_ROW DELETE_ROW INSERT_ROW INSERT_ROW,4,35789
1508,,ALLOCATE,/testspecials2/dir_kilo_616914/dir_victor_389261/dir_yankee_150988/dir_hotel_533721,,0x78c,ALLOCATE,1,35791
1509,2026-05-16T16:38:15.629Z,CREATE,/testspecials2/dir_log_298284/dir_draft_685915,symlink_kilo_650448.lnk,0x78f,INSERT_ROW INSERT_ROW SET_OBJECT,3,35793
1510,2026-05-16T16:38:15.913Z,CREATE,/testspecials2/dir_kilo_616914/dir_victor_389261/dir_yankee_150988/dir_papa_820469/dir_papa_622200,record_delta_539117.md,0x798,INSERT_ROW INSERT_ROW SET_OBJECT,3,35795
1511,2026-05-16T16:38:08.458Z,CREATE,/testspecials2/dir_oscar_397968/dir_romeo_329803/dir_audit_460776/dir_alpha_968646/dir_echo_972255,hardlink_log_235932.lnk,0x799,INSERT_ROW INSERT_ROW,2,35798
1512,2026-05-16T16:37:53.461Z,RENAME,/testspecials2/dir_kilo_616914/dir_backup_630871,hardlink_oscar_569541.xml,0x78b,DELETE_ROW DELETE_ROW INSERT_ROW INSERT_ROW,4,35799
1513,2026-05-16T16:38:16.336Z,CREATE,/testspecials2/dir_kilo_616914/dir_victor_389261/dir_yankee_150988/dir_temp_241630/dir_echo_440846,archive_trace_992413.md,0x7a4,INSERT_ROW INSERT_ROW SET_OBJECT,3,35800
1514,2026-05-16T16:38:16.592Z,CREATE,/testspecials2/dir_oscar_397968,symlink_yankee_564246.lnk,0x781,INSERT_ROW INSERT_ROW SET_OBJECT,3,35803
1515,2026-05-16T16:38:16.457Z,MOVE,/testspecials2,dir_delta_126962,0x775,DELETE_ROW DELETE_ROW INSERT_ROW INSERT_ROW SET_PARENT_ID,5,35805
1516,2026-05-16T16:38:16.935Z,CREATE,/testspecials2/dir_oscar_397968/dir_india_406972,symlink_hotel_774915.lnk,0x7a1,INSERT_ROW INSERT_ROW SET_OBJECT,3,35806
1517,2026-05-16T16:37:44.164Z,CREATE,/testspecials2/dir_oscar_397968/dir_romeo_329803/dir_audit_460776/dir_alpha_968646,hardlink_draft_949950.txt,0x77c,INSERT_ROW INSERT_ROW,2,35809
1518,2026-05-16T16:38:17.568Z,CREATE,/testspecials2/dir_kilo_616914/dir_backup_630871,symlink_mike_131286.lnk,0x78b,INSERT_ROW INSERT_ROW SET_OBJECT,3,35810
1519,2026-05-16T16:38:17.995Z,CREATE,/testspecials2/dir_oscar_397968,symlink_papa_123601.lnk,0x781,INSERT_ROW INSERT_ROW SET_OBJECT,3,35812
1520,2026-05-16T16:38:18.386Z,CREATE,/testspecials2/dir_log_298284/dir_draft_685915/dir_romeo_104507,symlink_lima_305901.lnk,0x790,INSERT_ROW INSERT_ROW SET_OBJECT,3,35815
1521,2026-05-16T16:38:18.592Z,CREATE,/testspecials2/dir_oscar_397968/dir_zulu_210476,output_report_594845.ini,0x787,INSERT_ROW INSERT_ROW SET_OBJECT,3,35817
1522,,STREAM_UPD,/testspecials2/dir_oscar_397968/dir_zulu_210476,,0x787,DELETE_ROW INSERT_ROW OPEN_TABLE_FROM UPDATE_STREAM ALLOCATE UPDATE_STREAM,6,35818
1523,,ALLOCATE,/testspecials2,,0x775,ALLOCATE,1,35820
1524,2026-05-16T16:38:18.933Z,CREATE,/testspecials2/dir_oscar_397968,temp_oscar_857411.dat,0x781,INSERT_ROW INSERT_ROW SET_OBJECT,3,35821
1525,,OP,/testspecials2/dir_yankee_474982,,0x7a2,INSERT_ROW INSERT_ROW INSERT_ROW,3,35823
1526,2026-05-16T16:38:19.309Z,CREATE,/testspecials2/dir_trace_120580,mike_uniform_987865.csv,0x79c,INSERT_ROW INSERT_ROW SET_OBJECT,3,35824
1527,,STREAM_UPD,/testspecials2/dir_trace_120580,,0x79c,DELETE_ROW INSERT_ROW OPEN_TABLE_FROM UPDATE_STREAM ALLOCATE UPDATE_STREAM,6,35825
1528,2026-05-16T16:38:19.623Z,CREATE,/testspecials2/dir_yankee_474982/dir_mike_734231,dir_log_472244,0x7a8,OPEN_TABLE_FROM SET_OBJECT INSERT_ROW INSERT_ROW INSERT_ROW INSERT_ROW,6,35827
1529,2026-05-16T16:38:20.358Z,DELETE,/testspecials2/dir_oscar_397968/dir_romeo_329803,dir_kilo_204376,0x795,DELETE_ROW DELETE_ROW DELETE_TABLE DELETE_ROW,4,35832
1530,2026-05-16T16:38:20.657Z,CREATE,/testspecials2,mike_index_889080.lnk,0x775,INSERT_ROW INSERT_ROW SET_OBJECT,3,35834
1531,2026-05-16T16:38:20.855Z,CREATE,/testspecials2/dir_oscar_397968/dir_zulu_210476/dir_beta_287500/dir_archive_157527,november_oscar_974502.cfg,0x77e,INSERT_ROW INSERT_ROW SET_OBJECT,3,35837
1532,,OP,/testspecials2/dir_yankee_474982,,0x7a2,INSERT_ROW INSERT_ROW INSERT_ROW,3,35839
1533,2026-05-16T16:38:21.136Z,CREATE,/testspecials2/dir_oscar_397968/dir_romeo_329803,gamma_log_455292.xml,0x795,INSERT_ROW INSERT_ROW SET_OBJECT,3,35840
1534,,OP,/testspecials2/dir_oscar_397968/dir_oscar_522053,,0x7a3,INSERT_ROW INSERT_ROW INSERT_ROW,3,35842
1535,2026-05-16T16:38:21.699Z,CREATE,/testspecials2/dir_kilo_616914/dir_victor_389261/dir_yankee_150988,symlink_trace_298622.lnk,0x77d,INSERT_ROW INSERT_ROW SET_OBJECT,3,35844
1536,2026-05-16T16:38:22.188Z,CREATE,/testspecials2/dir_oscar_397968/dir_romeo_329803/dir_audit_460776/dir_alpha_968646/dir_echo_972255,sierra_november_841717.md,0x799,INSERT_ROW INSERT_ROW SET_OBJECT,3,35848
1537,2026-05-16T16:37:44.414Z,CREATE,/testspecials2/dir_oscar_397968/dir_romeo_329803/dir_audit_460776/dir_alpha_968646,hardlink_backup_360005.dat,0x77c,INSERT_ROW INSERT_ROW,2,35850
1538,2026-05-16T16:38:22.684Z,CREATE,/testspecials2/dir_log_298284/dir_draft_685915/dir_papa_627382,symlink_quebec_304098.lnk,0x794,INSERT_ROW INSERT_ROW SET_OBJECT,3,35851
1539,2026-05-16T16:38:23.073Z,CREATE,OID 0x7aa,dir_alpha_377651,0x7aa,OPEN_TABLE_FROM SET_OBJECT INSERT_ROW INSERT_ROW INSERT_ROW INSERT_ROW,6,35854
1540,2026-05-16T16:38:23.177Z,CREATE,/testspecials2/dir_kilo_616914/dir_backup_630871,sierra_kilo_783752.tmp,0x78b,INSERT_ROW INSERT_ROW SET_OBJECT,3,35855
1541,2026-05-16T16:37:45.666Z,RENAME,/testspecials2/dir_kilo_616914/dir_victor_389261/dir_yankee_150988,symlink_delta_174805.lnk,0x77d,DELETE_ROW DELETE_ROW INSERT_ROW INSERT_ROW,4,35857
1542,2026-05-16T16:38:23.427Z,CREATE,/testspecials2/dir_log_298284/dir_draft_685915,zulu_record_478511.json,0x78f,INSERT_ROW INSERT_ROW SET_OBJECT,3,35858
1543,2026-05-16T16:38:24.023Z,CREATE,/testspecials2/dir_kilo_616914/dir_victor_389261/dir_yankee_150988,symlink_temp_122542.lnk,0x77d,INSERT_ROW INSERT_ROW SET_OBJECT,3,35861
1544,2026-05-16T16:38:24.473Z,CREATE,/testspecials2/dir_yankee_474982/dir_mike_734231/dir_quebec_906548,dir_quebec_906548,0x7ab,OPEN_TABLE_FROM SET_OBJECT INSERT_ROW INSERT_ROW INSERT_ROW INSERT_ROW,6,35865
1545,2026-05-16T16:38:24.654Z,CREATE,/testspecials2/dir_oscar_397968/dir_india_406972,symlink_romeo_942053.lnk,0x7a1,INSERT_ROW INSERT_ROW SET_OBJECT,3,35866
1546,,CONTAINER,,,,MOVE_CONTAINER MOVE_CONTAINER,2,35868
1547,2026-05-16T16:38:24.857Z,CREATE,/testspecials2/dir_oscar_397968/dir_romeo_329803,symlink_papa_643394.lnk,0x795,INSERT_ROW INSERT_ROW SET_OBJECT,3,35873
1548,,OP,/testspecials2/dir_oscar_397968/dir_romeo_329803,,0x795,INSERT_ROW INSERT_ROW INSERT_ROW,3,35874
1549,,REPARENT,/testspecials2/dir_kilo_616914/dir_victor_389261,symlink_index_642846.lnk,0x78a,DELETE_ROW INSERT_ROW REPARENT_TABLE INSERT_ROW,4,35876
1550,2026-05-16T16:37:54.504Z,CREATE,/testspecials2/dir_kilo_616914/dir_victor_389261,hardlink_quebec_938994.lnk,0x78a,INSERT_ROW INSERT_ROW,2,35877
1551,2026-05-16T16:37:43.936Z,CREATE,/testspecials2/dir_kilo_616914/dir_victor_389261/dir_november_374306/dir_papa_764536,hardlink_lima_211638.lnk,0x778,INSERT_ROW INSERT_ROW,2,35879
1552,,ENTRY_REMOVE,/testspecials2/dir_oscar_397968/dir_india_406972,,0x7a1,DELETE_ROW,1,35882
1553,,OP,/testspecials2/dir_log_298284/dir_draft_685915/dir_romeo_104507,,0x790,INSERT_ROW INSERT_ROW INSERT_ROW,3,35883
1554,2026-05-16T16:38:26.005Z,CREATE,/testspecials2/dir_oscar_397968/dir_romeo_329803,symlink_delta_801514.lnk,0x795,INSERT_ROW INSERT_ROW SET_OBJECT,3,35884
1555,,STREAM_UPD,/testspecials2/dir_kilo_616914/dir_victor_389261,,0x78a,DELETE_ROW INSERT_ROW OPEN_TABLE_FROM UPDATE_STREAM ALLOCATE UPDATE_STREAM,6,35886
1556,2026-05-16T16:38:20.094Z,CREATE,/testspecials2,hardlink_hotel_135884.log,0x775,INSERT_ROW INSERT_ROW,2,35887
1557,,STREAM_UPD,/testspecials2/dir_kilo_616914/dir_victor_389261/dir_november_374306,,0x777,DELETE_ROW INSERT_ROW OPEN_TABLE_FROM UPDATE_STREAM ALLOCATE UPDATE_STREAM,6,35893
1558,2026-05-16T16:38:27.041Z,CREATE,/testspecials2/dir_yankee_474982/dir_romeo_902399,dir_romeo_902399,0x7ad,OPEN_TABLE_FROM SET_OBJECT INSERT_ROW INSERT_ROW INSERT_ROW INSERT_ROW,6,35895
1559,,OP,/testspecials2/dir_log_298284/dir_draft_685915/dir_papa_627382,,0x794,INSERT_ROW INSERT_ROW INSERT_ROW,3,35898
1560,,STREAM_UPD,/testspecials2/dir_oscar_397968,,0x781,DELETE_ROW INSERT_ROW OPEN_TABLE_FROM UPDATE_STREAM ALLOCATE UPDATE_STREAM,6,35901
1561,2026-05-16T16:38:27.734Z,CREATE,/testspecials2/dir_oscar_397968/dir_romeo_329803/dir_audit_460776,symlink_data_980591.lnk,0x783,INSERT_ROW INSERT_ROW SET_OBJECT,3,35902
1562,,OP,/testspecials2/dir_oscar_397968/dir_romeo_329803/dir_audit_460776,,0x783,INSERT_ROW INSERT_ROW INSERT_ROW,3,35903
1563,2026-05-16T16:38:27.838Z,CREATE,/testspecials2/dir_log_298284/dir_draft_685915/dir_papa_627382/dir_draft_891408,dir_draft_891408,0x7ae,OPEN_TABLE_FROM SET_OBJECT INSERT_ROW INSERT_ROW INSERT_ROW INSERT_ROW,6,35904
1564,,STREAM_UPD,/testspecials2/dir_oscar_397968,,0x781,DELETE_ROW INSERT_ROW OPEN_TABLE_FROM UPDATE_STREAM ALLOCATE UPDATE_STREAM,6,35910
1565,,REPARENT,/testspecials2/dir_kilo_616914,symlink_yankee_365679.lnk,0x779,DELETE_ROW INSERT_ROW REPARENT_TABLE INSERT_ROW,4,35911
1566,2026-05-16T16:38:28.509Z,CREATE,/testspecials2/dir_kilo_616914/dir_index_179689,dir_index_179689,0x7af,OPEN_TABLE_FROM SET_OBJECT INSERT_ROW INSERT_ROW INSERT_ROW INSERT_ROW,6,35912
1567,,REPARENT,/testspecials2/dir_oscar_397968/dir_india_406972,,0x7a1,DELETE_ROW REPARENT_TABLE INSERT_ROW,3,35913
1568,2026-05-16T16:38:29.139Z,CREATE,/testspecials2/dir_oscar_397968/dir_romeo_329803,symlink_quebec_300982.lnk,0x795,INSERT_ROW INSERT_ROW SET_OBJECT,3,35915
1569,2026-05-16T16:38:29.549Z,CREATE,/testspecials2/dir_kilo_616914/dir_backup_630871,symlink_log_111325.lnk,0x78b,INSERT_ROW INSERT_ROW SET_OBJECT,3,35919
1570,,OP,/testspecials2/dir_kilo_616914/dir_backup_630871,,0x78b,INSERT_ROW INSERT_ROW INSERT_ROW,3,35920
1571,,ALLOCATE,/testspecials2,,0x775,ALLOCATE,1,35922
1572,,MODIFY,/testspecials2,,0x775,SET_RANGE_STATE,1,35925
1573,2026-05-16T16:38:30.202Z,CREATE,/testspecials2/dir_log_298284/dir_draft_685915/dir_report_598294,dir_output_239468,0x7b0,OPEN_TABLE_FROM SET_OBJECT INSERT_ROW INSERT_ROW INSERT_ROW INSERT_ROW,6,35926
1574,2026-05-16T16:38:30.403Z,CREATE,/testspecials2/dir_log_298284/dir_draft_685915/dir_papa_627382,symlink_record_592997.lnk,0x794,INSERT_ROW INSERT_ROW SET_OBJECT,3,35927
1575,,STREAM_UPD,/testspecials2/dir_log_298284/dir_draft_685915/dir_romeo_104507,,0x790,DELETE_ROW INSERT_ROW OPEN_TABLE_FROM UPDATE_STREAM ALLOCATE UPDATE_STREAM,6,35929
1576,2026-05-16T16:38:30.735Z,CREATE,/testspecials2/dir_oscar_397968/dir_zulu_210476,yankee_log_954985.xml,0x787,INSERT_ROW INSERT_ROW SET_OBJECT,3,35930
1577,,STREAM_UPD,/testspecials2,,0x775,DELETE_ROW INSERT_ROW OPEN_TABLE_FROM UPDATE_STREAM ALLOCATE UPDATE_STREAM,6,35932
1578,2026-05-16T16:38:08.653Z,RENAME,/testspecials2/dir_kilo_616914/dir_victor_389261/dir_yankee_150988,hardlink_record_409000.txt,0x77d,DELETE_ROW DELETE_ROW INSERT_ROW INSERT_ROW,4,35933
1579,2026-05-16T16:38:31.209Z,CREATE,/testspecials2/dir_oscar_397968/dir_oscar_522053,symlink_temp_673265.lnk,0x7a3,INSERT_ROW INSERT_ROW SET_OBJECT,3,35934
1580,2026-05-16T16:38:31.452Z,CREATE,OID 0x7b1,dir_zulu_168448,0x7b1,OPEN_TABLE_FROM SET_OBJECT INSERT_ROW INSERT_ROW INSERT_ROW INSERT_ROW,6,35936
1581,2026-05-16T16:38:31.735Z,CREATE,/testspecials2/dir_kilo_616914/dir_victor_389261/dir_november_374306,symlink_india_746450.lnk,0x777,INSERT_ROW INSERT_ROW SET_OBJECT,3,35937
1582,,MODIFY,/testspecials2/dir_kilo_616914/dir_victor_389261/dir_november_374306/dir_quebec_843211/dir_archive_278198,,0x79b,FREE,1,35939
1583,2026-05-16T16:38:32.253Z,CREATE,/testspecials2/dir_log_298284/dir_draft_685915/dir_report_598294/dir_gamma_891442,dir_gamma_891442,0x7b2,OPEN_TABLE_FROM SET_OBJECT INSERT_ROW INSERT_ROW INSERT_ROW INSERT_ROW,6,35944
1584,2026-05-16T16:38:32.499Z,CREATE,/testspecials2/dir_yankee_474982/dir_romeo_902399,echo_data_809357.bak,0x7ad,INSERT_ROW INSERT_ROW SET_OBJECT,3,35945
1585,2026-05-16T16:38:32.711Z,CREATE,/testspecials2/dir_log_298284/dir_draft_685915/dir_papa_627382,romeo_output_468862.log,0x794,INSERT_ROW INSERT_ROW SET_OBJECT,3,35948
1586,,MODIFY,/testspecials2/dir_log_298284/dir_draft_685915/dir_papa_627382,,0x794,UPDATE_ROW,1,35949
1587,,STREAM_UPD,/testspecials2/dir_log_298284/dir_draft_685915/dir_papa_627382,,0x794,UPDATE_STREAM,1,35950
1588,,UPDATE,/testspecials2/dir_log_298284/dir_draft_685915/dir_papa_627382,hidden_6977,0x794,DELETE_ROW INSERT_ROW,2,35951
1589,,OP,/testspecials2/dir_kilo_616914/dir_index_179689,,0x7af,INSERT_ROW INSERT_ROW INSERT_ROW,3,35952
1590,,ENTRY_REMOVE,/testspecials2/dir_kilo_616914/dir_victor_389261/dir_november_374306/dir_archive_113008,,0x789,DELETE_ROW,1,35954
1591,,OP,/testspecials2/dir_oscar_397968,,0x781,INSERT_ROW INSERT_ROW INSERT_ROW,3,35955
1592,,REPARENT,/testspecials2/dir_log_298284/dir_draft_685915/dir_romeo_104507,lima_index_115265.xml,0x790,DELETE_ROW INSERT_ROW REPARENT_TABLE INSERT_ROW,4,35956
1593,2026-05-16T16:38:30.515Z,CREATE,/testspecials2/dir_log_298284/dir_draft_685915/dir_romeo_104507,hardlink_beta_256791.xml,0x790,INSERT_ROW INSERT_ROW,2,35957
1594,2026-05-16T16:38:33.724Z,CREATE,/testspecials2/dir_oscar_397968/dir_romeo_329803/dir_audit_460776,symlink_oscar_844656.lnk,0x783,INSERT_ROW INSERT_ROW SET_OBJECT,3,35958
1595,2026-05-16T16:38:34.060Z,CREATE,/testspecials2/dir_trace_120580,victor_kilo_376868.dat,0x79c,INSERT_ROW INSERT_ROW SET_OBJECT,3,35960
1596,,STREAM_UPD,/testspecials2/dir_trace_120580,,0x79c,DELETE_ROW INSERT_ROW OPEN_TABLE_FROM UPDATE_STREAM ALLOCATE UPDATE_STREAM,6,35961
1597,,MODIFY,/testspecials2/dir_yankee_474982/dir_romeo_902399,,0x7ad,SET_RANGE_STATE SET_RANGE_STATE,2,35963
1598,2026-05-16T16:38:34.518Z,CREATE,/testspecials2/dir_log_298284/dir_draft_685915/dir_romeo_104507,yankee_gamma_992075.md,0x790,INSERT_ROW INSERT_ROW SET_OBJECT,3,35965
1599,,STREAM_UPD,/testspecials2/dir_log_298284/dir_draft_685915/dir_romeo_104507,,0x790,UPDATE_STREAM,1,35966
1600,,UPDATE,/testspecials2/dir_log_298284/dir_draft_685915/dir_romeo_104507,hidden_6165,0x790,DELETE_ROW INSERT_ROW,2,35967
1601,2026-05-16T16:38:35.035Z,CREATE,/testspecials2/dir_yankee_474982/dir_mike_734231,beta_data_915205.bak,0x7a8,INSERT_ROW INSERT_ROW SET_OBJECT,3,35973
1602,2026-05-16T16:38:35.600Z,CREATE,/testspecials2/dir_oscar_397968/dir_romeo_329803/dir_audit_460776,uniform_romeo_572564.bin,0x783,INSERT_ROW INSERT_ROW SET_OBJECT,3,35977
1603,2026-05-16T16:38:21.033Z,CREATE,/testspecials2/dir_yankee_474982,hardlink_delta_989509.lnk,0x7a2,INSERT_ROW INSERT_ROW,2,35979
1604,2026-05-16T16:38:36.052Z,CREATE,/testspecials2/dir_kilo_616914/dir_victor_389261,beta_yankee_410557.cfg,0x78a,INSERT_ROW INSERT_ROW SET_OBJECT,3,35980
1605,,OP,/testspecials2/dir_oscar_397968/dir_oscar_522053,,0x7a3,INSERT_ROW INSERT_ROW INSERT_ROW,3,35984
1606,2026-05-16T16:38:36.881Z,CREATE,/testspecials2/dir_log_298284/dir_draft_685915/dir_romeo_104507,delta_index_239633.lnk,0x790,INSERT_ROW INSERT_ROW SET_OBJECT,3,35986
1607,,STREAM_UPD,/testspecials2/dir_log_298284/dir_draft_685915/dir_romeo_104507,,0x790,UPDATE_STREAM,1,35987
1608,,UPDATE,/testspecials2/dir_log_298284/dir_draft_685915/dir_romeo_104507,hidden_2583,0x790,DELETE_ROW INSERT_ROW,2,35988
1609,2026-05-16T16:38:31.586Z,CREATE,/testspecials2/dir_kilo_616914,hardlink_gamma_761026.md,0x779,INSERT_ROW INSERT_ROW,2,35989
1610,,ENTRY_REMOVE,/testspecials2/dir_log_298284,,0x776,DELETE_ROW,1,35991
1611,2026-05-16T16:38:37.913Z,CREATE,/testspecials2/dir_log_298284,zulu_romeo_832791.csv,0x776,INSERT_ROW INSERT_ROW SET_OBJECT,3,35995
1612,2026-05-16T16:38:38.964Z,CREATE,/testspecials2/dir_oscar_397968/dir_romeo_329803/dir_audit_460776/dir_alpha_968646/dir_echo_972255,sierra_foxtrot_400120.json,0x799,INSERT_ROW INSERT_ROW SET_OBJECT,3,36001
1613,2026-05-16T16:38:39.179Z,CREATE,/testspecials2/dir_yankee_474982/dir_mike_734231,symlink_temp_631313.lnk,0x7a8,INSERT_ROW INSERT_ROW SET_OBJECT,3,36003
1614,,STREAM_UPD,/testspecials2/dir_log_298284/dir_draft_685915,,0x78f,DELETE_ROW INSERT_ROW OPEN_TABLE_FROM UPDATE_STREAM ALLOCATE UPDATE_STREAM,6,36005
1615,2026-05-16T16:38:39.578Z,CREATE,/testspecials2/dir_kilo_616914/dir_victor_389261/dir_november_374306/dir_india_281865,dir_kilo_600558,0x7b8,OPEN_TABLE_FROM SET_OBJECT INSERT_ROW INSERT_ROW INSERT_ROW INSERT_ROW,6,36006
1616,2026-05-16T16:38:40.087Z,CREATE,/testspecials2/dir_kilo_616914,symlink_output_232496.lnk,0x779,INSERT_ROW INSERT_ROW SET_OBJECT,3,36008
1617,,STREAM_UPD,/testspecials2/dir_oscar_397968/dir_zulu_210476/dir_beta_287500/dir_archive_157527,,0x77e,DELETE_ROW INSERT_ROW OPEN_TABLE_FROM UPDATE_STREAM ALLOCATE UPDATE_STREAM,6,36011
1618,2026-05-16T16:38:31.586Z,CREATE,/testspecials2/dir_kilo_616914,hardlink_victor_654681.md,0x779,INSERT_ROW INSERT_ROW,2,36012
1619,,OP,/testspecials2/dir_oscar_397968/dir_romeo_329803/dir_audit_460776,,0x783,INSERT_ROW INSERT_ROW INSERT_ROW,3,36014
1620,,ALLOCATE,/testspecials2/dir_oscar_397968/dir_romeo_329803/dir_audit_460776,,0x783,ALLOCATE,1,36016
1621,2026-05-16T16:38:41.261Z,CREATE,/testspecials2/dir_kilo_616914/dir_victor_389261/dir_yankee_150988/dir_november_229863,dir_november_229863,0x7b9,OPEN_TABLE_FROM SET_OBJECT INSERT_ROW INSERT_ROW INSERT_ROW INSERT_ROW,6,36017
1622,2026-05-16T16:38:41.410Z,CREATE,/testspecials2/dir_log_298284,cache_alpha_884840.txt,0x776,INSERT_ROW INSERT_ROW SET_OBJECT,3,36018
1623,,STREAM_UPD,/testspecials2/dir_log_298284,,0x776,DELETE_ROW INSERT_ROW OPEN_TABLE_FROM UPDATE_STREAM ALLOCATE UPDATE_STREAM,6,36019
1624,2026-05-16T16:38:41.765Z,CREATE,/testspecials2/dir_oscar_397968/dir_romeo_329803/dir_audit_460776/dir_alpha_968646/dir_echo_972255,cache_tango_191402.md,0x799,INSERT_ROW INSERT_ROW SET_OBJECT,3,36021
1625,,STREAM_UPD,/testspecials2/dir_oscar_397968/dir_romeo_329803/dir_audit_460776/dir_alpha_968646/dir_echo_972255,,0x799,DELETE_ROW INSERT_ROW OPEN_TABLE_FROM UPDATE_STREAM ALLOCATE UPDATE_STREAM,6,36022
1626,,MODIFY,/testspecials2/dir_log_298284,,0x776,SET_RANGE_STATE,1,36027
1627,,MODIFY,/testspecials2/dir_oscar_397968/dir_romeo_329803/dir_audit_460776/dir_alpha_968646/dir_echo_972255,,0x799,SET_RANGE_STATE,1,36028
1628,2026-05-16T16:38:42.261Z,CREATE,/testspecials2/dir_kilo_616914/dir_victor_389261,symlink_cache_849330.lnk,0x78a,INSERT_ROW INSERT_ROW SET_OBJECT,3,36029
1629,2026-05-16T16:38:42.530Z,CREATE,/testspecials2,lima_sync_256026.cfg,0x775,INSERT_ROW INSERT_ROW SET_OBJECT,3,36032
1630,2026-05-16T16:38:42.925Z,CREATE,/testspecials2/dir_yankee_474982,output_echo_367591.txt,0x7a2,INSERT_ROW INSERT_ROW SET_OBJECT,3,36037
1631,,STREAM_UPD,/testspecials2/dir_yankee_474982,,0x7a2,DELETE_ROW INSERT_ROW OPEN_TABLE_FROM UPDATE_STREAM ALLOCATE UPDATE_STREAM,6,36038
1632,,OP,/testspecials2/dir_oscar_397968/dir_india_406972,,0x7a1,INSERT_ROW INSERT_ROW INSERT_ROW,3,36040
1633,,ENTRY_REMOVE,/testspecials2/dir_kilo_616914,,0x779,DELETE_ROW,1,36043
1634,2026-05-16T16:38:43.973Z,CREATE,/testspecials2/dir_kilo_616914/dir_index_179689,report_oscar_420788.ini,0x7af,INSERT_ROW INSERT_ROW SET_OBJECT,3,36044
1635,,STREAM_UPD,/testspecials2/dir_kilo_616914/dir_index_179689,,0x7af,DELETE_ROW INSERT_ROW OPEN_TABLE_FROM UPDATE_STREAM ALLOCATE UPDATE_STREAM,6,36045
1636,,REPARENT,/testspecials2/dir_kilo_616914/dir_victor_389261/dir_yankee_150988/dir_temp_241630,symlink_kilo_716056.lnk,0x780,DELETE_ROW INSERT_ROW REPARENT_TABLE INSERT_ROW,4,36050
1637,,REPARENT,/testspecials2/dir_oscar_397968/dir_romeo_329803/dir_audit_460776,symlink_data_980591.lnk,0x783,DELETE_ROW INSERT_ROW REPARENT_TABLE INSERT_ROW,4,36051
1638,2026-05-16T16:38:45.021Z,CREATE,/testspecials2/dir_log_298284/dir_draft_685915/dir_alpha_727718,symlink_temp_672806.lnk,0x7b6,INSERT_ROW INSERT_ROW SET_OBJECT,3,36052
1639,,OP,/testspecials2/dir_log_298284/dir_draft_685915/dir_alpha_727718,,0x7b6,INSERT_ROW INSERT_ROW INSERT_ROW,3,36053
1640,2026-05-16T16:38:45.158Z,CREATE,/testspecials2/dir_log_298284/dir_draft_685915/dir_report_598294/dir_output_225292,dir_output_225292,0x7ba,OPEN_TABLE_FROM SET_OBJECT INSERT_ROW INSERT_ROW INSERT_ROW INSERT_ROW,6,36055
1641,,OP,/testspecials2/dir_oscar_397968/dir_zulu_210476/dir_beta_287500,,0x7b7,INSERT_ROW INSERT_ROW INSERT_ROW,3,36058
1642,2026-05-16T16:38:45.805Z,CREATE,/testspecials2/dir_log_298284/dir_draft_685915,symlink_lima_722928.lnk,0x78f,INSERT_ROW INSERT_ROW SET_OBJECT,3,36060
1643,,STREAM_UPD,/testspecials2/dir_yankee_474982/dir_mike_734231,,0x7a8,DELETE_ROW INSERT_ROW OPEN_TABLE_FROM UPDATE_STREAM ALLOCATE UPDATE_STREAM,6,36062
1644,,MODIFY,/testspecials2/dir_yankee_474982/dir_mike_734231,,0x7a8,FREE,1,36063
1645,,ALLOCATE,/testspecials2/dir_kilo_616914/dir_victor_389261,,0x78a,ALLOCATE,1,36068
1646,2026-05-16T16:38:46.825Z,CREATE,/testspecials2/dir_oscar_397968/dir_india_406972,symlink_archive_836132.lnk,0x7a1,INSERT_ROW INSERT_ROW SET_OBJECT,3,36069
1647,,ENTRY_REMOVE,/testspecials2/dir_kilo_616914/dir_backup_630871,,0x78b,DELETE_ROW,1,36073
1648,,OP,/testspecials2/dir_oscar_397968/dir_zulu_210476,,0x787,INSERT_ROW INSERT_ROW INSERT_ROW,3,36074
1649,,STREAM_UPD,/testspecials2/dir_log_298284/dir_draft_685915,,0x78f,DELETE_ROW INSERT_ROW OPEN_TABLE_FROM UPDATE_STREAM ALLOCATE UPDATE_STREAM,6,36076
1650,,REPARENT,/testspecials2/dir_oscar_397968/dir_romeo_329803,symlink_papa_643394.lnk,0x795,DELETE_ROW INSERT_ROW REPARENT_TABLE INSERT_ROW,4,36077
1651,2026-05-16T16:38:48.916Z,CREATE,OID 0x7bc,dir_report_214335,0x7bc,OPEN_TABLE_FROM SET_OBJECT INSERT_ROW INSERT_ROW INSERT_ROW INSERT_ROW,6,36078
1652,2026-05-16T16:38:49.166Z,CREATE,/testspecials2/dir_kilo_616914/dir_victor_389261/dir_november_374306/dir_india_281865,symlink_uniform_711820.lnk,0x7b8,INSERT_ROW INSERT_ROW SET_OBJECT,3,36079
1653,,REPARENT,/testspecials2,beta_foxtrot_228821.json,0x775,DELETE_ROW INSERT_ROW REPARENT_TABLE INSERT_ROW,4,36083
1654,2026-05-16T16:38:47.881Z,RENAME,/testspecials2/dir_kilo_616914,dir_audit_508297,0x779,DELETE_ROW DELETE_ROW INSERT_ROW INSERT_ROW,4,36085
1655,,MODIFY,/testspecials2/dir_log_298284/dir_draft_685915,,0x78f,SET_RANGE_STATE,1,36088
1656,2026-05-16T16:38:50.745Z,CREATE,/testspecials2/dir_oscar_397968/dir_zulu_210476/dir_beta_287500/dir_archive_157527/dir_november_114427,dir_november_114427,0x7be,OPEN_TABLE_FROM SET_OBJECT INSERT_ROW INSERT_ROW INSERT_ROW INSERT_ROW,6,36092
1657,2026-05-16T16:38:51.527Z,CREATE,/testspecials2/dir_log_298284/dir_draft_685915/dir_papa_627382,zulu_draft_800822.dat,0x794,INSERT_ROW INSERT_ROW SET_OBJECT,3,36096
1658,,STREAM_UPD,/testspecials2/dir_log_298284/dir_draft_685915/dir_papa_627382,,0x794,DELETE_ROW INSERT_ROW OPEN_TABLE_FROM UPDATE_STREAM ALLOCATE UPDATE_STREAM,6,36097
1659,,ALLOCATE,/testspecials2/dir_yankee_474982/dir_mike_734231,,0x7a8,ALLOCATE,1,36099
1660,2026-05-16T16:38:51.940Z,CREATE,/testspecials2/dir_yankee_474982/dir_romeo_902399,symlink_gamma_306751.lnk,0x7ad,INSERT_ROW INSERT_ROW SET_OBJECT,3,36100
1661,,OP,/testspecials2/dir_yankee_474982/dir_romeo_902399,,0x7ad,INSERT_ROW INSERT_ROW INSERT_ROW,3,36101
1662,2026-05-16T16:38:51.942Z,ENTRY_REMOVE,/testspecials2/dir_yankee_474982/dir_romeo_902399,,0x7ad,DELETE_ROW,1,36102
1663,,OP,/testspecials2/dir_log_298284/dir_draft_685915/dir_report_598294,,0x7b0,INSERT_ROW INSERT_ROW INSERT_ROW,3,36105
1664,,ENTRY_REMOVE,/testspecials2/dir_kilo_616914/dir_index_179689,,0x7af,DELETE_ROW,1,36107
1665,,OP,/testspecials2/dir_log_298284,,0x776,INSERT_ROW INSERT_ROW INSERT_ROW,3,36108
1666,2026-05-16T16:38:53.312Z,CREATE,/testspecials2/dir_kilo_616914,symlink_oscar_823022.lnk,0x779,INSERT_ROW INSERT_ROW SET_OBJECT,3,36109
1667,2026-05-16T16:38:53.990Z,CREATE,/testspecials2/dir_log_298284/dir_draft_685915/dir_report_598294,symlink_lima_441536.lnk,0x7b0,INSERT_ROW INSERT_ROW SET_OBJECT,3,36115
1668,,STREAM_UPD,/testspecials2/dir_log_298284,,0x776,DELETE_ROW INSERT_ROW OPEN_TABLE_FROM UPDATE_STREAM ALLOCATE UPDATE_STREAM,6,36117
1669,2026-05-16T16:38:54.417Z,CREATE,/testspecials2/dir_oscar_397968/dir_zulu_210476/dir_beta_287500/dir_archive_157527/dir_echo_311516,dir_echo_311516,0x7bf,OPEN_TABLE_FROM SET_OBJECT INSERT_ROW INSERT_ROW INSERT_ROW INSERT_ROW,6,36118
1670,2026-05-16T16:38:54.566Z,CREATE,/testspecials2/dir_log_298284/dir_draft_685915/dir_alpha_727718,index_november_943856.log,0x7b6,INSERT_ROW INSERT_ROW SET_OBJECT,3,36119
1671,,STREAM_UPD,/testspecials2/dir_log_298284/dir_draft_685915/dir_alpha_727718,,0x7b6,DELETE_ROW INSERT_ROW OPEN_TABLE_FROM UPDATE_STREAM ALLOCATE UPDATE_STREAM,6,36120
1672,2026-05-16T16:38:55.050Z,CREATE,/testspecials2/dir_yankee_474982/dir_mike_734231,kilo_temp_256282.bin,0x7a8,INSERT_ROW INSERT_ROW SET_OBJECT,3,36122
1673,,ALLOCATE,/testspecials2/dir_yankee_474982/dir_mike_734231,,0x7a8,ALLOCATE,1,36127
1674,2026-05-16T16:38:55.641Z,CREATE,/testspecials2/dir_kilo_616914/dir_index_179689,yankee_sync_699381.json,0x7af,INSERT_ROW INSERT_ROW SET_OBJECT,3,36128
1675,,STREAM_UPD,/testspecials2/dir_kilo_616914/dir_backup_630871,,0x78b,DELETE_ROW INSERT_ROW OPEN_TABLE_FROM UPDATE_STREAM ALLOCATE UPDATE_STREAM,6,36131
1676,,MODIFY,/testspecials2/dir_kilo_616914/dir_index_179689,,0x7af,SET_RANGE_STATE,1,36133
1677,,REPARENT,/testspecials2/dir_oscar_397968,temp_oscar_857411.dat,0x781,DELETE_ROW INSERT_ROW REPARENT_TABLE INSERT_ROW,4,36134
1678,2026-05-16T16:38:54.429Z,MOVE,/testspecials2/dir_oscar_397968/dir_zulu_210476,dir_victor_576943,0x787,DELETE_ROW DELETE_ROW INSERT_ROW INSERT_ROW SET_PARENT_ID,5,36135
1679,2026-05-16T16:38:07.014Z,CREATE,/testspecials2/dir_kilo_616914/dir_victor_389261/dir_yankee_150988/dir_papa_820469/dir_papa_622200,hardlink_mike_755647.xml,0x798,INSERT_ROW INSERT_ROW,2,36139
1680,,STREAM_UPD,/testspecials2/dir_log_298284/dir_draft_685915/dir_papa_627382,,0x794,DELETE_ROW INSERT_ROW OPEN_TABLE_FROM UPDATE_STREAM ALLOCATE UPDATE_STREAM,6,36145
1681,,REPARENT,/testspecials2/dir_kilo_616914,victor_foxtrot_346767.lnk,0x779,DELETE_ROW INSERT_ROW REPARENT_TABLE INSERT_ROW,4,36147
1682,2026-05-16T16:37:43.504Z,CREATE,/testspecials2/dir_kilo_616914/dir_victor_389261/dir_november_374306/dir_papa_764536,hardlink_hotel_731581.lnk,0x778,INSERT_ROW INSERT_ROW,2,36149
1683,2026-05-16T16:38:58.083Z,CREATE,/testspecials2/dir_yankee_474982/dir_mike_734231,symlink_backup_881176.lnk,0x7a8,INSERT_ROW INSERT_ROW SET_OBJECT,3,36150
1684,2026-05-16T16:38:58.369Z,CREATE,/testspecials2/dir_kilo_616914/dir_backup_630871,zulu_quebec_328445.txt,0x78b,INSERT_ROW INSERT_ROW SET_OBJECT,3,36152
1685,2026-05-16T16:38:58.839Z,CREATE,/testspecials2/dir_kilo_616914/dir_backup_630871,trace_index_996981.txt,0x78b,INSERT_ROW INSERT_ROW SET_OBJECT,3,36156
1686,,MODIFY,/testspecials2,,0x775,FREE,1,36158
1687,2026-05-16T16:38:59.547Z,CREATE,/testspecials2/dir_oscar_397968/dir_zulu_210476/dir_beta_287500,symlink_november_800550.lnk,0x7b7,INSERT_ROW INSERT_ROW SET_OBJECT,3,36159
1688,,OP,/testspecials2/dir_oscar_397968/dir_zulu_210476/dir_beta_287500,,0x7b7,INSERT_ROW INSERT_ROW INSERT_ROW,3,36160
1689,,ENTRY_REMOVE,/testspecials2/dir_log_298284/dir_draft_685915/dir_alpha_727718,,0x7b6,DELETE_ROW,1,36162
1690,2026-05-16T16:38:56.737Z,MOVE,/testspecials2/dir_kilo_616914,dir_delta_779427,0x779,DELETE_ROW DELETE_ROW INSERT_ROW INSERT_ROW SET_PARENT_ID,5,36163
1691,,STREAM_UPD,/testspecials2/dir_oscar_397968/dir_zulu_210476/dir_beta_287500/dir_archive_157527/dir_november_114427,,0x7be,DELETE_ROW INSERT_ROW OPEN_TABLE_FROM UPDATE_STREAM ALLOCATE UPDATE_STREAM,6,36165
1692,2026-05-16T16:39:01.232Z,CREATE,/testspecials2/dir_kilo_616914/dir_backup_630871,hotel_tango_211756.txt,0x78b,INSERT_ROW INSERT_ROW SET_OBJECT,3,36167
1693,,OP,/testspecials2/dir_yankee_474982/dir_mike_734231,,0x7a8,INSERT_ROW INSERT_ROW INSERT_ROW,3,36169
1694,2026-05-16T16:39:01.647Z,CREATE,/testspecials2/dir_log_298284/dir_draft_685915/dir_gamma_618415/dir_sierra_573793,dir_sierra_573793,0x7c2,OPEN_TABLE_FROM SET_OBJECT INSERT_ROW INSERT_ROW INSERT_ROW INSERT_ROW,6,36170
1695,,STREAM_UPD,/testspecials2/dir_oscar_397968/dir_zulu_210476/dir_beta_287500/dir_archive_157527/dir_echo_311516,,0x7bf,DELETE_ROW INSERT_ROW OPEN_TABLE_FROM UPDATE_STREAM ALLOCATE UPDATE_STREAM,6,36172
1696,2026-05-16T16:39:02.507Z,CREATE,/testspecials2/dir_log_298284/dir_draft_685915/dir_papa_627382,gamma_foxtrot_444475.md,0x794,INSERT_ROW INSERT_ROW SET_OBJECT,3,36175
1697,,REPARENT,/testspecials2/dir_kilo_616914/dir_victor_389261/dir_yankee_150988/dir_temp_241630/dir_echo_440846,symlink_draft_962859.lnk,0x7a4,DELETE_ROW INSERT_ROW REPARENT_TABLE INSERT_ROW,4,36177
1698,2026-05-16T16:38:14.568Z,CREATE,/testspecials2/dir_kilo_616914/dir_victor_389261/dir_yankee_150988/dir_temp_241630/dir_echo_440846,hardlink_victor_717565.lnk,0x7a4,INSERT_ROW INSERT_ROW,2,36178
1699,2026-05-16T16:39:03.204Z,CREATE,/testspecials2/dir_trace_120580,symlink_data_109741.lnk,0x79c,INSERT_ROW INSERT_ROW SET_OBJECT,3,36179
1700,,OP,/testspecials2/dir_trace_120580,,0x79c,INSERT_ROW INSERT_ROW INSERT_ROW,3,36180
1701,,ALLOCATE,/testspecials2/dir_oscar_397968/dir_zulu_210476/dir_beta_287500/dir_archive_157527/dir_echo_311516,,0x7bf,ALLOCATE,1,36182
1702,2026-05-16T16:39:04.103Z,CREATE,/testspecials2/dir_kilo_616914/dir_papa_668661/dir_audit_580437,dir_audit_580437,0x7c4,OPEN_TABLE_FROM SET_OBJECT INSERT_ROW INSERT_ROW INSERT_ROW INSERT_ROW,6,36183
1703,2026-05-16T16:39:04.384Z,CREATE,/testspecials2/dir_log_298284/dir_draft_685915/dir_romeo_104507,symlink_alpha_988639.lnk,0x790,INSERT_ROW INSERT_ROW SET_OBJECT,3,36186
1704,,STREAM_UPD,/testspecials2/dir_log_298284/dir_draft_685915,,0x78f,DELETE_ROW INSERT_ROW OPEN_TABLE_FROM UPDATE_STREAM ALLOCATE UPDATE_STREAM,6,36188
1705,,REPARENT,/testspecials2/dir_kilo_616914/dir_victor_389261/dir_yankee_150988,symlink_trace_298622.lnk,0x77d,DELETE_ROW INSERT_ROW REPARENT_TABLE INSERT_ROW,4,36189
1706,2026-05-16T16:39:05.177Z,CREATE,/testspecials2/dir_oscar_397968,victor_cache_862278.xml,0x781,INSERT_ROW INSERT_ROW SET_OBJECT,3,36191
1707,,OP,/testspecials2/dir_kilo_616914/dir_victor_389261/dir_yankee_150988,,0x77d,INSERT_ROW INSERT_ROW INSERT_ROW,3,36193
1708,2026-05-16T16:39:05.640Z,CREATE,/testspecials2/dir_oscar_397968/dir_zulu_210476/dir_beta_287500,gamma_config_101387.json,0x7b7,INSERT_ROW INSERT_ROW SET_OBJECT,3,36195
1709,2026-05-16T16:39:06.117Z,CREATE,/testspecials2/dir_kilo_616914/dir_index_179689/dir_yankee_777638,yankee_victor_329544.md,0x7bb,INSERT_ROW INSERT_ROW SET_OBJECT,3,36198
1710,,STREAM_UPD,/testspecials2/dir_kilo_616914/dir_index_179689/dir_yankee_777638,,0x7bb,DELETE_ROW INSERT_ROW OPEN_TABLE_FROM UPDATE_STREAM ALLOCATE UPDATE_STREAM,6,36199
1711,,MODIFY,/testspecials2/dir_oscar_397968/dir_zulu_210476/dir_beta_287500,,0x7b7,SET_RANGE_STATE SET_RANGE_STATE,2,36203
1712,,ALLOCATE,/testspecials2/dir_kilo_616914/dir_backup_630871,,0x78b,ALLOCATE,1,36208
1713,2026-05-16T16:39:07.000Z,CREATE,/testspecials2/dir_kilo_616914,symlink_record_436076.lnk,0x779,INSERT_ROW INSERT_ROW SET_OBJECT,3,36209
1714,,STREAM_UPD,/testspecials2/dir_oscar_397968/dir_romeo_329803/dir_audit_460776,,0x783,DELETE_ROW INSERT_ROW OPEN_TABLE_FROM UPDATE_STREAM ALLOCATE UPDATE_STREAM,6,36211
1715,,STREAM_UPD,/testspecials2/dir_log_298284/dir_draft_685915/dir_alpha_727718,,0x7b6,DELETE_ROW INSERT_ROW OPEN_TABLE_FROM UPDATE_STREAM ALLOCATE UPDATE_STREAM,6,36213
1716,2026-05-16T16:39:07.729Z,CREATE,/testspecials2/dir_kilo_616914/dir_papa_668661/dir_audit_580437,sierra_zulu_521435.txt,0x7c4,INSERT_ROW INSERT_ROW SET_OBJECT,3,36214
1717,,ENTRY_REMOVE,/testspecials2/dir_kilo_616914/dir_papa_668661,,0x7bd,DELETE_ROW,1,36216
1718,2026-05-16T16:39:08.507Z,CREATE,/testspecials2/dir_kilo_616914/dir_papa_668661/dir_audit_580437,symlink_log_249337.lnk,0x7c4,INSERT_ROW INSERT_ROW SET_OBJECT,3,36219
1719,2025-01-10T16:38:27.382Z,CREATE,/testspecials2/dir_log_298284/dir_draft_685915/dir_papa_627382,hardlink_lima_842582.json,0x794,INSERT_ROW INSERT_ROW,2,36229
1720,2026-05-16T16:37:54.504Z,CREATE,/testspecials2/dir_kilo_616914/dir_victor_389261,hardlink_delta_703552.lnk,0x78a,INSERT_ROW INSERT_ROW,2,36234
1721,2026-05-16T16:39:10.019Z,CREATE,/testspecials2/dir_kilo_616914/dir_backup_630871,alpha_delta_986365.bak,0x78b,INSERT_ROW INSERT_ROW SET_OBJECT,3,36235
1722,,OP,/testspecials2/dir_oscar_397968,,0x781,INSERT_ROW INSERT_ROW INSERT_ROW,3,36238
1723,2026-05-16T16:39:10.687Z,CREATE,/testspecials2/dir_kilo_616914/dir_index_179689/dir_yankee_777638,india_india_383696.txt,0x7bb,INSERT_ROW INSERT_ROW SET_OBJECT,3,36239
1724,2026-05-16T16:38:52.226Z,RENAME,/testspecials2/dir_kilo_616914,dir_zulu_731439,0x779,DELETE_ROW DELETE_ROW INSERT_ROW INSERT_ROW,4,36242
1725,,OP,/testspecials2/dir_trace_120580,,0x79c,INSERT_ROW INSERT_ROW INSERT_ROW,3,36244
1726,,OP,/testspecials2/dir_kilo_616914,,0x779,INSERT_ROW INSERT_ROW INSERT_ROW,3,36247
1727,2026-05-16T16:39:12.507Z,CREATE,/testspecials2/dir_log_298284/dir_hotel_354514/dir_draft_263211/dir_papa_245702,mike_mike_943941.txt,0x7c5,INSERT_ROW INSERT_ROW SET_OBJECT,3,36248
1728,2026-05-16T16:38:03.773Z,RENAME,/testspecials2,uniform_record_382983.ini,0x775,DELETE_ROW DELETE_ROW INSERT_ROW INSERT_ROW,4,36250
1729,2026-05-16T16:39:13.105Z,CREATE,/testspecials2/dir_kilo_616914/dir_victor_389261/dir_november_374306/dir_india_281865,log_november_950609.cfg,0x7b8,INSERT_ROW INSERT_ROW SET_OBJECT,3,36251
1730,,STREAM_UPD,/testspecials2/dir_kilo_616914/dir_victor_389261/dir_november_374306/dir_india_281865,,0x7b8,DELETE_ROW INSERT_ROW OPEN_TABLE_FROM UPDATE_STREAM ALLOCATE UPDATE_STREAM,6,36252
1731,2026-05-16T16:39:13.423Z,CREATE,/testspecials2/dir_kilo_616914/dir_india_415253,symlink_archive_783446.lnk,0x7c3,INSERT_ROW INSERT_ROW SET_OBJECT,3,36253
1732,,OP,/testspecials2/dir_kilo_616914/dir_india_415253,,0x7c3,INSERT_ROW INSERT_ROW INSERT_ROW,3,36254
1733,2026-05-16T16:37:51.197Z,CREATE,/testspecials2/dir_oscar_397968/dir_zulu_210476/dir_beta_287500/dir_archive_157527,hardlink_tango_391027.lnk,0x77e,INSERT_ROW INSERT_ROW,2,36258
1734,2026-05-16T16:39:14.451Z,CREATE,/testspecials2/dir_yankee_474982/dir_mike_734231,symlink_log_677947.lnk,0x7a8,INSERT_ROW INSERT_ROW SET_OBJECT,3,36260
1735,,OP,/testspecials2/dir_yankee_474982/dir_mike_734231,,0x7a8,INSERT_ROW INSERT_ROW INSERT_ROW,3,36261
1736,2026-05-16T16:39:15.091Z,CREATE,/testspecials2/dir_log_298284/dir_draft_685915/dir_report_598294,symlink_foxtrot_698151.lnk,0x7b0,INSERT_ROW INSERT_ROW SET_OBJECT,3,36263
1737,,OP,/testspecials2/dir_log_298284/dir_draft_685915/dir_report_598294,,0x7b0,INSERT_ROW INSERT_ROW INSERT_ROW,3,36264
1738,,OP,/testspecials2/dir_oscar_397968/dir_oscar_522053,,0x7a3,INSERT_ROW INSERT_ROW INSERT_ROW,3,36266
1739,2026-05-16T16:39:15.698Z,CREATE,/testspecials2/dir_kilo_616914/dir_backup_630871,backup_data_703570.txt,0x78b,INSERT_ROW INSERT_ROW SET_OBJECT,3,36267
1740,,REPARENT,/testspecials2/dir_log_298284/dir_draft_685915,november_zulu_525323.json,0x78f,DELETE_ROW INSERT_ROW REPARENT_TABLE INSERT_ROW,4,36275
1741,2026-05-16T16:39:17.606Z,CREATE,/testspecials2/dir_log_298284/dir_hotel_354514/dir_draft_263211/dir_papa_245702,papa_romeo_408020.dat,0x7c5,INSERT_ROW INSERT_ROW SET_OBJECT,3,36276
1742,2026-05-16T16:39:17.957Z,CREATE,/testspecials2/dir_yankee_474982/dir_mike_734231,report_yankee_685520.bak,0x7a8,INSERT_ROW INSERT_ROW SET_OBJECT,3,36278
1743,2026-05-16T16:39:18.956Z,CREATE,/testspecials2/dir_log_298284/dir_draft_685915/dir_romeo_104507,alpha_mike_159752.md,0x790,INSERT_ROW INSERT_ROW SET_OBJECT,3,36283
1744,2026-05-16T16:39:19.807Z,CREATE,/testspecials2/dir_kilo_616914/dir_victor_389261/dir_november_374306,index_data_269514.bin,0x777,INSERT_ROW INSERT_ROW SET_OBJECT,3,36286
1745,2026-05-16T16:39:20.304Z,CREATE,/testspecials2/dir_oscar_397968/dir_zulu_210476,symlink_romeo_705711.lnk,0x787,INSERT_ROW INSERT_ROW SET_OBJECT,3,36288
1746,2026-05-16T16:39:21.181Z,CREATE,/testspecials2,delta_papa_312447.json,0x775,INSERT_ROW INSERT_ROW SET_OBJECT,3,36292
1747,,REPARENT,/testspecials2/dir_yankee_474982/dir_mike_734231,symlink_temp_631313.lnk,0x7a8,DELETE_ROW INSERT_ROW REPARENT_TABLE INSERT_ROW,4,36294
1748,2026-05-16T16:39:22.032Z,CREATE,/testspecials2/dir_oscar_397968/dir_zulu_210476/dir_beta_287500/dir_archive_157527,symlink_temp_304257.lnk,0x77e,INSERT_ROW INSERT_ROW SET_OBJECT,3,36295
1749,,ENTRY_REMOVE,/testspecials2/dir_log_298284,,0x776,DELETE_ROW,1,36298
1750,,OP,/testspecials2/dir_kilo_616914/dir_india_415253,,0x7c3,INSERT_ROW INSERT_ROW INSERT_ROW,3,36299
1751,2026-05-16T16:39:23.675Z,CREATE,/testspecials2/dir_output_765435,dir_output_765435,0x7c9,OPEN_TABLE_FROM SET_OBJECT INSERT_ROW INSERT_ROW INSERT_ROW INSERT_ROW,6,36300
1752,2026-05-16T16:39:24.257Z,CREATE,/testspecials2/dir_kilo_616914/dir_index_179689,symlink_mike_374290.lnk,0x7af,INSERT_ROW INSERT_ROW SET_OBJECT,3,36301
1753,,MODIFY,/testspecials2,,0x775,SET_RANGE_STATE,1,36302
1754,,STREAM_UPD,/testspecials2/dir_kilo_616914/dir_kilo_696708,,0x7c7,DELETE_ROW INSERT_ROW OPEN_TABLE_FROM UPDATE_STREAM ALLOCATE UPDATE_STREAM,6,36309
1755,2026-05-16T16:39:22.472Z,MOVE,/testspecials2/dir_oscar_397968,dir_quebec_159709,0x781,DELETE_ROW DELETE_ROW INSERT_ROW INSERT_ROW SET_PARENT_ID,5,36311
1756,,STREAM_UPD,/testspecials2/dir_log_298284/dir_draft_685915/dir_alpha_727718,,0x7b6,DELETE_ROW INSERT_ROW OPEN_TABLE_FROM UPDATE_STREAM ALLOCATE UPDATE_STREAM,6,36313
1757,2026-05-16T16:39:27.035Z,CREATE,/testspecials2/dir_output_765435,beta_beta_405453.log,0x7c9,INSERT_ROW INSERT_ROW SET_OBJECT,3,36315
1758,,STREAM_UPD,/testspecials2/dir_output_765435,,0x7c9,DELETE_ROW INSERT_ROW OPEN_TABLE_FROM UPDATE_STREAM ALLOCATE UPDATE_STREAM,6,36316
1759,2026-05-16T16:39:27.603Z,CREATE,/testspecials2/dir_sync_303009,symlink_backup_676107.lnk,0x7c6,INSERT_ROW INSERT_ROW SET_OBJECT,3,36317
1760,,OP,/testspecials2/dir_sync_303009,,0x7c6,INSERT_ROW INSERT_ROW INSERT_ROW,3,36318
1761,,STREAM_UPD,/testspecials2/dir_kilo_616914,,0x779,DELETE_ROW INSERT_ROW OPEN_TABLE_FROM UPDATE_STREAM ALLOCATE UPDATE_STREAM,6,36320
1762,,MODIFY,/testspecials2/dir_output_765435,,0x7c9,SET_RANGE_STATE,1,36323
1763,2026-05-16T16:39:28.895Z,CREATE,/testspecials2/dir_sync_303009,symlink_hotel_290314.lnk,0x7c6,INSERT_ROW INSERT_ROW SET_OBJECT,3,36329
1764,2026-05-16T16:39:29.221Z,CREATE,/testspecials2/dir_log_298284/dir_draft_685915,symlink_zulu_286586.lnk,0x78f,INSERT_ROW INSERT_ROW SET_OBJECT,3,36331
1765,2026-05-16T16:39:31.710Z,CREATE,/testspecials2/dir_output_765435,symlink_gamma_675335.lnk,0x7c9,INSERT_ROW INSERT_ROW SET_OBJECT,3,36336
1766,,REPARENT,/testspecials2/dir_sync_303009,symlink_hotel_290314.lnk,0x7c6,DELETE_ROW INSERT_ROW REPARENT_TABLE INSERT_ROW,4,36341
1767,2026-05-16T16:38:53.312Z,MOVE,/testspecials2/dir_kilo_616914,symlink_oscar_823022.lnk,0x779,DELETE_ROW DELETE_ROW INSERT_ROW INSERT_ROW,4,36343
1768,,MODIFY,/testspecials2/dir_oscar_397968/dir_zulu_210476/dir_beta_287500/dir_archive_157527/dir_echo_311516,,0x7bf,FREE,1,36344
1769,2026-05-16T16:39:34.003Z,CREATE,/testspecials2/dir_kilo_616914/dir_victor_389261/dir_yankee_150988,victor_lima_445610.txt,0x77d,INSERT_ROW INSERT_ROW SET_OBJECT,3,36346
1770,,STREAM_UPD,/testspecials2/dir_kilo_616914/dir_victor_389261/dir_yankee_150988,,0x77d,UPDATE_STREAM,1,36347
1771,,UPDATE,/testspecials2/dir_kilo_616914/dir_victor_389261/dir_yankee_150988,hidden_3844,0x77d,DELETE_ROW INSERT_ROW,2,36348
1772,2026-05-16T16:39:34.358Z,CREATE,/testspecials2/dir_log_298284/dir_hotel_354514,dir_hotel_354514,0x7cb,OPEN_TABLE_FROM SET_OBJECT INSERT_ROW INSERT_ROW INSERT_ROW INSERT_ROW,6,36349
1773,2026-05-16T16:39:34.555Z,CREATE,/testspecials2/dir_kilo_616914/dir_backup_630871,index_papa_627377.bak,0x78b,INSERT_ROW INSERT_ROW SET_OBJECT,3,36350
1774,2026-05-16T16:38:06.917Z,MOVE,/testspecials2/dir_kilo_616914/dir_victor_389261/dir_november_374306/dir_quebec_843211/dir_archive_278198,data_output_426465.csv,0x79b,DELETE_ROW DELETE_ROW INSERT_ROW INSERT_ROW,4,36355
1775,2026-05-16T16:39:36.051Z,CREATE,/testspecials2/dir_kilo_616914/dir_index_179689/dir_yankee_777638/dir_draft_109930,dir_draft_109930,0x7cd,OPEN_TABLE_FROM SET_OBJECT INSERT_ROW INSERT_ROW INSERT_ROW INSERT_ROW,6,36361
1776,,DELETE,/testspecials2/dir_log_298284/dir_draft_685915,,0x78f,DELETE_TABLE DELETE_ROW DELETE_ROW DELETE_TABLE,4,36366
1777,,STREAM_UPD,/testspecials2/dir_trace_120580,,0x79c,DELETE_ROW INSERT_ROW OPEN_TABLE_FROM UPDATE_STREAM ALLOCATE UPDATE_STREAM,6,36367
1778,2026-05-16T16:39:35.804Z,MOVE,/testspecials2/dir_oscar_397968,dir_kilo_600558,0x781,DELETE_ROW DELETE_ROW INSERT_ROW INSERT_ROW SET_PARENT_ID,5,36369
1779,2026-05-16T16:39:38.814Z,CREATE,/testspecials2/dir_oscar_397968/dir_zulu_210476/dir_beta_287500/dir_archive_157527,beta_uniform_110668.bak,0x77e,INSERT_ROW INSERT_ROW SET_OBJECT,3,36370
1780,2026-05-16T16:39:39.154Z,CREATE,/testspecials2/dir_oscar_397968/dir_zulu_210476/dir_beta_287500/dir_archive_157527/dir_november_114427,symlink_config_546617.lnk,0x7be,INSERT_ROW INSERT_ROW SET_OBJECT,3,36372
1781,,OP,/testspecials2/dir_oscar_397968/dir_zulu_210476/dir_beta_287500/dir_archive_157527/dir_november_114427,,0x7be,INSERT_ROW INSERT_ROW INSERT_ROW,3,36373
1782,2026-05-16T16:39:39.504Z,CREATE,/testspecials2/dir_kilo_616914/dir_index_179689/dir_yankee_777638,symlink_tango_548400.lnk,0x7bb,INSERT_ROW INSERT_ROW SET_OBJECT,3,36374
1783,,ENTRY_REMOVE,/testspecials2/dir_kilo_616914/dir_victor_389261/dir_yankee_150988/dir_hotel_533721,,0x78c,DELETE_ROW,1,36376
1784,,OP,/testspecials2/dir_oscar_397968/dir_romeo_329803,,0x795,INSERT_ROW INSERT_ROW INSERT_ROW,3,36381
1785,2026-05-16T16:39:41.411Z,CREATE,/testspecials2/dir_kilo_616914/dir_hotel_911814,symlink_delta_795625.lnk,0x7b3,INSERT_ROW INSERT_ROW SET_OBJECT,3,36382
1786,2026-05-16T16:38:58.839Z,CREATE,/testspecials2/dir_kilo_616914/dir_backup_630871,hardlink_whiskey_403265.txt,0x78b,INSERT_ROW INSERT_ROW,2,36384
1787,2026-05-16T16:39:42.741Z,CREATE,/testspecials2/dir_yankee_474982,quebec_mike_619714.md,0x7a2,INSERT_ROW INSERT_ROW SET_OBJECT,3,36386
1788,2026-05-16T16:39:43.466Z,CREATE,/testspecials2/dir_output_765435,symlink_india_945527.lnk,0x7c9,INSERT_ROW INSERT_ROW SET_OBJECT,3,36392
1789,2026-05-16T16:37:59.878Z,CREATE,/testspecials2/dir_kilo_616914/dir_victor_389261/dir_november_374306/dir_papa_764536,hardlink_record_579332.cfg,0x778,INSERT_ROW INSERT_ROW,2,36397
1790,2026-05-16T16:39:44.511Z,CREATE,/testspecials2/dir_sync_303009,symlink_delta_302482.lnk,0x7c6,INSERT_ROW INSERT_ROW SET_OBJECT,3,36398
1791,2026-05-16T16:39:44.913Z,CREATE,/testspecials2/dir_kilo_616914/dir_backup_630871,whiskey_record_671284.bak,0x78b,INSERT_ROW INSERT_ROW SET_OBJECT,3,36400
1792,,STREAM_UPD,/testspecials2/dir_kilo_616914/dir_backup_630871,,0x78b,DELETE_ROW INSERT_ROW OPEN_TABLE_FROM UPDATE_STREAM ALLOCATE UPDATE_STREAM,6,36401
1793,2026-05-16T16:38:13.793Z,CREATE,/testspecials2/dir_oscar_397968/dir_romeo_329803/dir_audit_460776,hardlink_draft_118833.log,0x783,INSERT_ROW INSERT_ROW,2,36407
1794,2026-05-16T16:39:45.588Z,CREATE,/testspecials2/dir_oscar_397968/dir_zulu_210476/dir_beta_287500/dir_archive_157527/dir_november_114427,echo_sync_445777.tmp,0x7be,INSERT_ROW INSERT_ROW SET_OBJECT,3,36408
1795,,STREAM_UPD,/testspecials2/dir_oscar_397968/dir_zulu_210476/dir_beta_287500/dir_archive_157527/dir_november_114427,,0x7be,DELETE_ROW INSERT_ROW OPEN_TABLE_FROM UPDATE_STREAM ALLOCATE UPDATE_STREAM,6,36409
1796,,REPARENT,/testspecials2/dir_log_298284/dir_draft_685915/dir_papa_627382,,0x794,DELETE_ROW REPARENT_TABLE INSERT_ROW,3,36412
1797,2026-05-16T16:39:14.451Z,CREATE,/testspecials2/dir_yankee_474982/dir_mike_734231,hardlink_papa_568772.lnk,0x7a8,INSERT_ROW INSERT_ROW,2,36415
1798,,OP,/testspecials2/dir_oscar_397968/dir_romeo_329803,,0x795,INSERT_ROW INSERT_ROW INSERT_ROW,3,36417
1799,,REPARENT,/testspecials2/dir_kilo_616914/dir_victor_389261/dir_yankee_150988/dir_temp_241630,symlink_backup_291372.lnk,0x780,DELETE_ROW INSERT_ROW REPARENT_TABLE INSERT_ROW,4,36423
1800,,OP,/testspecials2/dir_output_765435,,0x7c9,INSERT_ROW INSERT_ROW INSERT_ROW,3,36425
1801,2026-05-16T16:39:48.834Z,CREATE,/testspecials2/dir_log_298284/dir_draft_685915/dir_alpha_727718,symlink_data_565527.lnk,0x7b6,INSERT_ROW INSERT_ROW SET_OBJECT,3,36428
1802,,OP,/testspecials2/dir_log_298284/dir_draft_685915/dir_alpha_727718,,0x7b6,INSERT_ROW INSERT_ROW INSERT_ROW,3,36429
1803,,ENTRY_REMOVE,/testspecials2/dir_log_298284,,0x776,DELETE_ROW,1,36431
1804,,REPARENT,/testspecials2/dir_kilo_616914/dir_backup_630871,index_papa_627377.bak,0x78b,DELETE_ROW INSERT_ROW REPARENT_TABLE INSERT_ROW,4,36432
1805,2026-05-16T16:39:46.260Z,RENAME,/testspecials2/dir_log_298284/dir_draft_685915,dir_sync_708315,0x78f,DELETE_ROW DELETE_ROW INSERT_ROW INSERT_ROW,4,36433
1806,2026-05-16T16:39:51.580Z,CREATE,/testspecials2/dir_sync_303009,symlink_yankee_423212.lnk,0x7c6,INSERT_ROW INSERT_ROW SET_OBJECT,3,36437
1807,,OP,/testspecials2/dir_sync_303009,,0x7c6,INSERT_ROW INSERT_ROW INSERT_ROW,3,36438
1808,2026-05-16T16:39:52.664Z,CREATE,/testspecials2/dir_kilo_616914/dir_papa_668661/dir_audit_580437,data_cache_312517.md,0x7c4,INSERT_ROW INSERT_ROW SET_OBJECT,3,36441
1809,,STREAM_UPD,/testspecials2/dir_kilo_616914/dir_papa_668661/dir_audit_580437,,0x7c4,DELETE_ROW INSERT_ROW OPEN_TABLE_FROM UPDATE_STREAM ALLOCATE UPDATE_STREAM,6,36442
1810,2026-05-16T16:37:46.378Z,CREATE,/testspecials2/dir_kilo_616914/dir_victor_389261/dir_yankee_150988/dir_temp_241630,hardlink_yankee_632028.lnk,0x780,INSERT_ROW INSERT_ROW,2,36444
1811,2026-05-16T16:38:35.395Z,CREATE,/testspecials2/dir_kilo_616914/dir_victor_389261/dir_yankee_150988/dir_papa_820469,hardlink_temp_444830.txt,0x797,INSERT_ROW INSERT_ROW,2,36445
1812,2026-05-16T16:39:54.445Z,CREATE,/testspecials2/dir_oscar_397968/dir_zulu_210476,symlink_report_659060.lnk,0x787,INSERT_ROW INSERT_ROW SET_OBJECT,3,36448
1813,,OP,/testspecials2/dir_oscar_397968/dir_romeo_329803,,0x795,INSERT_ROW INSERT_ROW INSERT_ROW,3,36450
1814,2026-05-16T16:39:55.650Z,CREATE,/testspecials2/dir_kilo_616914,output_tango_240535.csv,0x779,INSERT_ROW INSERT_ROW SET_OBJECT,3,36454
1815,2026-05-16T16:39:56.076Z,CREATE,/testspecials2/dir_yankee_474982,victor_papa_728014.ini,0x7a2,INSERT_ROW INSERT_ROW SET_OBJECT,3,36456
1816,,OP,/testspecials2/dir_log_298284/dir_draft_685915,,0x78f,INSERT_ROW INSERT_ROW INSERT_ROW,3,36458
1817,2026-05-16T16:39:58.544Z,CREATE,/testspecials2/dir_log_298284/dir_draft_685915,symlink_backup_985310.lnk,0x78f,INSERT_ROW INSERT_ROW SET_OBJECT,3,36460
1818,2026-05-16T16:39:59.453Z,CREATE,OID 0x7d4,dir_draft_620811,0x7d4,OPEN_TABLE_FROM SET_OBJECT INSERT_ROW INSERT_ROW INSERT_ROW INSERT_ROW,6,36463
1819,2026-05-16T16:39:59.920Z,CREATE,/testspecials2/dir_log_298284/dir_draft_685915/dir_alpha_727718,symlink_audit_299378.lnk,0x7b6,INSERT_ROW INSERT_ROW SET_OBJECT,3,36464
1820,2026-05-16T16:40:00.740Z,CREATE,/testspecials2/dir_kilo_616914/dir_index_179689/dir_tango_926300,dir_tango_926300,0x7d5,OPEN_TABLE_FROM SET_OBJECT INSERT_ROW INSERT_ROW INSERT_ROW INSERT_ROW,6,36466
1821,2026-05-16T16:40:01.245Z,CREATE,/testspecials2/dir_log_298284/dir_draft_685915/dir_gamma_618415,symlink_alpha_450892.lnk,0x7c1,INSERT_ROW INSERT_ROW SET_OBJECT,3,36469
1822,2026-05-16T16:40:01.477Z,CREATE,/testspecials2/dir_sync_303009/dir_foxtrot_191463/dir_hotel_747527,dir_hotel_747527,0x7d6,OPEN_TABLE_FROM SET_OBJECT INSERT_ROW INSERT_ROW INSERT_ROW INSERT_ROW,6,36471
1823,,STREAM_UPD,/testspecials2/dir_oscar_397968,,0x781,DELETE_ROW INSERT_ROW OPEN_TABLE_FROM UPDATE_STREAM ALLOCATE UPDATE_STREAM,6,36474
1824,,ALLOCATE,/testspecials2/dir_oscar_397968,,0x781,ALLOCATE,1,36476
1825,,OP,/testspecials2/dir_oscar_397968/dir_oscar_522053,,0x7a3,INSERT_ROW INSERT_ROW INSERT_ROW,3,36477
1826,2026-05-16T16:38:31.735Z,CREATE,/testspecials2/dir_kilo_616914/dir_victor_389261/dir_november_374306,hardlink_papa_271371.lnk,0x777,INSERT_ROW INSERT_ROW,2,36479
1827,2026-05-16T16:40:04.214Z,CREATE,/testspecials2/dir_sync_303009/dir_foxtrot_191463/dir_hotel_747527,symlink_data_610933.lnk,0x7d6,INSERT_ROW INSERT_ROW SET_OBJECT,3,36482
1828,,OP,/testspecials2,,0x775,INSERT_ROW INSERT_ROW INSERT_ROW,3,36484
1829,2026-05-16T16:40:05.056Z,CREATE,/testspecials2/dir_sync_303009/dir_foxtrot_191463/dir_hotel_747527,symlink_oscar_551299.lnk,0x7d6,INSERT_ROW INSERT_ROW SET_OBJECT,3,36485
1830,2026-05-16T16:39:55.342Z,RENAME,/testspecials2/dir_oscar_397968,zulu_config_800454.log,0x781,DELETE_ROW DELETE_ROW INSERT_ROW INSERT_ROW,4,36495
1831,2026-05-16T16:40:06.516Z,CREATE,/testspecials2/dir_trace_120580,sierra_india_428144.bak,0x79c,INSERT_ROW INSERT_ROW SET_OBJECT,3,36496
1832,,REPARENT,/testspecials2,romeo_india_410311.log,0x775,DELETE_ROW INSERT_ROW REPARENT_TABLE INSERT_ROW,4,36499
1833,,MODIFY,/testspecials2/dir_oscar_397968/dir_romeo_329803/dir_audit_460776,,0x783,FREE,1,36500
1834,,MODIFY,/testspecials2/dir_oscar_397968,,0x781,SET_RANGE_STATE,1,36501
1835,2026-05-16T16:40:07.808Z,CREATE,/testspecials2/dir_oscar_397968/dir_oscar_522053/dir_sync_436503,dir_sync_436503,0x7d7,OPEN_TABLE_FROM SET_OBJECT INSERT_ROW INSERT_ROW INSERT_ROW INSERT_ROW,6,36504
1836,2026-05-16T16:40:08.361Z,CREATE,/testspecials2/dir_oscar_397968/dir_romeo_329803/dir_audit_460776,romeo_foxtrot_412604.log,0x783,INSERT_ROW INSERT_ROW SET_OBJECT,3,36512
1837,2026-05-16T16:38:31.735Z,MOVE,/testspecials2/dir_kilo_616914/dir_victor_389261/dir_november_374306,symlink_india_746450.lnk,0x777,DELETE_ROW DELETE_ROW INSERT_ROW INSERT_ROW,4,36515
1838,2026-05-16T16:40:09.203Z,CREATE,/testspecials2/dir_kilo_616914/dir_kilo_696708,quebec_sync_926164.dat,0x7c7,INSERT_ROW INSERT_ROW SET_OBJECT,3,36516
1839,,STREAM_UPD,/testspecials2/dir_kilo_616914/dir_kilo_696708,,0x7c7,DELETE_ROW INSERT_ROW OPEN_TABLE_FROM UPDATE_STREAM ALLOCATE UPDATE_STREAM,6,36517
1840,,ENTRY_REMOVE,/testspecials2/dir_log_298284/dir_draft_685915/dir_papa_627382,,0x794,DELETE_ROW,1,36521
1841,2026-05-16T16:39:17.959Z,CREATE,/testspecials2/dir_yankee_474982/dir_mike_734231,hardlink_hotel_913275.bak,0x7a8,INSERT_ROW INSERT_ROW,2,36523
1842,,OP,/testspecials2/dir_log_298284/dir_hotel_354514/dir_draft_263211,,0x7cf,INSERT_ROW INSERT_ROW INSERT_ROW,3,36527
1843,2026-05-16T16:40:12.139Z,CREATE,/testspecials2/dir_kilo_616914/dir_index_179689/dir_yankee_777638,november_mike_462351.txt,0x7bb,INSERT_ROW INSERT_ROW SET_OBJECT,3,36528
1844,,STREAM_UPD,/testspecials2/dir_log_298284/dir_draft_685915/dir_alpha_727718,,0x7b6,DELETE_ROW INSERT_ROW OPEN_TABLE_FROM UPDATE_STREAM ALLOCATE UPDATE_STREAM,6,36530
1845,2026-05-16T16:40:12.655Z,CREATE,/testspecials2/dir_kilo_616914/dir_victor_389261/dir_november_374306,papa_november_340225.md,0x777,INSERT_ROW INSERT_ROW SET_OBJECT,3,36531
1846,2026-05-16T16:40:13.158Z,CREATE,/testspecials2/dir_yankee_474982/dir_romeo_902399/dir_hotel_937726/dir_cache_567154,dir_cache_567154,0x7d8,OPEN_TABLE_FROM SET_OBJECT INSERT_ROW INSERT_ROW INSERT_ROW INSERT_ROW,6,36533
1847,2026-05-16T16:40:13.588Z,CREATE,/testspecials2/dir_log_298284/dir_hotel_354514/dir_draft_263211/dir_papa_245702,whiskey_romeo_368520.ini,0x7c5,INSERT_ROW INSERT_ROW SET_OBJECT,3,36537
1848,2026-05-16T16:40:14.177Z,CREATE,/testspecials2/dir_trace_120580/dir_india_806622/dir_index_798162/dir_temp_294205,dir_temp_294205,0x7da,OPEN_TABLE_FROM SET_OBJECT INSERT_ROW INSERT_ROW INSERT_ROW INSERT_ROW,6,36540
1849,,ENTRY_REMOVE,/testspecials2/dir_log_298284,,0x776,DELETE_ROW,1,36541
1850,,STREAM_UPD,/testspecials2/dir_oscar_397968,,0x781,DELETE_ROW INSERT_ROW OPEN_TABLE_FROM UPDATE_STREAM ALLOCATE UPDATE_STREAM,6,36542
1851,,STREAM_UPD,/testspecials2/dir_log_298284/dir_draft_685915,,0x78f,DELETE_ROW INSERT_ROW OPEN_TABLE_FROM UPDATE_STREAM ALLOCATE UPDATE_STREAM,6,36545
1852,2026-05-16T16:40:16.568Z,CREATE,/testspecials2/dir_oscar_397968/dir_oscar_522053/dir_sync_436503,symlink_beta_444840.lnk,0x7d7,INSERT_ROW INSERT_ROW SET_OBJECT,3,36546
1853,,ALLOCATE,/testspecials2/dir_kilo_616914,,0x779,ALLOCATE,1,36548
1854,2026-05-16T16:40:16.980Z,CREATE,/testspecials2/dir_kilo_616914/dir_index_179689,hotel_zulu_522360.txt,0x7af,INSERT_ROW INSERT_ROW SET_OBJECT,3,36550
1855,2026-05-16T16:38:52.491Z,MOVE,/testspecials2/dir_log_298284/dir_draft_685915/dir_report_598294,symlink_victor_473732.lnk,0x7b0,DELETE_ROW DELETE_ROW INSERT_ROW INSERT_ROW,4,36560
1856,,ALLOCATE,/testspecials2/dir_kilo_616914/dir_victor_389261,,0x78a,ALLOCATE,1,36562
1857,2026-05-16T16:40:20.103Z,CREATE,/testspecials2/dir_log_298284/dir_hotel_354514/dir_draft_263211,symlink_sync_547958.lnk,0x7cf,INSERT_ROW INSERT_ROW SET_OBJECT,3,36565
1858,2026-05-16T16:40:20.896Z,CREATE,/testspecials2/dir_kilo_616914/dir_victor_389261/dir_yankee_150988/dir_data_456426,dir_data_456426,0x7dd,OPEN_TABLE_FROM SET_OBJECT INSERT_ROW INSERT_ROW INSERT_ROW INSERT_ROW,6,36568
1859,2026-05-16T16:40:21.315Z,CREATE,/testspecials2/dir_oscar_397968/dir_romeo_329803,symlink_gamma_256586.lnk,0x795,INSERT_ROW INSERT_ROW SET_OBJECT,3,36569
1860,2026-05-16T16:40:21.892Z,CREATE,/testspecials2/dir_kilo_616914/dir_victor_389261/dir_yankee_150988,foxtrot_uniform_510159.dat,0x77d,INSERT_ROW INSERT_ROW SET_OBJECT,3,36571
1861,,OP,/testspecials2/dir_output_765435,,0x7c9,INSERT_ROW INSERT_ROW INSERT_ROW,3,36579
1862,2026-05-16T16:40:02.544Z,MOVE,/testspecials2/dir_log_298284/dir_hotel_354514/dir_draft_263211/dir_papa_245702,mike_mike_943941.txt,0x7c5,DELETE_ROW DELETE_ROW INSERT_ROW INSERT_ROW,4,36585
1863,2026-05-16T16:40:25.658Z,CREATE,/testspecials2/dir_trace_120580/dir_draft_331288,dir_draft_331288,0x7de,OPEN_TABLE_FROM SET_OBJECT INSERT_ROW INSERT_ROW INSERT_ROW INSERT_ROW,6,36597
1864,2026-05-16T16:40:25.878Z,CREATE,/testspecials2/dir_kilo_616914/dir_index_179689/dir_tango_926300/dir_oscar_842965,dir_oscar_842965,0x7df,OPEN_TABLE_FROM SET_OBJECT INSERT_ROW INSERT_ROW INSERT_ROW INSERT_ROW,6,36600
1865,,STREAM_UPD,/testspecials2/dir_kilo_616914/dir_kilo_696708,,0x7c7,DELETE_ROW INSERT_ROW OPEN_TABLE_FROM UPDATE_STREAM ALLOCATE UPDATE_STREAM,6,36603
1866,2026-05-16T16:37:48.991Z,CREATE,/testspecials2/dir_log_298284,hardlink_log_246619.tmp,0x776,INSERT_ROW INSERT_ROW,2,36604
1867,2026-05-16T16:40:26.894Z,CREATE,/testspecials2/dir_yankee_474982/dir_mike_734231,whiskey_draft_464099.bak,0x7a8,INSERT_ROW INSERT_ROW SET_OBJECT,3,36607
1868,2026-05-16T16:38:16.592Z,CREATE,/testspecials2/dir_oscar_397968,hardlink_cache_780862.lnk,0x781,INSERT_ROW INSERT_ROW,2,36609
1869,2026-05-16T16:40:27.844Z,CREATE,/testspecials2/dir_log_298284,symlink_zulu_498964.lnk,0x776,INSERT_ROW INSERT_ROW SET_OBJECT,3,36611
1870,,STREAM_UPD,/testspecials2/dir_yankee_474982/dir_mike_734231/dir_config_935424,,0x7b5,DELETE_ROW INSERT_ROW OPEN_TABLE_FROM UPDATE_STREAM ALLOCATE UPDATE_STREAM,6,36614
1871,2026-05-16T16:37:45.576Z,CREATE,/testspecials2/dir_oscar_397968/dir_romeo_329803/dir_audit_460776/dir_alpha_968646,hardlink_record_814297.lnk,0x77c,INSERT_ROW INSERT_ROW,2,36617
1872,2026-05-16T16:40:29.928Z,CREATE,/testspecials2/dir_kilo_616914/dir_index_179689/dir_yankee_777638,archive_quebec_669625.bin,0x7bb,INSERT_ROW INSERT_ROW SET_OBJECT,3,36618
1873,2026-05-16T16:38:15.629Z,MOVE,/testspecials2/dir_log_298284/dir_draft_685915,symlink_kilo_650448.lnk,0x78f,DELETE_ROW DELETE_ROW INSERT_ROW INSERT_ROW,4,36620
1874,2026-05-16T16:40:31.108Z,CREATE,/testspecials2/dir_oscar_397968/dir_oscar_522053/dir_sync_436503,whiskey_audit_192962.cfg,0x7d7,INSERT_ROW INSERT_ROW SET_OBJECT,3,36622
1875,,MODIFY,/testspecials2/dir_oscar_397968/dir_oscar_522053/dir_sync_436503,,0x7d7,SET_RANGE_STATE,1,36624
1876,2026-05-16T16:37:46.705Z,CREATE,/testspecials2/dir_kilo_616914/dir_victor_389261/dir_november_374306/dir_papa_764536,hardlink_sierra_213109.lnk,0x778,INSERT_ROW INSERT_ROW,2,36625
1877,2026-05-16T16:40:31.912Z,CREATE,/testspecials2/dir_kilo_616914/dir_papa_668661/dir_victor_861148,dir_victor_861148,0x7e0,OPEN_TABLE_FROM SET_OBJECT INSERT_ROW INSERT_ROW INSERT_ROW INSERT_ROW,6,36626
1878,2026-05-16T16:38:32.499Z,CREATE,/testspecials2/dir_yankee_474982/dir_romeo_902399,hardlink_yankee_176834.bak,0x7ad,INSERT_ROW INSERT_ROW,2,36634
1879,2026-05-16T16:40:33.202Z,CREATE,/testspecials2/dir_sync_303009,beta_backup_577831.dat,0x7c6,INSERT_ROW INSERT_ROW SET_OBJECT,3,36636
1880,,STREAM_UPD,/testspecials2/dir_sync_303009,,0x7c6,DELETE_ROW INSERT_ROW OPEN_TABLE_FROM UPDATE_STREAM ALLOCATE UPDATE_STREAM,6,36637
1881,2026-05-16T16:39:48.486Z,CREATE,/testspecials2/dir_output_765435,hardlink_temp_776394.lnk,0x7c9,INSERT_ROW INSERT_ROW,2,36639
1882,2026-05-16T16:40:34.043Z,CREATE,/testspecials2/dir_kilo_616914/dir_papa_668661/dir_audit_580437/dir_index_772175,dir_index_772175,0x7e2,OPEN_TABLE_FROM SET_OBJECT INSERT_ROW INSERT_ROW INSERT_ROW INSERT_ROW,6,36640
1883,2026-05-16T16:40:34.641Z,CREATE,/testspecials2/dir_trace_120580,symlink_trace_508691.lnk,0x79c,INSERT_ROW INSERT_ROW SET_OBJECT,3,36641
1884,,ENTRY_REMOVE,/testspecials2/dir_oscar_397968/dir_zulu_210476/dir_beta_287500/dir_archive_157527/dir_november_114427,,0x7be,DELETE_ROW DELETE_ROW DELETE_ROW,3,36643
1885,2026-05-16T16:40:24.949Z,MOVE,/testspecials2/dir_yankee_474982,dir_backup_480580,0x7a2,DELETE_ROW DELETE_ROW INSERT_ROW INSERT_ROW SET_PARENT_ID,5,36644
1886,2026-05-16T16:40:36.309Z,CREATE,/testspecials2/dir_kilo_616914/dir_victor_389261,symlink_archive_419672.lnk,0x78a,INSERT_ROW INSERT_ROW SET_OBJECT,3,36645
1887,2026-05-16T16:38:18.386Z,CREATE,/testspecials2/dir_log_298284/dir_draft_685915/dir_romeo_104507,hardlink_lima_770799.lnk,0x790,INSERT_ROW INSERT_ROW,2,36647
1888,2026-05-16T16:39:47.323Z,CREATE,/testspecials2,hardlink_alpha_573983.bin,0x775,INSERT_ROW INSERT_ROW,2,36648
1889,2026-05-16T16:40:38.169Z,CREATE,/testspecials2/dir_trace_120580/dir_archive_273893,symlink_audit_329530.lnk,0x7db,INSERT_ROW INSERT_ROW SET_OBJECT,3,36649
1890,,OP,/testspecials2/dir_trace_120580/dir_archive_273893,,0x7db,INSERT_ROW INSERT_ROW INSERT_ROW,3,36650
1891,2026-05-16T16:40:39.584Z,CREATE,/testspecials2/dir_kilo_616914/dir_india_415253,beta_kilo_190224.csv,0x7c3,INSERT_ROW INSERT_ROW SET_OBJECT,3,36653
1892,,STREAM_UPD,/testspecials2/dir_kilo_616914/dir_india_415253,,0x7c3,DELETE_ROW INSERT_ROW OPEN_TABLE_FROM UPDATE_STREAM ALLOCATE UPDATE_STREAM,6,36654
1893,,ALLOCATE,/testspecials2/dir_yankee_474982/dir_romeo_902399,,0x7ad,ALLOCATE,1,36656
1894,2026-05-16T16:39:22.867Z,CREATE,/testspecials2/dir_oscar_397968/dir_romeo_329803/dir_audit_460776/dir_alpha_968646,hardlink_record_651864.txt,0x77c,INSERT_ROW INSERT_ROW,2,36658
1895,2026-05-16T16:40:41.712Z,CREATE,/testspecials2/dir_kilo_616914/dir_victor_389261/dir_november_374306,hotel_romeo_109209.log,0x777,INSERT_ROW INSERT_ROW SET_OBJECT,3,36661
1896,2026-05-16T16:40:41.954Z,CREATE,/testspecials2/dir_kilo_616914/dir_india_415253/dir_mike_263801,dir_mike_263801,0x7e3,OPEN_TABLE_FROM SET_OBJECT INSERT_ROW INSERT_ROW INSERT_ROW INSERT_ROW,6,36663
1897,2026-05-16T16:40:42.431Z,CREATE,/testspecials2/dir_sync_303009/dir_foxtrot_191463/dir_hotel_747527,symlink_archive_470520.lnk,0x7d6,INSERT_ROW INSERT_ROW SET_OBJECT,3,36664
1898,,OP,/testspecials2/dir_sync_303009/dir_foxtrot_191463/dir_hotel_747527,,0x7d6,INSERT_ROW INSERT_ROW INSERT_ROW,3,36665
1899,,OP,/testspecials2/dir_yankee_474982/dir_romeo_902399/dir_hotel_937726,,0x7ca,INSERT_ROW INSERT_ROW INSERT_ROW,3,36668
1900,2026-05-16T16:40:44.050Z,CREATE,/testspecials2/dir_trace_120580/dir_draft_331288,symlink_mike_895060.lnk,0x7de,INSERT_ROW INSERT_ROW SET_OBJECT,3,36670
1901,,OP,/testspecials2/dir_trace_120580/dir_draft_331288,,0x7de,INSERT_ROW INSERT_ROW INSERT_ROW,3,36671
1902,2026-05-16T16:40:44.316Z,CREATE,/testspecials2/dir_kilo_616914/dir_papa_668661,temp_mike_546971.csv,0x7bd,INSERT_ROW INSERT_ROW SET_OBJECT,3,36673
1903,,MODIFY,/testspecials2/dir_kilo_616914/dir_papa_668661,,0x7bd,SET_RANGE_STATE,1,36678
1904,,STREAM_UPD,/testspecials2/dir_sync_303009/dir_foxtrot_191463,,0x7cc,DELETE_ROW INSERT_ROW OPEN_TABLE_FROM UPDATE_STREAM ALLOCATE UPDATE_STREAM,6,36680
1905,,OP,/testspecials2/dir_oscar_397968/dir_oscar_522053/dir_sync_436503,,0x7d7,INSERT_ROW INSERT_ROW INSERT_ROW,3,36691
1906,,ENTRY_REMOVE,/testspecials2/dir_kilo_616914,,0x779,DELETE_ROW,1,36692
1907,,OP,/testspecials2/dir_yankee_474982/dir_mike_734231/dir_oscar_550398,,0x7d1,INSERT_ROW INSERT_ROW INSERT_ROW,3,36694
1908,,OP,/testspecials2/dir_trace_120580/dir_india_806622/dir_india_458223,,0x7d3,INSERT_ROW INSERT_ROW INSERT_ROW,3,36697
1909,2026-05-16T16:41:25.547Z,CREATE,/test,test,0x7e5,OPEN_TABLE_FROM SET_OBJECT INSERT_ROW INSERT_ROW INSERT_ROW INSERT_ROW,6,36699
1910,2026-05-16T16:41:25.776Z,CREATE,/test,xbpt_papa_mike_179747.ini,0x7e5,INSERT_ROW INSERT_ROW SET_OBJECT,3,36701
1911,,ALLOCATE,/test,,0x7e5,ALLOCATE ALLOCATE ALLOCATE,3,36702
1912,2026-05-16T16:41:25.780Z,CREATE,/test/elvis_dir_record_449015/elvis_dir_papa_104235/elvis_dir_sync_718743/elvis_dir_gamma_603462,elvis_dir_zulu_323770,0x7e6,OPEN_TABLE_FROM SET_OBJECT INSERT_ROW INSERT_ROW INSERT_ROW INSERT_ROW,6,36703
1913,,STREAM_UPD,/test/elvis_dir_record_449015/elvis_dir_papa_104235/elvis_dir_sync_718743/elvis_dir_gamma_603462,,0x7e6,DELETE_ROW INSERT_ROW OPEN_TABLE_FROM UPDATE_STREAM ALLOCATE UPDATE_STREAM,6,36705
1914,2026-05-16T16:41:25.812Z,CREATE,/test,xbpt_mike_india_868820.log,0x7e5,INSERT_ROW INSERT_ROW SET_OBJECT,3,36706
1915,,STREAM_UPD,/test,,0x7e5,UPDATE_STREAM,1,36707
1916,,STREAM_UPD,/test/elvis_dir_record_449015/elvis_dir_papa_104235/elvis_dir_sync_718743/elvis_dir_gamma_603462,,0x7e6,DELETE_ROW INSERT_ROW OPEN_TABLE_FROM UPDATE_STREAM ALLOCATE UPDATE_STREAM,6,36709
1917,,ALLOCATE,/test/elvis_dir_record_449015/elvis_dir_papa_104235/elvis_dir_sync_718743/elvis_dir_gamma_603462,,0x7e6,ALLOCATE,1,36713
1918,,DELETE,/test/elvis_dir_record_449015/elvis_dir_papa_104235/elvis_dir_sync_718743/elvis_dir_gamma_603462,,0x7e6,DELETE_TABLE DELETE_ROW DELETE_ROW DELETE_TABLE,4,36715
1919,,STREAM_UPD,/test/elvis_dir_record_449015/elvis_dir_papa_104235/elvis_dir_sync_718743/elvis_dir_gamma_603462,,0x7e6,UPDATE_STREAM,1,36716
1920,,REPARENT,/test/elvis_dir_record_449015/elvis_dir_papa_104235/elvis_dir_sync_718743/elvis_dir_gamma_603462,xbpt_audit_oscar_237968.log,0x7e6,DELETE_ROW INSERT_ROW REPARENT_TABLE INSERT_ROW,4,36718
1921,2026-05-16T16:41:25.998Z,CREATE,/test,xbpt_symlink_record_442168.lnk,0x7e5,INSERT_ROW INSERT_ROW SET_OBJECT,3,36719
1922,2026-05-16T16:41:26.027Z,CREATE,/test/elvis_dir_record_449015/elvis_dir_papa_104235/elvis_dir_sync_718743/elvis_dir_gamma_109016/elvis_dir_config_541148,elvis_dir_audit_423251,0x7e7,OPEN_TABLE_FROM SET_OBJECT INSERT_ROW INSERT_ROW INSERT_ROW INSERT_ROW,6,36721
1923,,ALLOCATE,/test/elvis_dir_record_449015/elvis_dir_papa_104235/elvis_dir_sync_718743/elvis_dir_gamma_603462,,0x7e6,ALLOCATE,1,36722
1924,2026-05-16T16:41:26.051Z,CREATE,/test,xbpt_backup_report_125235.md,0x7e5,INSERT_ROW INSERT_ROW SET_OBJECT,3,36723
1925,,STREAM_UPD,/test,,0x7e5,UPDATE_STREAM,1,36724
1926,2026-05-16T16:41:26.073Z,CREATE,/test/elvis_dir_record_449015/elvis_dir_papa_104235/elvis_dir_sync_718743/elvis_dir_gamma_603462,xbpt_temp_whiskey_187024.dat,0x7e6,INSERT_ROW INSERT_ROW SET_OBJECT,3,36727
1927,,STREAM_UPD,/test/elvis_dir_record_449015/elvis_dir_papa_104235/elvis_dir_sync_718743/elvis_dir_gamma_603462,,0x7e6,UPDATE_STREAM,1,36728
1928,2026-05-16T16:41:26.096Z,CREATE,/test/elvis_dir_record_449015/elvis_dir_papa_104235/elvis_dir_sync_718743/elvis_dir_gamma_603462,xbpt_delta_index_269434.cfg,0x7e6,INSERT_ROW INSERT_ROW SET_OBJECT,3,36730
1929,,STREAM_UPD,/test/elvis_dir_record_449015/elvis_dir_papa_104235/elvis_dir_sync_718743/elvis_dir_gamma_603462,,0x7e6,UPDATE_STREAM,1,36731
1930,,STREAM_UPD,/test,,0x7e5,DELETE_ROW INSERT_ROW OPEN_TABLE_FROM UPDATE_STREAM ALLOCATE UPDATE_STREAM,6,36732
1931,2026-05-16T16:41:26.108Z,CREATE,/test/elvis_dir_record_449015/elvis_dir_papa_104235/elvis_dir_sync_718743/elvis_dir_gamma_603462,xbpt_alpha_yankee_153471.txt,0x7e6,INSERT_ROW INSERT_ROW SET_OBJECT,3,36733
1932,,STREAM_UPD,/test/elvis_dir_record_449015/elvis_dir_papa_104235/elvis_dir_sync_718743/elvis_dir_gamma_603462,,0x7e6,UPDATE_STREAM,1,36734
1933,,STREAM_UPD,/test/elvis_dir_record_449015/elvis_dir_papa_104235/elvis_dir_sync_718743/elvis_dir_gamma_109016/elvis_dir_config_541148,,0x7e7,DELETE_ROW INSERT_ROW OPEN_TABLE_FROM UPDATE_STREAM ALLOCATE UPDATE_STREAM,6,36735
1934,,DELETE,/test/elvis_dir_record_449015/elvis_dir_papa_104235/elvis_dir_sync_718743/elvis_dir_gamma_603462,,0x7e6,DELETE_TABLE DELETE_ROW DELETE_ROW DELETE_TABLE,4,36736
1935,,ALLOCATE,/test,,0x7e5,ALLOCATE,1,36738
1936,,STREAM_UPD,/test/elvis_dir_record_449015/elvis_dir_papa_104235/elvis_dir_sync_718743/elvis_dir_gamma_109016/elvis_dir_config_541148,,0x7e7,DELETE_ROW INSERT_ROW OPEN_TABLE_FROM UPDATE_STREAM ALLOCATE UPDATE_STREAM,6,36740
1937,,REPARENT,/test,xbpt_foxtrot_quebec_889096.dat,0x7e5,DELETE_ROW INSERT_ROW REPARENT_TABLE INSERT_ROW,4,36743
1938,,STREAM_UPD,/test/elvis_dir_record_449015/elvis_dir_papa_104235/elvis_dir_sync_718743/elvis_dir_gamma_109016/elvis_dir_config_541148,,0x7e7,DELETE_ROW INSERT_ROW OPEN_TABLE_FROM UPDATE_STREAM ALLOCATE UPDATE_STREAM,6,36748
1939,2026-05-16T16:41:26.309Z,CREATE,/test/elvis_dir_record_449015/elvis_dir_papa_104235/elvis_dir_sync_718743/elvis_dir_gamma_603462,xbpt_archive_uniform_901294.cfg,0x7e6,INSERT_ROW INSERT_ROW SET_OBJECT,3,36749
1940,,STREAM_UPD,/test/elvis_dir_record_449015/elvis_dir_papa_104235/elvis_dir_sync_718743/elvis_dir_gamma_603462,,0x7e6,DELETE_ROW INSERT_ROW OPEN_TABLE_FROM UPDATE_STREAM ALLOCATE UPDATE_STREAM,6,36750
1941,2026-05-16T16:41:26.321Z,CREATE,/test/elvis_dir_record_449015/elvis_dir_papa_104235/elvis_dir_sync_718743/elvis_dir_gamma_109016,elvis_dir_romeo_944038,0x7e9,OPEN_TABLE_FROM SET_OBJECT INSERT_ROW INSERT_ROW INSERT_ROW INSERT_ROW,6,36752
1942,,ALLOCATE,/test/elvis_dir_record_449015/elvis_dir_papa_104235/elvis_dir_sync_718743/elvis_dir_gamma_109016/elvis_dir_config_541148,,0x7e7,ALLOCATE,1,36753
1943,,STREAM_UPD,/test/elvis_dir_record_449015/elvis_dir_papa_104235/elvis_dir_sync_718743/elvis_dir_gamma_109016,,0x7e9,DELETE_ROW INSERT_ROW OPEN_TABLE_FROM UPDATE_STREAM ALLOCATE UPDATE_STREAM,6,36754
1944,,ALLOCATE,/test/elvis_dir_record_449015/elvis_dir_papa_104235/elvis_dir_sync_718743/elvis_dir_gamma_109016,,0x7e9,ALLOCATE,1,36755
1945,,STREAM_UPD,/test/elvis_dir_record_449015/elvis_dir_papa_104235/elvis_dir_sync_718743/elvis_dir_gamma_109016/elvis_dir_config_541148,,0x7e7,DELETE_ROW INSERT_ROW OPEN_TABLE_FROM UPDATE_STREAM ALLOCATE UPDATE_STREAM,6,36756
1946,2026-05-16T16:41:26.420Z,CREATE,/test/elvis_dir_record_449015/elvis_dir_papa_104235/elvis_dir_sync_718743/elvis_dir_gamma_603462,xbpt_yankee_gamma_631547.txt,0x7e6,INSERT_ROW INSERT_ROW SET_OBJECT,3,36757
1947,,STREAM_UPD,/test/elvis_dir_record_449015/elvis_dir_papa_104235/elvis_dir_sync_718743/elvis_dir_gamma_603462,,0x7e6,UPDATE_STREAM,1,36758
1948,,ALLOCATE,/test/elvis_dir_record_449015/elvis_dir_papa_104235/elvis_dir_sync_718743/elvis_dir_gamma_109016,,0x7e9,ALLOCATE,1,36760
1949,,STREAM_UPD,/test,,0x7e5,UPDATE_STREAM,1,36761
1950,,ALLOCATE,/test/elvis_dir_record_449015/elvis_dir_papa_104235/elvis_dir_sync_718743,,0x7ea,ALLOCATE,1,36763
1951,2026-05-16T16:41:26.496Z,CREATE,/test/elvis_dir_record_449015/elvis_dir_papa_104235/elvis_dir_sync_718743/elvis_dir_gamma_109016/elvis_dir_config_541148,xbpt_backup_whiskey_354321.dat,0x7e7,INSERT_ROW INSERT_ROW SET_OBJECT,3,36765
1952,,STREAM_UPD,/test/elvis_dir_record_449015/elvis_dir_papa_104235/elvis_dir_sync_718743/elvis_dir_gamma_109016/elvis_dir_config_541148,,0x7e7,UPDATE_STREAM,1,36766
1953,2026-05-16T16:41:26.512Z,CREATE,/test/elvis_dir_record_449015/elvis_dir_papa_104235/elvis_dir_sync_718743/elvis_dir_gamma_603462,xbpt_log_log_475663.dat,0x7e6,INSERT_ROW INSERT_ROW SET_OBJECT,3,36767
1954,,STREAM_UPD,/test/elvis_dir_record_449015/elvis_dir_papa_104235/elvis_dir_sync_718743/elvis_dir_gamma_603462,,0x7e6,UPDATE_STREAM,1,36768
1955,2026-05-16T16:41:26.490Z,MOVE,/test,elvis_dir_delta_490814,0x7e5,DELETE_ROW DELETE_ROW INSERT_ROW INSERT_ROW SET_PARENT_ID,5,36769
1956,,STREAM_UPD,/test/elvis_dir_record_449015/elvis_dir_papa_104235/elvis_dir_sync_718743/elvis_dir_gamma_109016,,0x7e9,DELETE_ROW INSERT_ROW OPEN_TABLE_FROM UPDATE_STREAM ALLOCATE UPDATE_STREAM,6,36771
1957,2026-05-16T16:41:26.550Z,CREATE,/test/elvis_dir_record_449015/elvis_dir_papa_104235/elvis_dir_sync_718743/elvis_dir_gamma_603462/elvis_dir_quebec_218899,elvis_dir_sierra_471343,0x7eb,OPEN_TABLE_FROM SET_OBJECT INSERT_ROW INSERT_ROW INSERT_ROW INSERT_ROW,6,36772
1958,2026-05-16T16:41:26.555Z,CREATE,OID 0x7ec,elvis_dir_index_768455,0x7ec,OPEN_TABLE_FROM SET_OBJECT INSERT_ROW INSERT_ROW INSERT_ROW INSERT_ROW,6,36773
1959,,REPARENT,/test/elvis_dir_record_449015/elvis_dir_papa_104235/elvis_dir_sync_718743/elvis_dir_gamma_603462,,0x7e6,DELETE_ROW REPARENT_TABLE INSERT_ROW,3,36774
1960,2026-05-16T16:41:26.599Z,CREATE,/test,xbpt_data_tango_520795.ini,0x7e5,INSERT_ROW INSERT_ROW SET_OBJECT,3,36775
1961,,STREAM_UPD,/test,,0x7e5,UPDATE_STREAM,1,36776
1962,,MODIFY,/test,,0x7e5,FREE,1,36777
1963,2026-05-16T16:41:26.655Z,CREATE,/test/elvis_dir_record_449015/elvis_dir_papa_104235/elvis_dir_sync_718743/elvis_dir_gamma_603462/elvis_dir_quebec_218899,xbpt_record_kilo_574610.bak,0x7eb,INSERT_ROW INSERT_ROW SET_OBJECT,3,36778
1964,,STREAM_UPD,/test/elvis_dir_record_449015/elvis_dir_papa_104235/elvis_dir_sync_718743/elvis_dir_gamma_603462/elvis_dir_quebec_218899,,0x7eb,UPDATE_STREAM,1,36779
1965,2026-05-16T16:41:26.725Z,CREATE,/test/elvis_dir_record_449015/elvis_dir_papa_104235/elvis_dir_sync_718743/elvis_dir_gamma_109016/elvis_dir_config_541148,xbpt_cache_tango_980936.bak,0x7e7,INSERT_ROW INSERT_ROW SET_OBJECT,3,36780
1966,,STREAM_UPD,/test/elvis_dir_record_449015/elvis_dir_papa_104235/elvis_dir_sync_718743/elvis_dir_gamma_109016/elvis_dir_config_541148,,0x7e7,UPDATE_STREAM,1,36781
1967,2026-05-16T16:41:26.737Z,CREATE,/test/elvis_dir_record_449015/elvis_dir_papa_104235/elvis_dir_sync_718743/elvis_dir_gamma_109016/elvis_dir_config_541148,xbpt_gamma_trace_145085.json,0x7e7,INSERT_ROW INSERT_ROW SET_OBJECT,3,36782
1968,,STREAM_UPD,/test/elvis_dir_record_449015/elvis_dir_papa_104235/elvis_dir_sync_718743/elvis_dir_gamma_109016/elvis_dir_config_541148,,0x7e7,UPDATE_STREAM,1,36783
1969,,REPARENT,/test/elvis_dir_record_449015/elvis_dir_papa_104235/elvis_dir_sync_718743/elvis_dir_gamma_603462,,0x7e6,DELETE_ROW REPARENT_TABLE INSERT_ROW,3,36784
1970,2026-05-16T16:41:26.814Z,CREATE,/test,xbpt_data_gamma_192767.txt,0x7e5,INSERT_ROW INSERT_ROW SET_OBJECT,3,36787
1971,,STREAM_UPD,/test,,0x7e5,UPDATE_STREAM,1,36788
1972,,MODIFY,/test/elvis_dir_record_449015/elvis_dir_papa_104235/elvis_dir_sync_718743/elvis_dir_gamma_109016/elvis_dir_config_541148,,0x7e7,UPDATE_ROW,1,36790
1973,,STREAM_UPD,/test/elvis_dir_record_449015/elvis_dir_papa_104235/elvis_dir_sync_718743/elvis_dir_gamma_109016/elvis_dir_config_541148,,0x7e7,UPDATE_STREAM,1,36791
1974,2026-05-16T16:41:26.890Z,CREATE,/test/elvis_dir_record_449015/elvis_dir_papa_104235/elvis_dir_sync_718743,xbpt_victor_output_615372.log,0x7ea,INSERT_ROW INSERT_ROW SET_OBJECT,3,36792
1975,,STREAM_UPD,/test/elvis_dir_record_449015/elvis_dir_papa_104235/elvis_dir_sync_718743,,0x7ea,UPDATE_STREAM,1,36793
1976,2026-05-16T16:41:26.896Z,CREATE,/test/elvis_dir_record_449015/elvis_dir_papa_104235/elvis_dir_sync_718743/elvis_dir_gamma_603462,xbpt_kilo_kilo_772105.txt,0x7e6,INSERT_ROW INSERT_ROW SET_OBJECT,3,36794
1977,,STREAM_UPD,/test/elvis_dir_record_449015/elvis_dir_papa_104235/elvis_dir_sync_718743/elvis_dir_gamma_603462,,0x7e6,UPDATE_STREAM,1,36795
1978,2026-05-16T16:41:26.908Z,CREATE,/test,xbpt_quebec_log_715153.log,0x7e5,INSERT_ROW INSERT_ROW SET_OBJECT,3,36796
1979,,STREAM_UPD,/test,,0x7e5,UPDATE_STREAM,1,36797
1980,2026-05-16T16:41:26.946Z,CREATE,/test/elvis_dir_record_449015/elvis_dir_papa_104235/elvis_dir_sync_718743,xbpt_log_whiskey_169575.dat,0x7ea,INSERT_ROW INSERT_ROW SET_OBJECT,3,36799
1981,,STREAM_UPD,/test/elvis_dir_record_449015/elvis_dir_papa_104235/elvis_dir_sync_718743,,0x7ea,UPDATE_STREAM,1,36800
1982,,STREAM_UPD,/test,,0x7e5,DELETE_ROW INSERT_ROW OPEN_TABLE_FROM UPDATE_STREAM ALLOCATE UPDATE_STREAM,6,36802
1983,2026-05-16T16:41:26.065Z,RENAME,/test/elvis_dir_record_449015/elvis_dir_papa_104235/elvis_dir_sync_718743/elvis_dir_gamma_603462,xbpt_config_draft_453929.log,0x7e6,DELETE_ROW DELETE_ROW INSERT_ROW INSERT_ROW,4,36803
1984,2026-05-16T16:41:26.981Z,CREATE,/test/elvis_dir_record_449015/elvis_dir_papa_104235/elvis_dir_sync_718743/elvis_dir_gamma_109016/elvis_dir_zulu_984398/elvis_dir_cache_558805,elvis_dir_zulu_272755,0x7ee,OPEN_TABLE_FROM SET_OBJECT INSERT_ROW INSERT_ROW INSERT_ROW INSERT_ROW,6,36805
1985,2026-05-16T16:41:26.987Z,CREATE,OID 0x7ef,elvis_dir_archive_133203,0x7ef,OPEN_TABLE_FROM SET_OBJECT INSERT_ROW INSERT_ROW INSERT_ROW INSERT_ROW,6,36806
1986,2026-05-16T16:41:27.001Z,CREATE,/test,xbpt_uniform_lima_991753.md,0x7e5,INSERT_ROW INSERT_ROW SET_OBJECT,3,36808
1987,,STREAM_UPD,/test,,0x7e5,UPDATE_STREAM,1,36809
1988,2026-05-16T16:41:27.007Z,CREATE,/test,xbpt_record_record_227971.txt,0x7e5,INSERT_ROW INSERT_ROW SET_OBJECT,3,36810
1989,,STREAM_UPD,/test,,0x7e5,UPDATE_STREAM,1,36811
1990,,ALLOCATE,/test,,0x7e5,ALLOCATE,1,36812
1991,,STREAM_UPD,/test/elvis_dir_record_449015/elvis_dir_papa_104235/elvis_dir_sync_718743/elvis_dir_gamma_109016,,0x7e9,DELETE_ROW INSERT_ROW OPEN_TABLE_FROM UPDATE_STREAM ALLOCATE UPDATE_STREAM,6,36813
1992,2026-05-16T16:41:27.055Z,CREATE,/test/elvis_dir_record_449015/elvis_dir_papa_104235/elvis_dir_sync_718743,xbpt_gamma_alpha_473126.tmp,0x7ea,INSERT_ROW INSERT_ROW SET_OBJECT,3,36814
1993,,STREAM_UPD,/test/elvis_dir_record_449015/elvis_dir_papa_104235/elvis_dir_sync_718743,,0x7ea,UPDATE_STREAM,1,36815
1994,,STREAM_UPD,/test,,0x7e5,DELETE_ROW INSERT_ROW OPEN_TABLE_FROM UPDATE_STREAM ALLOCATE UPDATE_STREAM,6,36816
1995,,STREAM_UPD,/test,,0x7e5,UPDATE_STREAM,1,36817
1996,,STREAM_UPD,/test/elvis_dir_record_449015/elvis_dir_papa_104235/elvis_dir_sync_718743/elvis_dir_gamma_603462,,0x7e6,DELETE_ROW INSERT_ROW OPEN_TABLE_FROM UPDATE_STREAM ALLOCATE UPDATE_STREAM,6,36818
1997,2026-05-16T16:41:27.085Z,CREATE,/test/elvis_dir_record_449015/elvis_dir_papa_104235/elvis_dir_sync_718743/elvis_dir_gamma_109016/elvis_dir_config_541148,xbpt_papa_data_402558.bak,0x7e7,INSERT_ROW INSERT_ROW SET_OBJECT,3,36819
1998,,STREAM_UPD,/test/elvis_dir_record_449015/elvis_dir_papa_104235/elvis_dir_sync_718743/elvis_dir_gamma_109016/elvis_dir_config_541148,,0x7e7,UPDATE_STREAM,1,36820
1999,,REPARENT,/test,,0x7e5,DELETE_ROW REPARENT_TABLE INSERT_ROW,3,36821
2000,2026-05-16T16:41:27.154Z,CREATE,/test/elvis_dir_record_449015/elvis_dir_papa_104235/elvis_dir_sync_718743/elvis_dir_gamma_109016/elvis_dir_config_541148,xbpt_zulu_hotel_553479.bak,0x7e7,INSERT_ROW INSERT_ROW SET_OBJECT,3,36822
2001,,STREAM_UPD,/test/elvis_dir_record_449015/elvis_dir_papa_104235/elvis_dir_sync_718743/elvis_dir_gamma_109016/elvis_dir_config_541148,,0x7e7,UPDATE_STREAM,1,36823
2002,2026-05-16T16:41:27.172Z,CREATE,/test/elvis_dir_record_449015/elvis_dir_papa_104235/elvis_dir_sync_718743/elvis_dir_gamma_109016/elvis_dir_zulu_984398/elvis_dir_cache_558805,xbpt_echo_whiskey_534063.tmp,0x7ee,INSERT_ROW INSERT_ROW SET_OBJECT,3,36825
2003,,STREAM_UPD,/test/elvis_dir_record_449015/elvis_dir_papa_104235/elvis_dir_sync_718743/elvis_dir_gamma_109016/elvis_dir_zulu_984398/elvis_dir_cache_558805,,0x7ee,UPDATE_STREAM,1,36826
2004,2026-05-16T16:41:27.091Z,MOVE,/test/elvis_dir_record_449015/elvis_dir_papa_104235/elvis_dir_sync_718743,elvis_dir_yankee_334324,0x7ea,DELETE_ROW DELETE_ROW INSERT_ROW INSERT_ROW SET_PARENT_ID,5,36827
2005,2021-05-18T07:16:04.999Z,RENAME,/test,xbpt_record_gamma_441485.log,0x7e5,DELETE_ROW DELETE_ROW INSERT_ROW INSERT_ROW,4,36829
2006,,STREAM_UPD,/test/elvis_dir_record_449015/elvis_dir_papa_104235/elvis_dir_sync_718743/elvis_dir_gamma_109016/elvis_dir_config_541148,,0x7e7,UPDATE_STREAM,1,36830
2007,,STREAM_UPD,/test/elvis_dir_record_449015/elvis_dir_papa_104235/elvis_dir_sync_718743/elvis_dir_gamma_109016,,0x7e9,UPDATE_STREAM,1,36832
2008,2026-05-16T16:41:27.268Z,CREATE,/test/elvis_dir_record_449015/elvis_dir_papa_104235/elvis_dir_sync_718743/elvis_dir_gamma_109016,xbpt_yankee_output_689860.csv,0x7e9,INSERT_ROW INSERT_ROW SET_OBJECT,3,36833
2009,,STREAM_UPD,/test/elvis_dir_record_449015/elvis_dir_papa_104235/elvis_dir_sync_718743/elvis_dir_gamma_109016,,0x7e9,UPDATE_STREAM,1,36834
2010,2026-05-16T16:41:27.274Z,CREATE,/test/elvis_dir_record_449015/elvis_dir_papa_104235/elvis_dir_sync_718743/elvis_dir_gamma_109016/elvis_dir_zulu_984398/elvis_dir_cache_558805,xbpt_beta_delta_991192.tmp,0x7ee,INSERT_ROW INSERT_ROW SET_OBJECT,3,36835
2011,,STREAM_UPD,/test/elvis_dir_record_449015/elvis_dir_papa_104235/elvis_dir_sync_718743/elvis_dir_gamma_109016/elvis_dir_zulu_984398/elvis_dir_cache_558805,,0x7ee,UPDATE_STREAM,1,36836
2012,,STREAM_UPD,/test/elvis_dir_record_449015/elvis_dir_lima_252141/elvis_dir_oscar_306778/elvis_dir_beta_984608,,0x7f0,DELETE_ROW INSERT_ROW OPEN_TABLE_FROM UPDATE_STREAM ALLOCATE UPDATE_STREAM,6,36837
2013,2026-05-16T16:41:27.294Z,CREATE,/test/elvis_dir_record_449015/elvis_dir_papa_104235/elvis_dir_sync_718743/elvis_dir_gamma_603462/elvis_dir_quebec_218899,xbpt_echo_foxtrot_782748.md,0x7eb,INSERT_ROW INSERT_ROW SET_OBJECT,3,36838
2014,,STREAM_UPD,/test/elvis_dir_record_449015/elvis_dir_papa_104235/elvis_dir_sync_718743/elvis_dir_gamma_603462/elvis_dir_quebec_218899,,0x7eb,UPDATE_STREAM,1,36839
2015,,STREAM_UPD,/test/elvis_dir_record_449015/elvis_dir_lima_252141/elvis_dir_oscar_306778/elvis_dir_beta_984608,,0x7f0,DELETE_ROW INSERT_ROW OPEN_TABLE_FROM UPDATE_STREAM ALLOCATE UPDATE_STREAM,6,36841
2016,2026-05-16T16:41:27.318Z,CREATE,/test,xbpt_foxtrot_victor_595630.dat,0x7e5,INSERT_ROW INSERT_ROW SET_OBJECT,3,36842
2017,,STREAM_UPD,/test,,0x7e5,UPDATE_STREAM,1,36843
2018,2026-05-16T16:41:27.328Z,CREATE,/test/elvis_dir_record_449015/elvis_dir_papa_104235/elvis_dir_sync_718743/elvis_dir_gamma_109016/elvis_dir_config_541148,xbpt_yankee_india_647904.log,0x7e7,INSERT_ROW INSERT_ROW SET_OBJECT,3,36844
2019,,STREAM_UPD,/test/elvis_dir_record_449015/elvis_dir_papa_104235/elvis_dir_sync_718743/elvis_dir_gamma_109016/elvis_dir_config_541148,,0x7e7,UPDATE_STREAM,1,36845
2020,,STREAM_UPD,/test/elvis_dir_record_449015/elvis_dir_papa_104235/elvis_dir_sync_718743/elvis_dir_gamma_109016/elvis_dir_config_541148,,0x7e7,UPDATE_STREAM,1,36846
2021,,STREAM_UPD,/test/elvis_dir_record_449015/elvis_dir_lima_252141/elvis_dir_oscar_306778/elvis_dir_beta_984608,,0x7f0,DELETE_ROW INSERT_ROW OPEN_TABLE_FROM UPDATE_STREAM ALLOCATE UPDATE_STREAM,6,36848
2022,,DELETE,/test/elvis_dir_record_449015/elvis_dir_papa_104235/elvis_dir_sync_718743/elvis_dir_gamma_603462/elvis_dir_quebec_218899,elvis_dir_record_917619,0x7eb,DELETE_ROW DELETE_ROW DELETE_TABLE DELETE_ROW,4,36850
2023,2026-05-16T16:41:27.354Z,RENAME,/test,elvis_dir_november_609537,0x7e5,DELETE_ROW DELETE_ROW INSERT_ROW INSERT_ROW,4,36851
2024,,ALLOCATE,/test/elvis_dir_record_449015/elvis_dir_papa_104235/elvis_dir_sync_718743/elvis_dir_gamma_109016,,0x7e9,ALLOCATE,1,36852
2025,,REPARENT,/test/elvis_dir_record_449015/elvis_dir_papa_104235/elvis_dir_sync_718743/elvis_dir_gamma_109016/elvis_dir_zulu_984398/elvis_dir_cache_558805,xbpt_beta_delta_991192.tmp,0x7ee,DELETE_ROW INSERT_ROW REPARENT_TABLE INSERT_ROW,4,36853
2026,,STREAM_UPD,/test/elvis_dir_record_449015/elvis_dir_papa_104235/elvis_dir_sync_718743/elvis_dir_gamma_109016/elvis_dir_config_541148,,0x7e7,UPDATE_STREAM,1,36854
2027,,STREAM_UPD,/test/elvis_dir_record_449015/elvis_dir_lima_252141/elvis_dir_oscar_306778/elvis_dir_beta_984608,,0x7f0,UPDATE_STREAM,1,36856
2028,2026-05-16T16:41:27.437Z,MOVE,/test/elvis_dir_record_449015/elvis_dir_papa_104235/elvis_dir_sync_718743/elvis_dir_gamma_109016/elvis_dir_config_541148,elvis_dir_backup_535345,0x7e7,DELETE_ROW DELETE_ROW INSERT_ROW INSERT_ROW SET_PARENT_ID,5,36859
2029,2026-05-16T16:41:27.543Z,CREATE,/test/elvis_dir_record_449015/elvis_dir_papa_104235/elvis_dir_sync_718743/elvis_dir_gamma_109016/elvis_dir_zulu_984398/elvis_dir_cache_558805,xbpt_alpha_delta_830163.ini,0x7ee,INSERT_ROW INSERT_ROW SET_OBJECT,3,36861
2030,,STREAM_UPD,/test/elvis_dir_record_449015/elvis_dir_papa_104235/elvis_dir_sync_718743/elvis_dir_gamma_109016/elvis_dir_zulu_984398/elvis_dir_cache_558805,,0x7ee,UPDATE_STREAM,1,36862
2031,,DELETE,/test,,0x7e5,DELETE_TABLE DELETE_ROW DELETE_ROW DELETE_TABLE,4,36864
2032,,STREAM_UPD,/test/elvis_dir_papa_805353/elvis_dir_november_478580,,0x7f3,DELETE_ROW INSERT_ROW OPEN_TABLE_FROM UPDATE_STREAM ALLOCATE UPDATE_STREAM,6,36865
2033,2026-05-16T16:41:27.580Z,CREATE,/test/elvis_dir_record_449015/elvis_dir_papa_104235/elvis_dir_sync_718743,xbpt_beta_audit_333607.json,0x7ea,INSERT_ROW INSERT_ROW SET_OBJECT,3,36866
2034,,STREAM_UPD,/test/elvis_dir_record_449015/elvis_dir_papa_104235/elvis_dir_sync_718743,,0x7ea,UPDATE_STREAM,1,36867
2035,2026-05-16T16:41:27.588Z,CREATE,/test/elvis_dir_papa_805353/elvis_dir_november_478580,xbpt_foxtrot_config_200139.ini,0x7f3,INSERT_ROW INSERT_ROW SET_OBJECT,3,36868
2036,,STREAM_UPD,/test/elvis_dir_papa_805353/elvis_dir_november_478580,,0x7f3,UPDATE_STREAM,1,36869
2037,2026-05-16T16:41:27.602Z,CREATE,/test/elvis_dir_record_449015/elvis_dir_papa_104235/elvis_dir_sync_718743/elvis_dir_gamma_109016/elvis_dir_zulu_984398/elvis_dir_cache_558805,xbpt_delta_cache_147912.bin,0x7ee,INSERT_ROW INSERT_ROW SET_OBJECT,3,36871
2038,,STREAM_UPD,/test/elvis_dir_record_449015/elvis_dir_papa_104235/elvis_dir_sync_718743/elvis_dir_gamma_109016/elvis_dir_zulu_984398/elvis_dir_cache_558805,,0x7ee,UPDATE_STREAM,1,36872
2039,,REPARENT,/test,xbpt_record_record_227971.txt,0x7e5,DELETE_ROW INSERT_ROW REPARENT_TABLE INSERT_ROW,4,36874
2040,2026-05-16T16:41:27.638Z,CREATE,/test/elvis_dir_record_449015/elvis_dir_lima_252141/elvis_dir_oscar_306778,xbpt_alpha_beta_546905.tmp,0x7f4,INSERT_ROW INSERT_ROW SET_OBJECT,3,36876
2041,,STREAM_UPD,/test/elvis_dir_record_449015/elvis_dir_lima_252141/elvis_dir_oscar_306778,,0x7f4,UPDATE_STREAM,1,36877
2042,,ALLOCATE,/test/elvis_dir_record_449015/elvis_dir_papa_104235/elvis_dir_sync_718743/elvis_dir_gamma_603462,,0x7e6,ALLOCATE,1,36878
2043,2026-05-16T16:41:27.662Z,CREATE,/test/elvis_dir_record_449015/elvis_dir_papa_104235/elvis_dir_sync_718743/elvis_dir_gamma_109016/elvis_dir_config_541148,xbpt_whiskey_kilo_275488.json,0x7e7,INSERT_ROW INSERT_ROW SET_OBJECT,3,36879
2044,,STREAM_UPD,/test/elvis_dir_record_449015/elvis_dir_papa_104235/elvis_dir_sync_718743/elvis_dir_gamma_109016/elvis_dir_config_541148,,0x7e7,UPDATE_STREAM,1,36880
2045,2026-05-16T16:41:27.670Z,CREATE,/test/elvis_dir_record_449015/elvis_dir_lima_252141/elvis_dir_oscar_306778,xbpt_gamma_whiskey_418191.csv,0x7f4,INSERT_ROW INSERT_ROW SET_OBJECT,3,36881
2046,,STREAM_UPD,/test/elvis_dir_record_449015/elvis_dir_lima_252141/elvis_dir_oscar_306778,,0x7f4,UPDATE_STREAM,1,36882
2047,2026-05-16T16:41:27.684Z,CREATE,/test,xbpt_archive_sync_860921.cfg,0x7e5,INSERT_ROW INSERT_ROW SET_OBJECT,3,36883
2048,,STREAM_UPD,/test,,0x7e5,UPDATE_STREAM,1,36884
2049,2026-05-16T16:41:27.710Z,CREATE,/test/elvis_dir_record_449015/elvis_dir_papa_104235/elvis_dir_sync_718743,xbpt_trace_yankee_986396.csv,0x7ea,INSERT_ROW INSERT_ROW SET_OBJECT,3,36885
2050,,STREAM_UPD,/test/elvis_dir_record_449015/elvis_dir_papa_104235/elvis_dir_sync_718743,,0x7ea,UPDATE_STREAM,1,36886
2051,2026-05-16T16:41:27.728Z,CREATE,/test/elvis_dir_record_449015/elvis_dir_papa_104235/elvis_dir_sync_718743/elvis_dir_gamma_109016/elvis_dir_zulu_984398/elvis_dir_cache_558805,xbpt_sierra_temp_920867.dat,0x7ee,INSERT_ROW INSERT_ROW SET_OBJECT,3,36888
2052,,STREAM_UPD,/test/elvis_dir_record_449015/elvis_dir_papa_104235/elvis_dir_sync_718743/elvis_dir_gamma_109016/elvis_dir_zulu_984398/elvis_dir_cache_558805,,0x7ee,UPDATE_STREAM,1,36889
2053,2026-05-16T16:41:27.736Z,CREATE,/test/elvis_dir_record_449015/elvis_dir_papa_104235/elvis_dir_sync_718743,xbpt_hotel_sync_810225.ini,0x7ea,INSERT_ROW INSERT_ROW SET_OBJECT,3,36890
2054,,STREAM_UPD,/test/elvis_dir_record_449015/elvis_dir_papa_104235/elvis_dir_sync_718743,,0x7ea,UPDATE_STREAM,1,36891
2055,2026-05-16T16:41:27.748Z,CREATE,/test/elvis_dir_record_449015/elvis_dir_papa_104235/elvis_dir_sync_718743,xbpt_quebec_foxtrot_777338.ini,0x7ea,INSERT_ROW INSERT_ROW SET_OBJECT,3,36892
2056,,STREAM_UPD,/test/elvis_dir_record_449015/elvis_dir_papa_104235/elvis_dir_sync_718743,,0x7ea,UPDATE_STREAM,1,36893
2057,2026-05-16T16:41:27.670Z,MOVE,/test/elvis_dir_record_449015/elvis_dir_lima_252141/elvis_dir_oscar_306778,xbpt_gamma_whiskey_418191.csv,0x7f4,DELETE_ROW DELETE_ROW INSERT_ROW INSERT_ROW,4,36895
2058,2026-05-16T16:41:27.810Z,CREATE,/test/elvis_dir_record_449015/elvis_dir_papa_104235/elvis_dir_sync_718743/elvis_dir_gamma_109016,xbpt_lima_lima_890070.dat,0x7e9,INSERT_ROW INSERT_ROW SET_OBJECT,3,36896
2059,,STREAM_UPD,/test/elvis_dir_record_449015/elvis_dir_papa_104235/elvis_dir_sync_718743/elvis_dir_gamma_109016,,0x7e9,UPDATE_STREAM,1,36897
2060,2026-05-16T16:41:27.814Z,CREATE,/test/elvis_dir_record_449015/elvis_dir_papa_104235/elvis_dir_sync_718743/elvis_dir_gamma_109016,xbpt_tango_archive_240492.tmp,0x7e9,INSERT_ROW INSERT_ROW SET_OBJECT,3,36898
2061,,STREAM_UPD,/test/elvis_dir_record_449015/elvis_dir_papa_104235/elvis_dir_sync_718743/elvis_dir_gamma_109016,,0x7e9,UPDATE_STREAM,1,36899
2062,,STREAM_UPD,/test,,0x7e5,UPDATE_STREAM,1,36901
2063,,STREAM_UPD,/test/elvis_dir_record_449015,,0x7f2,DELETE_ROW INSERT_ROW OPEN_TABLE_FROM UPDATE_STREAM ALLOCATE UPDATE_STREAM,6,36902
2064,,STREAM_UPD,/test/elvis_dir_record_449015,,0x7f2,DELETE_ROW INSERT_ROW OPEN_TABLE_FROM UPDATE_STREAM ALLOCATE UPDATE_STREAM,6,36904
2065,,ALLOCATE,/test/elvis_dir_record_449015/elvis_dir_papa_104235/elvis_dir_sync_718743/elvis_dir_gamma_109016/elvis_dir_zulu_984398/elvis_dir_cache_558805,,0x7ee,ALLOCATE,1,36905
2066,,MODIFY,/test,,0x7e5,FREE,1,36907
2067,,REPARENT,/test/elvis_dir_record_449015/elvis_dir_lima_252141/elvis_dir_oscar_306778,,0x7f4,DELETE_ROW REPARENT_TABLE INSERT_ROW,3,36908
2068,2026-05-16T16:41:27.889Z,CREATE,/test/elvis_dir_record_449015,xbpt_output_papa_412411.log,0x7f2,INSERT_ROW INSERT_ROW SET_OBJECT,3,36909
2069,,STREAM_UPD,/test/elvis_dir_record_449015,,0x7f2,UPDATE_STREAM,1,36910
2070,,STREAM_UPD,/test/elvis_dir_record_449015/elvis_dir_papa_104235/elvis_dir_sync_718743/elvis_dir_gamma_109016/elvis_dir_zulu_984398/elvis_dir_cache_558805,,0x7ee,DELETE_ROW INSERT_ROW OPEN_TABLE_FROM UPDATE_STREAM ALLOCATE UPDATE_STREAM,6,36912
2071,,DELETE,/test/elvis_dir_record_449015/elvis_dir_lima_252141/elvis_dir_oscar_306778/elvis_dir_record_901264,elvis_dir_alpha_144478,0x7f5,DELETE_ROW DELETE_ROW DELETE_TABLE DELETE_ROW,4,36913
2072,,ALLOCATE,/test/elvis_dir_record_449015/elvis_dir_papa_104235/elvis_dir_sync_718743/elvis_dir_gamma_109016/elvis_dir_config_541148,,0x7e7,ALLOCATE,1,36914
2073,,STREAM_UPD,/test,,0x7e5,UPDATE_STREAM,1,36915
2074,2026-05-16T16:41:27.963Z,CREATE,/test/elvis_dir_record_449015/elvis_dir_papa_104235/elvis_dir_sync_718743/elvis_dir_gamma_109016,xbpt_mike_tango_822153.dat,0x7e9,INSERT_ROW INSERT_ROW SET_OBJECT,3,36916
2075,,STREAM_UPD,/test/elvis_dir_record_449015/elvis_dir_papa_104235/elvis_dir_sync_718743/elvis_dir_gamma_109016,,0x7e9,UPDATE_STREAM,1,36917
2076,2026-05-16T16:41:27.979Z,CREATE,/test/elvis_dir_record_449015/elvis_dir_papa_104235/elvis_dir_sync_718743/elvis_dir_gamma_109016/elvis_dir_config_541148,xbpt_hotel_alpha_382213.tmp,0x7e7,INSERT_ROW INSERT_ROW SET_OBJECT,3,36918
2077,,STREAM_UPD,/test/elvis_dir_record_449015/elvis_dir_papa_104235/elvis_dir_sync_718743/elvis_dir_gamma_109016/elvis_dir_config_541148,,0x7e7,UPDATE_STREAM,1,36919
2078,2026-05-16T16:41:27.986Z,CREATE,/test/elvis_dir_record_449015/elvis_dir_papa_104235/elvis_dir_sync_718743/elvis_dir_gamma_109016/elvis_dir_config_541148,xbpt_temp_audit_764882.bak,0x7e7,INSERT_ROW INSERT_ROW SET_OBJECT,3,36920
2079,,STREAM_UPD,/test/elvis_dir_record_449015/elvis_dir_papa_104235/elvis_dir_sync_718743/elvis_dir_gamma_109016/elvis_dir_config_541148,,0x7e7,UPDATE_STREAM,1,36921
2080,2026-05-16T16:41:27.994Z,CREATE,/test/elvis_dir_record_449015/elvis_dir_papa_104235/elvis_dir_sync_718743/elvis_dir_gamma_109016/elvis_dir_config_541148,xbpt_yankee_alpha_567882.json,0x7e7,INSERT_ROW INSERT_ROW SET_OBJECT,3,36922
2081,,STREAM_UPD,/test/elvis_dir_record_449015/elvis_dir_papa_104235/elvis_dir_sync_718743/elvis_dir_gamma_109016/elvis_dir_config_541148,,0x7e7,UPDATE_STREAM,1,36923
2082,,STREAM_UPD,/test/elvis_dir_record_449015/elvis_dir_lima_252141/elvis_dir_oscar_306778,,0x7f4,DELETE_ROW INSERT_ROW OPEN_TABLE_FROM UPDATE_STREAM ALLOCATE UPDATE_STREAM,6,36924
2083,,ALLOCATE,/test/elvis_dir_record_449015/elvis_dir_papa_104235/elvis_dir_sync_718743/elvis_dir_gamma_109016/elvis_dir_config_541148,,0x7e7,ALLOCATE,1,36925
2084,2026-05-16T16:41:28.020Z,CREATE,OID 0x7f7,elvis_dir_whiskey_547057,0x7f7,OPEN_TABLE_FROM SET_OBJECT INSERT_ROW INSERT_ROW INSERT_ROW INSERT_ROW,6,36926
2085,,ALLOCATE,/test/elvis_dir_record_449015/elvis_dir_papa_104235/elvis_dir_sync_718743/elvis_dir_gamma_109016/elvis_dir_zulu_984398/elvis_dir_cache_558805,,0x7ee,ALLOCATE,1,36927
2086,,STREAM_UPD,/test/elvis_dir_record_449015/elvis_dir_papa_104235/elvis_dir_sync_718743/elvis_dir_gamma_109016,,0x7e9,UPDATE_STREAM,1,36928
2087,,STREAM_UPD,/test/elvis_dir_record_449015/elvis_dir_papa_104235/elvis_dir_sync_718743/elvis_dir_gamma_109016/elvis_dir_zulu_984398/elvis_dir_cache_558805,,0x7ee,DELETE_ROW INSERT_ROW OPEN_TABLE_FROM UPDATE_STREAM ALLOCATE UPDATE_STREAM,6,36929
2088,2026-05-16T16:41:28.046Z,CREATE,/test/elvis_dir_record_449015/elvis_dir_lima_252141/elvis_dir_oscar_306778/elvis_dir_record_901264,xbpt_november_cache_127869.dat,0x7f5,INSERT_ROW INSERT_ROW SET_OBJECT,3,36930
2089,,STREAM_UPD,/test/elvis_dir_record_449015/elvis_dir_lima_252141/elvis_dir_oscar_306778/elvis_dir_record_901264,,0x7f5,UPDATE_STREAM,1,36931
2090,2026-05-16T16:41:28.096Z,CREATE,/test/elvis_dir_record_449015/elvis_dir_papa_104235/elvis_dir_sync_718743/elvis_dir_gamma_109016,xbpt_lima_oscar_843603.tmp,0x7e9,INSERT_ROW INSERT_ROW SET_OBJECT,3,36933
2091,,STREAM_UPD,/test/elvis_dir_record_449015/elvis_dir_papa_104235/elvis_dir_sync_718743/elvis_dir_gamma_109016,,0x7e9,UPDATE_STREAM,1,36934
2092,,ALLOCATE,/test,,0x7e5,ALLOCATE,1,36936
2093,2026-05-16T16:41:28.170Z,CREATE,/test/elvis_dir_papa_805353/elvis_dir_november_478580,xbpt_lima_romeo_145243.txt,0x7f3,INSERT_ROW INSERT_ROW SET_OBJECT,3,36938
2094,,STREAM_UPD,/test/elvis_dir_papa_805353/elvis_dir_november_478580,,0x7f3,UPDATE_STREAM,1,36939
2095,,MODIFY,/test/elvis_dir_record_449015/elvis_dir_papa_104235/elvis_dir_sync_718743/elvis_dir_gamma_109016/elvis_dir_config_541148,,0x7e7,UPDATE_ROW,1,36940
2096,,STREAM_UPD,/test/elvis_dir_record_449015/elvis_dir_papa_104235/elvis_dir_sync_718743/elvis_dir_gamma_109016/elvis_dir_config_541148,,0x7e7,UPDATE_STREAM,1,36941
2097,,STREAM_UPD,/test/elvis_dir_record_449015/elvis_dir_lima_252141/elvis_dir_oscar_306778,,0x7f4,DELETE_ROW INSERT_ROW OPEN_TABLE_FROM UPDATE_STREAM ALLOCATE UPDATE_STREAM,6,36942
2098,2026-05-16T16:41:28.246Z,CREATE,/test/elvis_dir_papa_805353/elvis_dir_november_478580,xbpt_temp_foxtrot_215860.tmp,0x7f3,INSERT_ROW INSERT_ROW SET_OBJECT,3,36945
2099,,STREAM_UPD,/test/elvis_dir_papa_805353/elvis_dir_november_478580,,0x7f3,UPDATE_STREAM,1,36946
2100,2026-05-16T16:41:28.252Z,CREATE,/test/elvis_dir_record_449015/elvis_dir_papa_104235/elvis_dir_sync_718743,xbpt_config_india_582905.json,0x7ea,INSERT_ROW INSERT_ROW SET_OBJECT,3,36947
2101,,STREAM_UPD,/test/elvis_dir_record_449015/elvis_dir_papa_104235/elvis_dir_sync_718743,,0x7ea,UPDATE_STREAM,1,36948
2102,,REPARENT,/test/elvis_dir_papa_805353/elvis_dir_november_478580,,0x7f3,DELETE_ROW REPARENT_TABLE INSERT_ROW,3,36949
2103,,ALLOCATE,/test/elvis_dir_record_449015/elvis_dir_papa_104235/elvis_dir_sync_718743/elvis_dir_gamma_109016,,0x7e9,ALLOCATE,1,36950
2104,2026-05-16T16:41:28.310Z,CREATE,/test,xbpt_foxtrot_config_966558.log,0x7e5,INSERT_ROW INSERT_ROW SET_OBJECT,3,36951
2105,,STREAM_UPD,/test,,0x7e5,UPDATE_STREAM,1,36952
2106,,STREAM_UPD,/test/elvis_dir_record_449015/elvis_dir_papa_104235/elvis_dir_sync_718743/elvis_dir_gamma_109016,,0x7e9,DELETE_ROW INSERT_ROW OPEN_TABLE_FROM UPDATE_STREAM ALLOCATE UPDATE_STREAM,6,36954
2107,2026-05-16T16:41:28.336Z,CREATE,/test/elvis_dir_record_449015/elvis_dir_papa_104235/elvis_dir_sync_718743/elvis_dir_gamma_109016/elvis_dir_config_541148,xbpt_papa_audit_649170.md,0x7e7,INSERT_ROW INSERT_ROW SET_OBJECT,3,36955
2108,,STREAM_UPD,/test/elvis_dir_record_449015/elvis_dir_papa_104235/elvis_dir_sync_718743/elvis_dir_gamma_109016/elvis_dir_config_541148,,0x7e7,UPDATE_STREAM,1,36956
2109,,STREAM_UPD,/test/elvis_dir_record_449015/elvis_dir_papa_104235/elvis_dir_sync_718743/elvis_dir_gamma_109016/elvis_dir_zulu_984398/elvis_dir_cache_558805,,0x7ee,DELETE_ROW INSERT_ROW OPEN_TABLE_FROM UPDATE_STREAM ALLOCATE UPDATE_STREAM,6,36958
2110,,REPARENT,/test/elvis_dir_record_449015/elvis_dir_papa_104235/elvis_dir_sync_718743/elvis_dir_gamma_109016/elvis_dir_config_541148,,0x7e7,DELETE_ROW REPARENT_TABLE INSERT_ROW,3,36959
2111,,REPARENT,/test/elvis_dir_record_449015/elvis_dir_lima_252141/elvis_dir_oscar_306778,xbpt_report_whiskey_438679.dat,0x7f4,DELETE_ROW INSERT_ROW REPARENT_TABLE INSERT_ROW,4,36960
2112,,STREAM_UPD,/test/elvis_dir_record_449015/elvis_dir_papa_104235/elvis_dir_sync_718743/elvis_dir_gamma_109016/elvis_dir_config_541148,,0x7e7,UPDATE_STREAM,1,36961
2113,,ALLOCATE,/test/elvis_dir_record_449015/elvis_dir_papa_104235/elvis_dir_sync_718743/elvis_dir_gamma_109016/elvis_dir_config_541148,,0x7e7,ALLOCATE,1,36963
2114,,OP,/test/elvis_dir_record_449015/elvis_dir_papa_104235/elvis_dir_sync_718743/elvis_dir_gamma_109016/elvis_dir_zulu_984398/elvis_dir_cache_558805,,0x7ee,INSERT_ROW INSERT_ROW INSERT_ROW,3,36965
2115,2026-05-16T16:41:28.468Z,CREATE,OID 0x7f9,elvis_dir_sierra_678563,0x7f9,OPEN_TABLE_FROM SET_OBJECT INSERT_ROW INSERT_ROW INSERT_ROW INSERT_ROW,6,36966
2116,,ALLOCATE,/test/elvis_dir_record_449015/elvis_dir_papa_104235/elvis_dir_sync_718743/elvis_dir_gamma_109016/elvis_dir_config_541148,,0x7e7,ALLOCATE,1,36969
2117,2026-05-16T16:41:27.437Z,MOVE,/test/elvis_dir_record_449015/elvis_dir_papa_104235/elvis_dir_sync_718743/elvis_dir_gamma_603462,xbpt_yankee_gamma_631547.txt,0x7e6,DELETE_ROW DELETE_ROW INSERT_ROW INSERT_ROW,4,36970
2118,2026-05-16T16:41:28.588Z,CREATE,/test/elvis_dir_papa_805353/elvis_dir_november_478580,xbpt_uniform_data_334904.md,0x7f3,INSERT_ROW INSERT_ROW SET_OBJECT,3,36971
2119,,STREAM_UPD,/test/elvis_dir_papa_805353/elvis_dir_november_478580,,0x7f3,UPDATE_STREAM,1,36972
2120,,STREAM_UPD,/test/elvis_dir_record_449015/elvis_dir_papa_104235/elvis_dir_sync_718743/elvis_dir_gamma_109016/elvis_dir_zulu_984398/elvis_dir_cache_558805/elvis_dir_sierra_850083,,0x7f8,DELETE_ROW INSERT_ROW OPEN_TABLE_FROM UPDATE_STREAM ALLOCATE UPDATE_STREAM,6,36975
2121,,STREAM_UPD,/test/elvis_dir_record_449015/elvis_dir_papa_104235/elvis_dir_sync_718743/elvis_dir_gamma_109016/elvis_dir_zulu_984398/elvis_dir_cache_558805/elvis_dir_sierra_850083,,0x7f8,DELETE_ROW INSERT_ROW OPEN_TABLE_FROM UPDATE_STREAM ALLOCATE UPDATE_STREAM,6,36977
2122,,MODIFY,/test/elvis_dir_record_449015/elvis_dir_papa_104235/elvis_dir_sync_718743/elvis_dir_gamma_109016/elvis_dir_zulu_984398/elvis_dir_cache_558805/elvis_dir_sierra_850083,,0x7f8,FREE,1,36978
2123,,MODIFY,/test/elvis_dir_record_449015/elvis_dir_papa_104235/elvis_dir_sync_718743/elvis_dir_gamma_603462,,0x7e6,FREE,1,36979
2124,2026-05-16T16:41:28.682Z,CREATE,/test/elvis_dir_victor_783323,elvis_dir_audit_430310,0x7fa,OPEN_TABLE_FROM SET_OBJECT INSERT_ROW INSERT_ROW INSERT_ROW INSERT_ROW,6,36980
2125,2026-05-16T16:41:28.686Z,CREATE,/test/elvis_dir_record_449015/elvis_dir_lima_252141/elvis_dir_oscar_306778,xbpt_backup_echo_585708.csv,0x7f4,INSERT_ROW INSERT_ROW SET_OBJECT,3,36981
2126,,STREAM_UPD,/test/elvis_dir_record_449015/elvis_dir_lima_252141/elvis_dir_oscar_306778,,0x7f4,UPDATE_STREAM,1,36982
2127,,STREAM_UPD,/test/elvis_dir_record_449015/elvis_dir_papa_104235/elvis_dir_sync_718743/elvis_dir_gamma_109016/elvis_dir_config_541148,,0x7e7,DELETE_ROW INSERT_ROW OPEN_TABLE_FROM UPDATE_STREAM ALLOCATE UPDATE_STREAM,6,36984
2128,2026-05-16T16:41:28.717Z,CREATE,/test/elvis_dir_record_449015/elvis_dir_papa_104235/elvis_dir_sync_718743/elvis_dir_gamma_109016/elvis_dir_zulu_984398/elvis_dir_cache_558805/elvis_dir_sierra_850083,xbpt_audit_oscar_497672.tmp,0x7f8,INSERT_ROW INSERT_ROW SET_OBJECT,3,36985
2129,,STREAM_UPD,/test/elvis_dir_record_449015/elvis_dir_papa_104235/elvis_dir_sync_718743/elvis_dir_gamma_109016/elvis_dir_zulu_984398/elvis_dir_cache_558805/elvis_dir_sierra_850083,,0x7f8,UPDATE_STREAM,1,36986
2130,,STREAM_UPD,/test/elvis_dir_victor_783323,,0x7fa,DELETE_ROW INSERT_ROW OPEN_TABLE_FROM UPDATE_STREAM ALLOCATE UPDATE_STREAM,6,36987
2131,,STREAM_UPD,/test/elvis_dir_record_449015/elvis_dir_papa_104235/elvis_dir_sync_718743/elvis_dir_gamma_109016/elvis_dir_zulu_984398/elvis_dir_cache_558805/elvis_dir_sierra_850083,,0x7f8,DELETE_ROW INSERT_ROW OPEN_TABLE_FROM UPDATE_STREAM ALLOCATE UPDATE_STREAM,6,36989
2132,,STREAM_UPD,/test/elvis_dir_papa_805353/elvis_dir_november_478580,,0x7f3,DELETE_ROW INSERT_ROW OPEN_TABLE_FROM UPDATE_STREAM ALLOCATE UPDATE_STREAM,6,36991
2133,,STREAM_UPD,/test/elvis_dir_record_449015/elvis_dir_papa_104235/elvis_dir_sync_718743/elvis_dir_gamma_109016,,0x7e9,UPDATE_STREAM,1,36992
2134,2026-05-16T16:41:28.807Z,CREATE,/test/elvis_dir_victor_783323,xbpt_whiskey_tango_704744.ini,0x7fa,INSERT_ROW INSERT_ROW SET_OBJECT,3,36993
2135,,STREAM_UPD,/test/elvis_dir_victor_783323,,0x7fa,UPDATE_STREAM,1,36994
2136,,STREAM_UPD,/test,,0x7e5,DELETE_ROW INSERT_ROW OPEN_TABLE_FROM UPDATE_STREAM ALLOCATE UPDATE_STREAM,6,36997
2137,2026-05-16T16:41:28.896Z,CREATE,/test/elvis_dir_record_449015/elvis_dir_papa_104235/elvis_dir_sync_718743/elvis_dir_gamma_109016/elvis_dir_zulu_984398/elvis_dir_cache_558805/elvis_dir_sierra_850083,xbpt_audit_foxtrot_604743.xml,0x7f8,INSERT_ROW INSERT_ROW SET_OBJECT,3,36999
2138,,STREAM_UPD,/test/elvis_dir_record_449015/elvis_dir_papa_104235/elvis_dir_sync_718743/elvis_dir_gamma_109016/elvis_dir_zulu_984398/elvis_dir_cache_558805/elvis_dir_sierra_850083,,0x7f8,UPDATE_STREAM,1,37000
2139,2026-05-16T16:41:28.902Z,CREATE,/test,xbpt_config_output_842495.md,0x7e5,INSERT_ROW INSERT_ROW SET_OBJECT,3,37001
2140,,STREAM_UPD,/test,,0x7e5,UPDATE_STREAM,1,37002
2141,2026-05-16T16:41:28.932Z,CREATE,/test,xbpt_quebec_whiskey_691833.bak,0x7e5,INSERT_ROW INSERT_ROW SET_OBJECT,3,37003
2142,,STREAM_UPD,/test,,0x7e5,UPDATE_STREAM,1,37004
2143,2026-05-16T16:41:28.946Z,CREATE,/test/elvis_dir_record_449015,xbpt_india_delta_132534.bak,0x7f2,INSERT_ROW INSERT_ROW SET_OBJECT,3,37006
2144,,STREAM_UPD,/test/elvis_dir_record_449015,,0x7f2,UPDATE_STREAM,1,37007
2145,2026-05-16T16:41:28.952Z,CREATE,/test/elvis_dir_victor_783323,xbpt_beta_echo_315584.ini,0x7fa,INSERT_ROW INSERT_ROW SET_OBJECT,3,37008
2146,,STREAM_UPD,/test/elvis_dir_victor_783323,,0x7fa,UPDATE_STREAM,1,37009
2147,2026-05-16T16:41:28.962Z,CREATE,/test/elvis_dir_record_449015/elvis_dir_papa_104235/elvis_dir_sync_718743/elvis_dir_gamma_109016/elvis_dir_zulu_984398/elvis_dir_cache_558805,xbpt_log_backup_939898.json,0x7ee,INSERT_ROW INSERT_ROW SET_OBJECT,3,37010
2148,,STREAM_UPD,/test/elvis_dir_record_449015/elvis_dir_papa_104235/elvis_dir_sync_718743/elvis_dir_gamma_109016/elvis_dir_zulu_984398/elvis_dir_cache_558805,,0x7ee,UPDATE_STREAM,1,37011
2149,2026-05-16T16:41:28.976Z,CREATE,/test/elvis_dir_record_449015/elvis_dir_papa_104235/elvis_dir_sync_718743/elvis_dir_gamma_109016/elvis_dir_zulu_984398/elvis_dir_cache_558805/elvis_dir_sierra_850083,xbpt_alpha_victor_764737.log,0x7f8,INSERT_ROW INSERT_ROW SET_OBJECT,3,37012
2150,,STREAM_UPD,/test/elvis_dir_record_449015/elvis_dir_papa_104235/elvis_dir_sync_718743/elvis_dir_gamma_109016/elvis_dir_zulu_984398/elvis_dir_cache_558805/elvis_dir_sierra_850083,,0x7f8,UPDATE_STREAM,1,37013
2151,2026-05-16T16:41:28.980Z,CREATE,/test/elvis_dir_record_449015,xbpt_sierra_kilo_206137.json,0x7f2,INSERT_ROW INSERT_ROW SET_OBJECT,3,37014
2152,,STREAM_UPD,/test/elvis_dir_record_449015,,0x7f2,UPDATE_STREAM,1,37015
2153,,REPARENT,/test/elvis_dir_record_449015/elvis_dir_papa_104235/elvis_dir_sync_718743/elvis_dir_gamma_109016/elvis_dir_zulu_984398/elvis_dir_cache_558805/elvis_dir_sierra_850083,xbpt_alpha_victor_764737.log,0x7f8,DELETE_ROW INSERT_ROW REPARENT_TABLE INSERT_ROW,4,37017
2154,,REPARENT,/test/elvis_dir_record_449015/elvis_dir_papa_104235/elvis_dir_sync_718743/elvis_dir_gamma_109016/elvis_dir_zulu_984398/elvis_dir_cache_558805/elvis_dir_sierra_850083,xbpt_audit_oscar_497672.tmp,0x7f8,DELETE_ROW INSERT_ROW REPARENT_TABLE INSERT_ROW,4,37018
2155,2026-05-16T16:41:29.036Z,CREATE,/test/elvis_dir_record_449015,xbpt_india_cache_443358.ini,0x7f2,INSERT_ROW INSERT_ROW SET_OBJECT,3,37019
2156,,STREAM_UPD,/test/elvis_dir_record_449015,,0x7f2,UPDATE_STREAM,1,37020
2157,,STREAM_UPD,/test/elvis_dir_record_449015,,0x7f2,DELETE_ROW INSERT_ROW OPEN_TABLE_FROM UPDATE_STREAM ALLOCATE UPDATE_STREAM,6,37022
2158,,MODIFY,/test/elvis_dir_record_449015/elvis_dir_papa_104235/elvis_dir_sync_718743/elvis_dir_gamma_109016/elvis_dir_zulu_984398/elvis_dir_cache_558805/elvis_dir_sierra_850083,,0x7f8,FREE,1,37024
2159,,STREAM_UPD,/test/elvis_dir_record_449015/elvis_dir_papa_104235/elvis_dir_sync_718743/elvis_dir_gamma_109016/elvis_dir_zulu_984398/elvis_dir_cache_558805,,0x7ee,DELETE_ROW INSERT_ROW OPEN_TABLE_FROM UPDATE_STREAM ALLOCATE UPDATE_STREAM,6,37025
2160,2026-05-16T16:41:29.109Z,CREATE,/test/elvis_dir_papa_805353/elvis_dir_november_478580,xbpt_temp_sierra_130629.tmp,0x7f3,INSERT_ROW INSERT_ROW SET_OBJECT,3,37026
2161,,STREAM_UPD,/test/elvis_dir_papa_805353/elvis_dir_november_478580,,0x7f3,UPDATE_STREAM,1,37027
2162,2026-05-16T16:41:29.127Z,MOVE,/test/elvis_dir_record_449015/elvis_dir_papa_104235/elvis_dir_sync_718743/elvis_dir_gamma_109016/elvis_dir_config_541148,elvis_dir_beta_540503,0x7e7,DELETE_ROW DELETE_ROW INSERT_ROW INSERT_ROW SET_PARENT_ID,5,37029
2163,,STREAM_UPD,/test/elvis_dir_victor_783323,,0x7fa,DELETE_ROW INSERT_ROW OPEN_TABLE_FROM UPDATE_STREAM ALLOCATE UPDATE_STREAM,6,37031
2164,,REPARENT,/test/elvis_dir_record_449015/elvis_dir_lima_252141/elvis_dir_oscar_306778,,0x7f4,DELETE_ROW REPARENT_TABLE INSERT_ROW,3,37032
2165,,CONTAINER,,,,MOVE_CONTAINER MOVE_CONTAINER MOVE_CONTAINER MOVE_CONTAINER MOVE_CONTAINER MOVE_CONTAINER,6,37033
2166,2026-05-16T16:41:29.196Z,CREATE,/test/elvis_dir_victor_783323,xbpt_delta_echo_626074.json,0x7fa,INSERT_ROW INSERT_ROW SET_OBJECT,3,37036
2167,,STREAM_UPD,/test/elvis_dir_victor_783323,,0x7fa,UPDATE_STREAM,1,37037
2168,2026-05-16T16:41:29.204Z,CREATE,/test/elvis_dir_record_449015/elvis_dir_lima_252141/elvis_dir_oscar_306778,xbpt_quebec_temp_412114.ini,0x7f4,INSERT_ROW INSERT_ROW SET_OBJECT,3,37038
2169,,STREAM_UPD,/test/elvis_dir_record_449015/elvis_dir_lima_252141/elvis_dir_oscar_306778,,0x7f4,DELETE_ROW INSERT_ROW OPEN_TABLE_FROM UPDATE_STREAM ALLOCATE UPDATE_STREAM,6,37039
2170,2026-05-16T16:41:29.210Z,CREATE,/test/elvis_dir_record_449015/elvis_dir_papa_104235/elvis_dir_sync_718743/elvis_dir_gamma_109016,xbpt_alpha_victor_250409.ini,0x7e9,INSERT_ROW INSERT_ROW SET_OBJECT,3,37042
2171,,STREAM_UPD,/test/elvis_dir_record_449015/elvis_dir_papa_104235/elvis_dir_sync_718743/elvis_dir_gamma_109016,,0x7e9,DELETE_ROW INSERT_ROW OPEN_TABLE_FROM UPDATE_STREAM ALLOCATE UPDATE_STREAM,6,37043
2172,,ALLOCATE,/test/elvis_dir_record_449015/elvis_dir_papa_104235/elvis_dir_sync_718743/elvis_dir_gamma_109016/elvis_dir_config_541148,,0x7e7,ALLOCATE,1,37046
2173,,MODIFY,/test/elvis_dir_record_449015/elvis_dir_papa_104235/elvis_dir_sync_718743,,0x7ea,FREE,1,37048
2174,,MODIFY,/test/elvis_dir_papa_805353/elvis_dir_november_478580,,0x7f3,UPDATE_ROW,1,37049
2175,,STREAM_UPD,/test/elvis_dir_record_449015/elvis_dir_papa_104235/elvis_dir_sync_718743/elvis_dir_gamma_109016,,0x7e9,UPDATE_STREAM,1,37052
2176,,DELETE,/test/elvis_dir_record_449015/elvis_dir_papa_104235/elvis_dir_sync_718743/elvis_dir_gamma_109016/elvis_dir_config_541148,,0x7e7,DELETE_TABLE DELETE_ROW DELETE_ROW DELETE_TABLE,4,37053
2177,,STREAM_UPD,/test/elvis_dir_record_449015/elvis_dir_papa_104235/elvis_dir_sync_718743/elvis_dir_gamma_109016/elvis_dir_config_541148,,0x7e7,DELETE_ROW INSERT_ROW OPEN_TABLE_FROM UPDATE_STREAM ALLOCATE UPDATE_STREAM,6,37055
2178,2026-05-16T16:41:29.308Z,CREATE,/test/elvis_dir_record_449015/elvis_dir_papa_104235/elvis_dir_sync_718743/elvis_dir_gamma_109016/elvis_dir_index_592790,elvis_dir_index_592790,0x7fd,OPEN_TABLE_FROM SET_OBJECT INSERT_ROW INSERT_ROW INSERT_ROW INSERT_ROW,6,37057
2179,2026-05-16T16:41:29.320Z,CREATE,/test/elvis_dir_victor_783323,xbpt_record_mike_276675.tmp,0x7fa,INSERT_ROW INSERT_ROW SET_OBJECT,3,37058
2180,,STREAM_UPD,/test/elvis_dir_victor_783323,,0x7fa,UPDATE_STREAM,1,37059
2181,,MODIFY,/test/elvis_dir_record_449015/elvis_dir_papa_104235/elvis_dir_sync_718743/elvis_dir_gamma_109016/elvis_dir_zulu_984398/elvis_dir_cache_558805,,0x7ee,FREE,1,37060
2182,,STREAM_UPD,/test/elvis_dir_record_449015/elvis_dir_papa_104235/elvis_dir_sync_718743,,0x7ea,UPDATE_STREAM,1,37062
2183,2026-05-16T16:41:29.370Z,CREATE,/test/elvis_dir_record_449015/elvis_dir_papa_104235/elvis_dir_sync_718743/elvis_dir_gamma_109016/elvis_dir_index_592790,xbpt_draft_india_571157.ini,0x7fd,INSERT_ROW INSERT_ROW SET_OBJECT,3,37067
2184,,STREAM_UPD,/test/elvis_dir_record_449015/elvis_dir_papa_104235/elvis_dir_sync_718743/elvis_dir_gamma_109016/elvis_dir_index_592790,,0x7fd,UPDATE_STREAM,1,37068
2185,,MODIFY,/test,,0x7e5,FREE,1,37069
2186,,STREAM_UPD,/test/elvis_dir_papa_805353/elvis_dir_november_478580,,0x7f3,DELETE_ROW INSERT_ROW OPEN_TABLE_FROM UPDATE_STREAM ALLOCATE UPDATE_STREAM,6,37071
2187,,STREAM_UPD,/test/elvis_dir_record_449015/elvis_dir_lima_252141/elvis_dir_oscar_306778,,0x7f4,DELETE_ROW INSERT_ROW OPEN_TABLE_FROM UPDATE_STREAM ALLOCATE UPDATE_STREAM,6,37073
2188,2026-05-16T16:41:29.432Z,CREATE,/test/elvis_dir_record_449015/elvis_dir_papa_104235/elvis_dir_sync_718743/elvis_dir_gamma_109016/elvis_dir_index_592790,xbpt_yankee_mike_602825.log,0x7fd,INSERT_ROW INSERT_ROW SET_OBJECT,3,37075
2189,,STREAM_UPD,/test/elvis_dir_record_449015/elvis_dir_papa_104235/elvis_dir_sync_718743/elvis_dir_gamma_109016/elvis_dir_index_592790,,0x7fd,UPDATE_STREAM,1,37076
2190,,ALLOCATE,/test/elvis_dir_record_449015/elvis_dir_papa_104235/elvis_dir_sync_718743/elvis_dir_gamma_109016,,0x7e9,ALLOCATE,1,37079
2191,2026-05-16T16:41:29.364Z,RENAME,/test,elvis_dir_november_369871,0x7e5,DELETE_ROW DELETE_ROW INSERT_ROW INSERT_ROW,4,37081
2192,,STREAM_UPD,/test/elvis_dir_victor_783323,,0x7fa,UPDATE_STREAM,1,37083
2193,2026-05-16T16:41:29.498Z,CREATE,/test/elvis_dir_record_449015/elvis_dir_papa_104235/elvis_dir_sync_718743/elvis_dir_gamma_109016,xbpt_audit_india_563500.bin,0x7e9,INSERT_ROW INSERT_ROW SET_OBJECT,3,37084
2194,,STREAM_UPD,/test/elvis_dir_record_449015/elvis_dir_papa_104235/elvis_dir_sync_718743/elvis_dir_gamma_109016,,0x7e9,UPDATE_STREAM,1,37085
2195,2026-05-16T16:41:29.542Z,CREATE,/test/elvis_dir_record_449015/elvis_dir_papa_104235/elvis_dir_sync_718743/elvis_dir_gamma_109016,xbpt_audit_data_566396.txt,0x7e9,INSERT_ROW INSERT_ROW SET_OBJECT,3,37087
2196,,STREAM_UPD,/test/elvis_dir_record_449015/elvis_dir_papa_104235/elvis_dir_sync_718743/elvis_dir_gamma_109016,,0x7e9,UPDATE_STREAM,1,37088
2197,2026-05-16T16:41:29.405Z,MOVE,/test/elvis_dir_record_449015/elvis_dir_papa_104235/elvis_dir_sync_718743/elvis_dir_gamma_109016,elvis_dir_beta_261576,0x7e9,DELETE_ROW DELETE_ROW INSERT_ROW INSERT_ROW SET_PARENT_ID,5,37089
2198,2026-05-16T16:41:29.558Z,CREATE,/test/elvis_dir_record_449015/elvis_dir_papa_104235/elvis_dir_sync_718743/elvis_dir_gamma_109016/elvis_dir_index_592790,xbpt_lima_uniform_330272.xml,0x7fd,INSERT_ROW INSERT_ROW SET_OBJECT,3,37090
2199,,STREAM_UPD,/test/elvis_dir_record_449015/elvis_dir_papa_104235/elvis_dir_sync_718743/elvis_dir_gamma_109016/elvis_dir_index_592790,,0x7fd,UPDATE_STREAM,1,37091
2200,,STREAM_UPD,/test/elvis_dir_victor_783323,,0x7fa,DELETE_ROW INSERT_ROW OPEN_TABLE_FROM UPDATE_STREAM ALLOCATE UPDATE_STREAM,6,37092
2201,2026-05-16T16:41:29.572Z,CREATE,/test/elvis_dir_record_449015/elvis_dir_papa_104235/elvis_dir_sync_718743/elvis_dir_gamma_109016/elvis_dir_config_541148,xbpt_config_archive_855545.dat,0x7e7,INSERT_ROW INSERT_ROW SET_OBJECT,3,37093
2202,,STREAM_UPD,/test/elvis_dir_record_449015/elvis_dir_papa_104235/elvis_dir_sync_718743/elvis_dir_gamma_109016/elvis_dir_config_541148,,0x7e7,UPDATE_STREAM,1,37094
2203,2026-05-16T16:41:29.578Z,CREATE,/test/elvis_dir_record_449015/elvis_dir_lima_252141/elvis_dir_oscar_306778,xbpt_foxtrot_alpha_964103.json,0x7f4,INSERT_ROW INSERT_ROW SET_OBJECT,3,37095
2204,,STREAM_UPD,/test/elvis_dir_record_449015/elvis_dir_lima_252141/elvis_dir_oscar_306778,,0x7f4,UPDATE_STREAM,1,37096
2205,,STREAM_UPD,/test/elvis_dir_record_449015/elvis_dir_papa_104235/elvis_dir_sync_718743/elvis_dir_gamma_109016/elvis_dir_index_592790,,0x7fd,DELETE_ROW INSERT_ROW OPEN_TABLE_FROM UPDATE_STREAM ALLOCATE UPDATE_STREAM,6,37098
2206,2026-05-16T16:41:29.620Z,CREATE,/test/elvis_dir_record_449015/elvis_dir_papa_104235/elvis_dir_sync_718743/elvis_dir_gamma_109016/elvis_dir_index_592790,xbpt_foxtrot_romeo_979913.json,0x7fd,INSERT_ROW INSERT_ROW SET_OBJECT,3,37099
2207,,STREAM_UPD,/test/elvis_dir_record_449015/elvis_dir_papa_104235/elvis_dir_sync_718743/elvis_dir_gamma_109016/elvis_dir_index_592790,,0x7fd,UPDATE_STREAM,1,37100
2208,2026-05-16T16:41:29.630Z,CREATE,OID 0x7ff,elvis_dir_data_582682,0x7ff,OPEN_TABLE_FROM SET_OBJECT INSERT_ROW INSERT_ROW INSERT_ROW INSERT_ROW,6,37102
2209,2026-05-16T16:41:29.661Z,DELETE,/test/elvis_dir_record_449015/elvis_dir_papa_104235/elvis_dir_sync_718743/elvis_dir_gamma_109016/elvis_dir_zulu_984398,elvis_dir_kilo_540242,0x7fb,DELETE_ROW DELETE_ROW DELETE_TABLE DELETE_ROW,4,37104
2210,,STREAM_UPD,/test/elvis_dir_record_449015/elvis_dir_lima_252141/elvis_dir_oscar_306778/elvis_dir_cache_505509,,0x7fc,DELETE_ROW INSERT_ROW OPEN_TABLE_FROM UPDATE_STREAM ALLOCATE UPDATE_STREAM,6,37106
2211,,ALLOCATE,/test/elvis_dir_record_449015/elvis_dir_lima_252141/elvis_dir_oscar_306778/elvis_dir_cache_505509,,0x7fc,ALLOCATE,1,37107
2212,2026-05-16T16:41:29.673Z,CREATE,/test/elvis_dir_victor_783323,xbpt_yankee_output_781405.csv,0x7fa,INSERT_ROW INSERT_ROW SET_OBJECT,3,37108
2213,,STREAM_UPD,/test/elvis_dir_victor_783323,,0x7fa,UPDATE_STREAM,1,37109
2214,,REPARENT,/test/elvis_dir_record_449015/elvis_dir_papa_104235/elvis_dir_sync_718743/elvis_dir_gamma_109016/elvis_dir_zulu_984398/elvis_dir_cache_558805,xbpt_romeo_output_514691.txt,0x7ee,DELETE_ROW INSERT_ROW REPARENT_TABLE INSERT_ROW,4,37110
2215,,ALLOCATE,/test/elvis_dir_record_449015/elvis_dir_papa_104235/elvis_dir_sync_718743/elvis_dir_gamma_109016/elvis_dir_config_541148,,0x7e7,ALLOCATE,1,37111
2216,2026-05-16T16:41:29.735Z,CREATE,/test/elvis_dir_record_449015/elvis_dir_lima_252141/elvis_dir_oscar_306778/elvis_dir_cache_505509,xbpt_cache_gamma_841038.dat,0x7fc,INSERT_ROW INSERT_ROW SET_OBJECT,3,37112
2217,,STREAM_UPD,/test/elvis_dir_record_449015/elvis_dir_lima_252141/elvis_dir_oscar_306778/elvis_dir_cache_505509,,0x7fc,UPDATE_STREAM,1,37113
2218,,STREAM_UPD,/test/elvis_dir_record_449015/elvis_dir_papa_104235/elvis_dir_sync_718743/elvis_dir_gamma_109016/elvis_dir_config_541148,,0x7e7,DELETE_ROW INSERT_ROW OPEN_TABLE_FROM UPDATE_STREAM ALLOCATE UPDATE_STREAM,6,37115
2219,2026-05-16T16:41:29.765Z,CREATE,/test/elvis_dir_record_449015/elvis_dir_papa_104235/elvis_dir_sync_718743/elvis_dir_gamma_109016,xbpt_archive_temp_427331.xml,0x7e9,INSERT_ROW INSERT_ROW SET_OBJECT,3,37116
2220,,STREAM_UPD,/test/elvis_dir_record_449015/elvis_dir_papa_104235/elvis_dir_sync_718743/elvis_dir_gamma_109016,,0x7e9,UPDATE_STREAM,1,37117
2221,,ALLOCATE,/test/elvis_dir_record_449015/elvis_dir_papa_104235/elvis_dir_sync_718743/elvis_dir_gamma_109016/elvis_dir_zulu_984398/elvis_dir_cache_558805/elvis_dir_sierra_850083,,0x7f8,ALLOCATE,1,37118
2222,,MODIFY,/test/elvis_dir_papa_805353/elvis_dir_november_478580,,0x7f3,FREE,1,37119
2223,,STREAM_UPD,/test/elvis_dir_record_449015/elvis_dir_papa_104235/elvis_dir_sync_718743/elvis_dir_gamma_109016/elvis_dir_config_541148,,0x7e7,DELETE_ROW INSERT_ROW OPEN_TABLE_FROM UPDATE_STREAM ALLOCATE UPDATE_STREAM,6,37121
2224,2026-05-16T16:41:29.838Z,CREATE,/test/elvis_dir_record_449015/elvis_dir_papa_104235/elvis_dir_sync_718743,xbpt_echo_tango_714597.log,0x7ea,INSERT_ROW INSERT_ROW SET_OBJECT,3,37123
2225,,STREAM_UPD,/test/elvis_dir_record_449015/elvis_dir_papa_104235/elvis_dir_sync_718743,,0x7ea,UPDATE_STREAM,1,37124
2226,2026-05-16T16:41:29.737Z,DELETE,/test/elvis_dir_record_449015/elvis_dir_papa_104235/elvis_dir_sync_718743/elvis_dir_gamma_109016/elvis_dir_config_541148,,0x7e7,DELETE_TABLE DELETE_ROW DELETE_ROW DELETE_TABLE,4,37125
2227,2026-05-16T16:41:29.908Z,CREATE,/test/elvis_dir_record_449015/elvis_dir_papa_104235/elvis_dir_sync_718743/elvis_dir_gamma_109016/elvis_dir_index_592790,xbpt_archive_log_561904.tmp,0x7fd,INSERT_ROW INSERT_ROW SET_OBJECT,3,37127
2228,,STREAM_UPD,/test/elvis_dir_record_449015/elvis_dir_papa_104235/elvis_dir_sync_718743/elvis_dir_gamma_109016/elvis_dir_index_592790,,0x7fd,UPDATE_STREAM,1,37128
2229,,STREAM_UPD,/test/elvis_dir_victor_783323,,0x7fa,DELETE_ROW INSERT_ROW OPEN_TABLE_FROM UPDATE_STREAM ALLOCATE UPDATE_STREAM,6,37129
2230,,REPARENT,/test/elvis_dir_victor_783323,xbpt_lima_mike_416685.csv,0x7fa,DELETE_ROW INSERT_ROW REPARENT_TABLE INSERT_ROW,4,37130
2231,2026-05-16T16:41:29.554Z,RENAME,/test,elvis_dir_papa_268291,0x7e5,DELETE_ROW DELETE_ROW INSERT_ROW INSERT_ROW,4,37132
2232,2026-05-16T16:41:29.948Z,CREATE,/test/elvis_dir_record_449015,xbpt_draft_quebec_447516.csv,0x7f2,INSERT_ROW INSERT_ROW SET_OBJECT,3,37133
2233,,STREAM_UPD,/test/elvis_dir_record_449015,,0x7f2,UPDATE_STREAM,1,37134
2234,2026-05-16T16:41:29.952Z,CREATE,/test/elvis_dir_record_449015/elvis_dir_papa_104235/elvis_dir_sync_718743/elvis_dir_gamma_109016,xbpt_tango_victor_844323.json,0x7e9,INSERT_ROW INSERT_ROW SET_OBJECT,3,37135
2235,,STREAM_UPD,/test/elvis_dir_record_449015/elvis_dir_papa_104235/elvis_dir_sync_718743/elvis_dir_gamma_109016,,0x7e9,UPDATE_STREAM,1,37136
2236,,STREAM_UPD,/test/elvis_dir_papa_805353/elvis_dir_november_478580,,0x7f3,UPDATE_STREAM,1,37137
2237,,STREAM_UPD,/test/elvis_dir_record_449015/elvis_dir_lima_252141/elvis_dir_oscar_306778/elvis_dir_record_901264,,0x7f5,DELETE_ROW INSERT_ROW OPEN_TABLE_FROM UPDATE_STREAM ALLOCATE UPDATE_STREAM,6,37138
2238,2026-05-16T16:41:30.031Z,CREATE,OID 0x801,elvis_dir_echo_418892,0x801,OPEN_TABLE_FROM SET_OBJECT INSERT_ROW INSERT_ROW INSERT_ROW INSERT_ROW,6,37140
2239,,STREAM_UPD,/test/elvis_dir_record_449015,,0x7f2,DELETE_ROW INSERT_ROW OPEN_TABLE_FROM UPDATE_STREAM ALLOCATE UPDATE_STREAM,6,37142
2240,2026-05-16T16:41:30.071Z,CREATE,/test/elvis_dir_record_449015,xbpt_november_november_194585.ini,0x7f2,INSERT_ROW INSERT_ROW SET_OBJECT,3,37145
2241,,STREAM_UPD,/test/elvis_dir_record_449015,,0x7f2,UPDATE_STREAM,1,37146
2242,,REPARENT,/test,xbpt_quebec_whiskey_691833.bak,0x7e5,DELETE_ROW INSERT_ROW REPARENT_TABLE INSERT_ROW,4,37147
2243,,DELETE,/test/elvis_dir_record_449015/elvis_dir_papa_104235/elvis_dir_sync_718743/elvis_dir_gamma_109016/elvis_dir_zulu_984398/elvis_dir_cache_558805/elvis_dir_sierra_850083,elvis_dir_sierra_678563,0x7f8,DELETE_ROW DELETE_ROW DELETE_TABLE DELETE_ROW,4,37148
2244,,STREAM_UPD,/test/elvis_dir_record_449015/elvis_dir_papa_104235/elvis_dir_sync_718743/elvis_dir_gamma_109016/elvis_dir_zulu_984398,,0x7fb,DELETE_ROW INSERT_ROW OPEN_TABLE_FROM UPDATE_STREAM ALLOCATE UPDATE_STREAM,6,37149
2245,2026-05-16T16:41:30.099Z,CREATE,/test/elvis_dir_record_449015/elvis_dir_lima_252141/elvis_dir_oscar_306778/elvis_dir_record_901264,xbpt_uniform_cache_833806.bak,0x7f5,INSERT_ROW INSERT_ROW SET_OBJECT,3,37150
2246,,STREAM_UPD,/test/elvis_dir_record_449015/elvis_dir_lima_252141/elvis_dir_oscar_306778/elvis_dir_record_901264,,0x7f5,UPDATE_STREAM,1,37151
2247,,STREAM_UPD,OID 0x801,,0x801,DELETE_ROW INSERT_ROW OPEN_TABLE_FROM UPDATE_STREAM ALLOCATE UPDATE_STREAM,6,37152
2248,2026-05-16T16:41:30.081Z,RENAME,/test/elvis_dir_victor_783323,elvis_dir_audit_388279,0x7fa,DELETE_ROW DELETE_ROW INSERT_ROW INSERT_ROW,4,37153
2249,2026-05-16T16:41:30.117Z,CREATE,/test/elvis_dir_record_449015/elvis_dir_papa_104235/elvis_dir_sync_718743/elvis_dir_gamma_109016/elvis_dir_config_541148,xbpt_sierra_sierra_406804.tmp,0x7e7,INSERT_ROW INSERT_ROW SET_OBJECT,3,37154
2250,,STREAM_UPD,/test/elvis_dir_record_449015/elvis_dir_papa_104235/elvis_dir_sync_718743/elvis_dir_gamma_109016/elvis_dir_config_541148,,0x7e7,UPDATE_STREAM,1,37155
2251,2026-05-16T16:41:30.043Z,RENAME,/test/elvis_dir_record_449015/elvis_dir_papa_104235/elvis_dir_sync_718743,elvis_dir_quebec_873661,0x7ea,DELETE_ROW DELETE_ROW INSERT_ROW INSERT_ROW,4,37156
2252,,STREAM_UPD,/test/elvis_dir_record_449015/elvis_dir_papa_104235/elvis_dir_sync_718743/elvis_dir_gamma_603462,,0x7e6,UPDATE_STREAM,1,37157
2253,2026-05-16T16:41:29.737Z,RENAME,/test/elvis_dir_record_449015/elvis_dir_lima_252141/elvis_dir_oscar_306778,elvis_dir_audit_449941,0x7f4,DELETE_ROW DELETE_ROW INSERT_ROW INSERT_ROW,4,37158
2254,2026-05-16T16:41:30.222Z,CREATE,/test/elvis_dir_record_449015/elvis_dir_lima_252141/elvis_dir_oscar_306778/elvis_dir_record_901264,xbpt_beta_report_756229.csv,0x7f5,INSERT_ROW INSERT_ROW SET_OBJECT,3,37159
2255,,ALLOCATE,/test/elvis_dir_record_449015/elvis_dir_lima_252141/elvis_dir_oscar_306778/elvis_dir_record_901264,,0x7f5,ALLOCATE ALLOCATE,2,37160
2256,2026-05-16T16:41:30.226Z,CREATE,OID 0x802,elvis_dir_audit_977664,0x802,OPEN_TABLE_FROM SET_OBJECT INSERT_ROW INSERT_ROW INSERT_ROW INSERT_ROW,6,37161
2257,2026-05-16T16:41:30.234Z,CREATE,/test,xbpt_index_india_423224.csv,0x7e5,INSERT_ROW INSERT_ROW SET_OBJECT,3,37162
2258,,STREAM_UPD,/test,,0x7e5,UPDATE_STREAM,1,37163
2259,2026-05-16T16:41:30.240Z,CREATE,/test/elvis_dir_record_449015/elvis_dir_papa_104235/elvis_dir_sync_718743/elvis_dir_gamma_109016/elvis_dir_config_541148,xbpt_delta_sierra_216359.bin,0x7e7,INSERT_ROW INSERT_ROW SET_OBJECT,3,37164
2260,,STREAM_UPD,/test/elvis_dir_record_449015/elvis_dir_papa_104235/elvis_dir_sync_718743/elvis_dir_gamma_109016/elvis_dir_config_541148,,0x7e7,UPDATE_STREAM,1,37165
2261,,STREAM_UPD,/test/elvis_dir_record_449015,,0x7f2,DELETE_ROW INSERT_ROW OPEN_TABLE_FROM UPDATE_STREAM ALLOCATE UPDATE_STREAM,6,37166
2262,2026-05-16T16:41:30.248Z,CREATE,/test/elvis_dir_record_449015/elvis_dir_papa_104235/elvis_dir_sync_718743/elvis_dir_gamma_109016/elvis_dir_zulu_984398,xbpt_data_beta_187732.md,0x7fb,INSERT_ROW INSERT_ROW SET_OBJECT,3,37167
2263,,STREAM_UPD,/test/elvis_dir_record_449015/elvis_dir_papa_104235/elvis_dir_sync_718743/elvis_dir_gamma_109016/elvis_dir_zulu_984398,,0x7fb,UPDATE_STREAM,1,37168
2264,2026-05-16T16:41:30.254Z,CREATE,/test/elvis_dir_record_449015/elvis_dir_papa_104235/elvis_dir_sync_718743/elvis_dir_gamma_109016/elvis_dir_zulu_984398,xbpt_hotel_cache_656385.bin,0x7fb,INSERT_ROW INSERT_ROW SET_OBJECT,3,37169
2265,,STREAM_UPD,/test/elvis_dir_record_449015/elvis_dir_papa_104235/elvis_dir_sync_718743/elvis_dir_gamma_109016/elvis_dir_zulu_984398,,0x7fb,UPDATE_STREAM,1,37170
2266,,DELETE,/test/elvis_dir_victor_783323,xbpt_mike_index_566002.csv,0x7fa,DELETE_TABLE DELETE_ROW DELETE_ROW DELETE_ROW DELETE_ROW DELETE_TABLE,6,37172
2267,,STREAM_UPD,/test/elvis_dir_record_449015/elvis_dir_papa_104235/elvis_dir_sync_718743/elvis_dir_gamma_109016/elvis_dir_zulu_984398,,0x7fb,DELETE_ROW INSERT_ROW OPEN_TABLE_FROM UPDATE_STREAM ALLOCATE UPDATE_STREAM,6,37173
2268,2026-05-16T16:41:30.286Z,CREATE,/test/elvis_dir_record_449015/elvis_dir_papa_104235/elvis_dir_sync_718743/elvis_dir_gamma_603462,xbpt_yankee_log_978386.xml,0x7e6,INSERT_ROW INSERT_ROW SET_OBJECT,3,37174
2269,,STREAM_UPD,/test/elvis_dir_record_449015/elvis_dir_papa_104235/elvis_dir_sync_718743/elvis_dir_gamma_603462,,0x7e6,UPDATE_STREAM,1,37175
2270,2026-05-16T16:41:30.208Z,RENAME,/test/elvis_dir_record_449015/elvis_dir_lima_252141/elvis_dir_oscar_306778,xbpt_quebec_backup_495340.cfg,0x7f4,DELETE_ROW DELETE_ROW INSERT_ROW INSERT_ROW,4,37176
2271,2026-05-16T16:41:30.306Z,CREATE,/test/elvis_dir_victor_783323,xbpt_data_romeo_946788.bin,0x7fa,INSERT_ROW INSERT_ROW SET_OBJECT,3,37177
2272,,STREAM_UPD,/test/elvis_dir_victor_783323,,0x7fa,UPDATE_STREAM,1,37178
2273,2026-05-16T16:41:30.319Z,CREATE,/test/elvis_dir_record_449015,xbpt_delta_config_202215.bin,0x7f2,INSERT_ROW INSERT_ROW SET_OBJECT,3,37179
2274,,STREAM_UPD,/test/elvis_dir_record_449015,,0x7f2,UPDATE_STREAM,1,37180
2275,,DELETE,OID 0x801,,0x801,DELETE_TABLE DELETE_ROW DELETE_ROW DELETE_TABLE,4,37181
2276,,STREAM_UPD,/test/elvis_dir_record_449015/elvis_dir_papa_104235/elvis_dir_sync_718743/elvis_dir_gamma_603462,,0x7e6,DELETE_ROW INSERT_ROW OPEN_TABLE_FROM UPDATE_STREAM ALLOCATE UPDATE_STREAM,6,37182
2277,,MODIFY,/test/elvis_dir_record_449015/elvis_dir_papa_104235/elvis_dir_sync_718743/elvis_dir_gamma_603462,,0x7e6,FREE,1,37183
2278,2026-05-16T16:41:30.358Z,CREATE,OID 0x803,elvis_dir_report_869722,0x803,OPEN_TABLE_FROM SET_OBJECT INSERT_ROW INSERT_ROW INSERT_ROW INSERT_ROW,6,37184
2279,2026-05-16T16:41:30.374Z,CREATE,/test,xbpt_india_trace_307426.json,0x7e5,INSERT_ROW INSERT_ROW SET_OBJECT,3,37186
2280,,STREAM_UPD,/test,,0x7e5,UPDATE_STREAM,1,37187
2281,2026-05-16T16:41:30.406Z,CREATE,/test/elvis_dir_record_449015/elvis_dir_papa_104235/elvis_dir_sync_718743/elvis_dir_gamma_109016/elvis_dir_zulu_984398,xbpt_india_temp_254875.bak,0x7fb,INSERT_ROW INSERT_ROW SET_OBJECT,3,37188
2282,,STREAM_UPD,/test/elvis_dir_record_449015/elvis_dir_papa_104235/elvis_dir_sync_718743/elvis_dir_gamma_109016/elvis_dir_zulu_984398,,0x7fb,UPDATE_STREAM,1,37189
2283,,ALLOCATE,/test/elvis_dir_record_449015/elvis_dir_papa_104235/elvis_dir_sync_718743/elvis_dir_gamma_109016/elvis_dir_config_541148,,0x7e7,ALLOCATE,1,37191
2284,2026-05-16T16:41:27.290Z,MOVE,/test/elvis_dir_record_449015/elvis_dir_lima_252141/elvis_dir_oscar_306778/elvis_dir_beta_984608,xbpt_archive_sync_589134.csv,0x7f0,DELETE_ROW DELETE_ROW INSERT_ROW INSERT_ROW,4,37192
2285,,STREAM_UPD,/test/elvis_dir_record_449015/elvis_dir_papa_104235/elvis_dir_sync_718743/elvis_dir_gamma_109016,,0x7e9,DELETE_ROW INSERT_ROW OPEN_TABLE_FROM UPDATE_STREAM ALLOCATE UPDATE_STREAM,6,37196
2286,,REPARENT,/test/elvis_dir_record_449015/elvis_dir_papa_104235/elvis_dir_sync_718743/elvis_dir_gamma_109016/elvis_dir_config_541148,xbpt_backup_delta_875492.txt,0x7e7,DELETE_ROW INSERT_ROW REPARENT_TABLE INSERT_ROW,4,37200
2287,2026-05-16T16:41:30.531Z,CREATE,/test/elvis_dir_record_449015/elvis_dir_papa_104235,elvis_dir_zulu_127761,0x804,OPEN_TABLE_FROM SET_OBJECT INSERT_ROW INSERT_ROW INSERT_ROW INSERT_ROW,6,37201
2288,,ALLOCATE,/test/elvis_dir_record_449015/elvis_dir_papa_104235/elvis_dir_sync_718743/elvis_dir_gamma_603462,,0x7e6,ALLOCATE,1,37202
2289,,ALLOCATE,/test/elvis_dir_record_449015/elvis_dir_lima_252141/elvis_dir_oscar_306778/elvis_dir_record_901264,,0x7f5,ALLOCATE,1,37204
2290,,MODIFY,/test,,0x7e5,UPDATE_ROW,1,37205
2291,,STREAM_UPD,/test,,0x7e5,UPDATE_STREAM,1,37206
2292,2026-05-16T16:41:28.976Z,RENAME,/test/elvis_dir_record_449015/elvis_dir_lima_252141/elvis_dir_oscar_306778,xbpt_gamma_beta_871678.log,0x7f4,DELETE_ROW DELETE_ROW INSERT_ROW INSERT_ROW,4,37207
2293,,DELETE,/test/elvis_dir_record_449015/elvis_dir_lima_252141/elvis_dir_oscar_306778,,0x7f4,DELETE_TABLE DELETE_ROW DELETE_ROW DELETE_TABLE,4,37208
2294,,STREAM_UPD,/test/elvis_dir_record_449015/elvis_dir_papa_104235/elvis_dir_sync_718743,,0x7ea,DELETE_ROW INSERT_ROW OPEN_TABLE_FROM UPDATE_STREAM ALLOCATE UPDATE_STREAM,6,37209
2295,,STREAM_UPD,/test/elvis_dir_record_449015/elvis_dir_papa_104235/elvis_dir_sync_718743/elvis_dir_gamma_109016,,0x7e9,DELETE_ROW INSERT_ROW OPEN_TABLE_FROM UPDATE_STREAM ALLOCATE UPDATE_STREAM,6,37211
2296,2026-05-16T16:41:30.720Z,CREATE,/test/elvis_dir_record_449015/elvis_dir_papa_104235,xbpt_mike_india_444246.xml,0x804,INSERT_ROW INSERT_ROW SET_OBJECT,3,37212
2297,,STREAM_UPD,/test/elvis_dir_record_449015/elvis_dir_papa_104235,,0x804,UPDATE_STREAM,1,37213
2298,,MODIFY,/test/elvis_dir_papa_805353/elvis_dir_november_478580,,0x7f3,SET_RANGE_STATE,1,37216
2299,,STREAM_UPD,/test/elvis_dir_record_449015,,0x7f2,DELETE_ROW INSERT_ROW OPEN_TABLE_FROM UPDATE_STREAM ALLOCATE UPDATE_STREAM,6,37221
2300,2026-05-16T16:41:30.871Z,CREATE,/test,xbpt_tango_hotel_685730.json,0x7e5,INSERT_ROW INSERT_ROW SET_OBJECT,3,37222
2301,,STREAM_UPD,/test,,0x7e5,UPDATE_STREAM,1,37223
2302,2026-05-16T16:41:30.889Z,CREATE,/test/elvis_dir_record_449015/elvis_dir_papa_104235/elvis_dir_sync_718743,xbpt_quebec_audit_121864.cfg,0x7ea,INSERT_ROW INSERT_ROW SET_OBJECT,3,37225
2303,,STREAM_UPD,/test/elvis_dir_record_449015/elvis_dir_papa_104235/elvis_dir_sync_718743,,0x7ea,UPDATE_STREAM,1,37226
2304,2026-05-16T16:41:30.895Z,CREATE,/test,xbpt_draft_tango_958869.bin,0x7e5,INSERT_ROW INSERT_ROW SET_OBJECT,3,37227
2305,,STREAM_UPD,/test,,0x7e5,UPDATE_STREAM,1,37228
2306,,STREAM_UPD,/test/elvis_dir_record_449015,,0x7f2,DELETE_ROW INSERT_ROW OPEN_TABLE_FROM UPDATE_STREAM ALLOCATE UPDATE_STREAM,6,37229
2307,2026-05-16T16:41:30.911Z,CREATE,/test,xbpt_config_log_714507.md,0x7e5,INSERT_ROW INSERT_ROW SET_OBJECT,3,37230
2308,,STREAM_UPD,/test,,0x7e5,UPDATE_STREAM,1,37231
2309,,DELETE,/test/elvis_dir_record_449015,,0x7f2,DELETE_TABLE DELETE_ROW DELETE_ROW DELETE_TABLE,4,37232
2310,,ALLOCATE,/test/elvis_dir_index_149423,,0x805,ALLOCATE,1,37234
2311,2026-05-16T16:41:30.978Z,CREATE,/test/elvis_dir_record_449015/elvis_dir_papa_104235/elvis_dir_sync_718743,xbpt_india_whiskey_159747.csv,0x7ea,INSERT_ROW INSERT_ROW SET_OBJECT,3,37235
2312,,STREAM_UPD,/test/elvis_dir_record_449015/elvis_dir_papa_104235/elvis_dir_sync_718743,,0x7ea,UPDATE_STREAM,1,37236
2313,2026-05-16T16:41:30.517Z,RENAME,/test/elvis_dir_record_449015/elvis_dir_papa_104235/elvis_dir_sync_718743,elvis_dir_zulu_460102,0x7ea,DELETE_ROW DELETE_ROW INSERT_ROW INSERT_ROW,4,37237
2314,2026-05-16T16:41:30.992Z,CREATE,/test,xbpt_hotel_alpha_375121.txt,0x7e5,INSERT_ROW INSERT_ROW SET_OBJECT,3,37238
2315,,STREAM_UPD,/test,,0x7e5,UPDATE_STREAM,1,37239
2316,,REPARENT,/test/elvis_dir_record_449015/elvis_dir_papa_104235/elvis_dir_sync_718743/elvis_dir_gamma_109016/elvis_dir_config_541148,xbpt_gamma_trace_145085.json,0x7e7,DELETE_ROW INSERT_ROW REPARENT_TABLE INSERT_ROW,4,37241
2317,,REPARENT,/test/elvis_dir_papa_805353/elvis_dir_november_478580,xbpt_config_delta_436836.cfg,0x7f3,DELETE_ROW INSERT_ROW REPARENT_TABLE INSERT_ROW,4,37243
2318,2026-05-16T16:41:31.030Z,CREATE,/test,xbpt_symlink_hotel_632659.lnk,0x7e5,INSERT_ROW INSERT_ROW SET_OBJECT,3,37244
2319,,ENTRY_REMOVE,/test/elvis_dir_papa_805353/elvis_dir_november_478580,xbpt_config_delta_436836.cfg,0x7f3,DELETE_ROW DELETE_ROW,2,37246
2320,,STREAM_UPD,/test/elvis_dir_record_449015,,0x7f2,DELETE_ROW INSERT_ROW OPEN_TABLE_FROM UPDATE_STREAM ALLOCATE UPDATE_STREAM,6,37249
2321,,DELETE,/test,,0x7e5,DELETE_TABLE DELETE_ROW DELETE_ROW DELETE_TABLE,4,37250
2322,,REPARENT,/test/elvis_dir_record_449015,xbpt_uniform_alpha_635589.csv,0x7f2,DELETE_ROW INSERT_ROW REPARENT_TABLE INSERT_ROW,4,37251
2323,,REPARENT,/test/elvis_dir_record_449015/elvis_dir_papa_104235/elvis_dir_sync_718743/elvis_dir_gamma_109016,,0x7e9,DELETE_ROW REPARENT_TABLE INSERT_ROW,3,37252
2324,2026-05-16T16:41:31.140Z,CREATE,/test/elvis_dir_record_449015/elvis_dir_papa_104235/elvis_dir_sync_718743/elvis_dir_gamma_109016,xbpt_audit_log_130131.ini,0x7e9,INSERT_ROW INSERT_ROW SET_OBJECT,3,37253
2325,,STREAM_UPD,/test/elvis_dir_record_449015/elvis_dir_papa_104235/elvis_dir_sync_718743/elvis_dir_gamma_109016,,0x7e9,UPDATE_STREAM,1,37254
2326,,DELETE,/test/elvis_dir_record_449015/elvis_dir_papa_104235/elvis_dir_sync_718743/elvis_dir_gamma_109016/elvis_dir_index_592790,,0x7fd,DELETE_TABLE DELETE_ROW DELETE_ROW DELETE_TABLE,4,37255
2327,,STREAM_UPD,/test/elvis_dir_india_800575,,0x806,DELETE_ROW INSERT_ROW OPEN_TABLE_FROM UPDATE_STREAM ALLOCATE UPDATE_STREAM,6,37256
2328,2026-05-16T16:41:31.178Z,CREATE,/test/elvis_dir_record_449015/elvis_dir_papa_104235/elvis_dir_sync_718743,xbpt_report_alpha_806856.csv,0x7ea,INSERT_ROW INSERT_ROW SET_OBJECT,3,37257
2329,,STREAM_UPD,/test/elvis_dir_record_449015/elvis_dir_papa_104235/elvis_dir_sync_718743,,0x7ea,UPDATE_STREAM,1,37258
2330,,STREAM_UPD,/test/elvis_dir_record_449015/elvis_dir_papa_104235,,0x804,DELETE_ROW INSERT_ROW OPEN_TABLE_FROM UPDATE_STREAM ALLOCATE UPDATE_STREAM,6,37259
2331,,REPARENT,/test/elvis_dir_record_449015/elvis_dir_lima_252141/elvis_dir_oscar_306778,xbpt_lima_cache_587912.csv,0x7f4,DELETE_ROW INSERT_ROW REPARENT_TABLE INSERT_ROW,4,37260
2332,,DELETE,OID 0x801,elvis_dir_report_869722,0x801,DELETE_ROW DELETE_ROW DELETE_TABLE DELETE_ROW,4,37261
2333,2026-05-16T16:41:31.207Z,CREATE,/test/elvis_dir_india_800575,xbpt_draft_victor_387228.txt,0x806,INSERT_ROW INSERT_ROW SET_OBJECT,3,37262
2334,,STREAM_UPD,/test/elvis_dir_india_800575,,0x806,UPDATE_STREAM,1,37263
2335,2026-05-16T16:41:31.231Z,CREATE,/test/elvis_dir_record_449015/elvis_dir_papa_104235/elvis_dir_sync_718743/elvis_dir_gamma_109016/elvis_dir_archive_704644,xbpt_uniform_oscar_320878.log,0x807,INSERT_ROW INSERT_ROW SET_OBJECT,3,37265
2336,,STREAM_UPD,/test/elvis_dir_record_449015/elvis_dir_papa_104235/elvis_dir_sync_718743/elvis_dir_gamma_109016/elvis_dir_archive_704644,,0x807,UPDATE_STREAM,1,37266
2337,2026-05-16T16:41:31.082Z,RENAME,/test,elvis_dir_log_202031,0x7e5,DELETE_ROW DELETE_ROW INSERT_ROW INSERT_ROW,4,37270
2338,2026-05-16T16:41:26.969Z,MOVE,/test/elvis_dir_record_449015,xbpt_uniform_config_360967.cfg,0x7f2,DELETE_ROW DELETE_ROW INSERT_ROW INSERT_ROW,4,37273
2339,,ALLOCATE,/test,,0x7e5,ALLOCATE,1,37275
2340,,STREAM_UPD,/test/elvis_dir_record_449015/elvis_dir_papa_104235/elvis_dir_sync_718743/elvis_dir_gamma_109016,,0x7e9,UPDATE_STREAM,1,37276
2341,,REPARENT,/test/elvis_dir_record_449015/elvis_dir_papa_104235/elvis_dir_sync_718743,xbpt_beta_audit_333607.json,0x7ea,DELETE_ROW INSERT_ROW REPARENT_TABLE INSERT_ROW,4,37277
2342,,REPARENT,/test/elvis_dir_record_449015,xbpt_report_echo_124913.json,0x7f2,DELETE_ROW INSERT_ROW REPARENT_TABLE INSERT_ROW,4,37278
2343,2026-05-16T16:41:31.118Z,RENAME,/test/elvis_dir_record_449015/elvis_dir_papa_104235/elvis_dir_sync_718743,elvis_dir_kilo_908237,0x7ea,DELETE_ROW DELETE_ROW INSERT_ROW INSERT_ROW,4,37279
2344,2026-05-16T16:41:31.414Z,CREATE,/test/elvis_dir_record_449015,xbpt_whiskey_sync_681180.xml,0x7f2,INSERT_ROW INSERT_ROW SET_OBJECT,3,37280
2345,,STREAM_UPD,/test/elvis_dir_record_449015,,0x7f2,UPDATE_STREAM,1,37281
2346,,STREAM_UPD,/test/elvis_dir_record_449015/elvis_dir_papa_104235/elvis_dir_sync_718743/elvis_dir_gamma_109016,,0x7e9,DELETE_ROW INSERT_ROW OPEN_TABLE_FROM UPDATE_STREAM ALLOCATE UPDATE_STREAM,6,37282
2347,,STREAM_UPD,/test/elvis_dir_india_800575,,0x806,DELETE_ROW INSERT_ROW OPEN_TABLE_FROM UPDATE_STREAM ALLOCATE UPDATE_STREAM,6,37284
2348,,ALLOCATE,/test/elvis_dir_record_449015/elvis_dir_papa_104235/elvis_dir_sync_718743,,0x7ea,ALLOCATE,1,37285
2349,2026-05-16T16:41:31.470Z,CREATE,/test/elvis_dir_record_449015/elvis_dir_papa_104235,xbpt_sierra_record_710410.bin,0x804,INSERT_ROW INSERT_ROW SET_OBJECT,3,37286
2350,,STREAM_UPD,/test/elvis_dir_record_449015/elvis_dir_papa_104235,,0x804,UPDATE_STREAM,1,37287
2351,2026-05-16T16:41:31.496Z,CREATE,/test/elvis_dir_record_449015,xbpt_november_quebec_231876.bak,0x7f2,INSERT_ROW INSERT_ROW SET_OBJECT,3,37289
2352,,STREAM_UPD,/test/elvis_dir_record_449015,,0x7f2,UPDATE_STREAM,1,37290
2353,2026-05-16T16:41:31.502Z,CREATE,/test/elvis_dir_record_449015/elvis_dir_papa_104235/elvis_dir_sync_718743/elvis_dir_gamma_603462,xbpt_victor_echo_578793.cfg,0x7e6,INSERT_ROW INSERT_ROW SET_OBJECT,3,37291
2354,,STREAM_UPD,/test/elvis_dir_record_449015/elvis_dir_papa_104235/elvis_dir_sync_718743/elvis_dir_gamma_603462,,0x7e6,UPDATE_STREAM,1,37292
2355,2026-05-16T16:41:31.520Z,CREATE,/test/elvis_dir_record_449015/elvis_dir_lima_252141/elvis_dir_oscar_306778,xbpt_mike_trace_484217.ini,0x7f4,INSERT_ROW INSERT_ROW SET_OBJECT,3,37294
2356,,STREAM_UPD,/test/elvis_dir_record_449015/elvis_dir_lima_252141/elvis_dir_oscar_306778,,0x7f4,UPDATE_STREAM,1,37295
2357,2026-05-16T16:41:31.525Z,CREATE,/test/elvis_dir_papa_805353/elvis_dir_november_478580,xbpt_november_report_437342.bin,0x7f3,INSERT_ROW INSERT_ROW SET_OBJECT,3,37296
2358,,STREAM_UPD,/test/elvis_dir_papa_805353/elvis_dir_november_478580,,0x7f3,UPDATE_STREAM,1,37297
2359,,MODIFY,/test/elvis_dir_record_449015/elvis_dir_papa_104235/elvis_dir_sync_718743/elvis_dir_gamma_603462,,0x7e6,UPDATE_ROW,1,37298
2360,2026-05-16T16:41:31.538Z,CREATE,OID 0x809,elvis_dir_sierra_206622,0x809,OPEN_TABLE_FROM SET_OBJECT INSERT_ROW INSERT_ROW INSERT_ROW INSERT_ROW,6,37299
2361,2026-05-16T16:41:31.541Z,CREATE,/test/elvis_dir_record_449015/elvis_dir_papa_104235/elvis_dir_sync_718743/elvis_dir_gamma_109016,xbpt_sierra_papa_124233.bin,0x7e9,INSERT_ROW INSERT_ROW SET_OBJECT,3,37300
2362,,STREAM_UPD,/test/elvis_dir_record_449015/elvis_dir_papa_104235/elvis_dir_sync_718743/elvis_dir_gamma_109016,,0x7e9,UPDATE_STREAM,1,37301
2363,2026-05-16T16:41:31.512Z,MOVE,/test/elvis_dir_record_449015,elvis_dir_sync_733187,0x7f2,DELETE_ROW DELETE_ROW INSERT_ROW INSERT_ROW SET_PARENT_ID,5,37306
2364,,MODIFY,/test/elvis_dir_index_149423,,0x805,FREE,1,37308
2365,,MODIFY,/test/elvis_dir_india_800575,,0x806,UPDATE_ROW,1,37309
2366,,DELETE,/test/elvis_dir_record_449015/elvis_dir_papa_104235/elvis_dir_sync_718743/elvis_dir_gamma_109016/elvis_dir_zulu_984398/elvis_dir_cache_558805,xbpt_alpha_cache_670031.txt,0x7ee,DELETE_TABLE DELETE_ROW DELETE_ROW DELETE_ROW DELETE_ROW DELETE_TABLE,6,37311
2367,,ALLOCATE,/test/elvis_dir_record_449015/elvis_dir_papa_104235/elvis_dir_sync_718743/elvis_dir_gamma_109016,,0x7e9,ALLOCATE,1,37312
2368,2026-05-16T16:41:31.667Z,CREATE,OID 0x80a,elvis_dir_india_806655,0x80a,OPEN_TABLE_FROM SET_OBJECT INSERT_ROW INSERT_ROW INSERT_ROW INSERT_ROW,6,37313
2369,,ALLOCATE,/test/elvis_dir_papa_805353,,0x808,ALLOCATE,1,37316
2370,2026-05-16T16:41:31.695Z,CREATE,/test/elvis_dir_papa_805353,xbpt_log_india_383265.json,0x808,INSERT_ROW INSERT_ROW SET_OBJECT,3,37317
2371,,STREAM_UPD,/test/elvis_dir_papa_805353,,0x808,UPDATE_STREAM,1,37318
2372,2026-05-16T16:41:31.705Z,CREATE,/test/elvis_dir_record_449015/elvis_dir_papa_104235/elvis_dir_sync_718743,xbpt_config_beta_555315.bin,0x7ea,INSERT_ROW INSERT_ROW SET_OBJECT,3,37319
2373,,STREAM_UPD,/test/elvis_dir_record_449015/elvis_dir_papa_104235/elvis_dir_sync_718743,,0x7ea,UPDATE_STREAM,1,37320
2374,,STREAM_UPD,/test/elvis_dir_record_449015,,0x7f2,DELETE_ROW INSERT_ROW OPEN_TABLE_FROM UPDATE_STREAM ALLOCATE UPDATE_STREAM,6,37322
2375,2026-05-16T16:41:31.720Z,CREATE,/test/elvis_dir_record_449015/elvis_dir_lima_252141/elvis_dir_oscar_306778,xbpt_delta_papa_782300.cfg,0x7f4,INSERT_ROW INSERT_ROW SET_OBJECT,3,37323
2376,,STREAM_UPD,/test/elvis_dir_record_449015/elvis_dir_lima_252141/elvis_dir_oscar_306778,,0x7f4,UPDATE_STREAM,1,37324
2377,2026-05-16T16:41:31.724Z,CREATE,/test/elvis_dir_record_449015,xbpt_sync_india_582880.txt,0x7f2,INSERT_ROW INSERT_ROW SET_OBJECT,3,37325
2378,,STREAM_UPD,/test/elvis_dir_record_449015,,0x7f2,UPDATE_STREAM,1,37326
2379,,REPARENT,/test/elvis_dir_record_449015/elvis_dir_papa_104235/elvis_dir_sync_718743/elvis_dir_gamma_109016/elvis_dir_zulu_984398/elvis_dir_cache_558805,xbpt_echo_whiskey_534063.tmp,0x7ee,DELETE_ROW INSERT_ROW REPARENT_TABLE INSERT_ROW,4,37327
2380,,ALLOCATE,/test,,0x7e5,ALLOCATE,1,37328
2381,,REPARENT,/test/elvis_dir_india_800575,xbpt_draft_victor_387228.txt,0x806,DELETE_ROW INSERT_ROW REPARENT_TABLE INSERT_ROW,4,37329
2382,2026-05-16T16:41:31.806Z,CREATE,/test/elvis_dir_record_449015,xbpt_gamma_archive_952302.cfg,0x7f2,INSERT_ROW INSERT_ROW SET_OBJECT,3,37331
2383,,UPDATE,/test/elvis_dir_record_449015,,0x7f2,DELETE_ROW INSERT_ROW,2,37332
2384,,DELETE,/test,,0x7e5,DELETE_TABLE DELETE_ROW DELETE_ROW DELETE_TABLE,4,37333
2385,2026-05-16T16:41:31.826Z,CREATE,OID 0x80b,elvis_dir_mike_728074,0x80b,OPEN_TABLE_FROM SET_OBJECT INSERT_ROW INSERT_ROW INSERT_ROW INSERT_ROW,6,37334
2386,2026-05-16T16:41:31.470Z,RENAME,/test/elvis_dir_victor_783323,elvis_dir_zulu_127761,0x7fa,DELETE_ROW DELETE_ROW INSERT_ROW INSERT_ROW,4,37337
2387,,ALLOCATE,/test/elvis_dir_record_449015/elvis_dir_lima_252141/elvis_dir_oscar_306778,,0x7f4,ALLOCATE,1,37339
2388,2026-05-16T16:41:31.908Z,CREATE,/test/elvis_dir_victor_783323,xbpt_papa_yankee_294587.tmp,0x7fa,INSERT_ROW INSERT_ROW SET_OBJECT,3,37342
2389,,STREAM_UPD,/test/elvis_dir_victor_783323,,0x7fa,UPDATE_STREAM,1,37343
2390,2026-05-16T16:41:31.923Z,CREATE,/test/elvis_dir_india_800575,xbpt_output_config_975939.bak,0x806,INSERT_ROW INSERT_ROW SET_OBJECT,3,37344
2391,,STREAM_UPD,/test/elvis_dir_india_800575,,0x806,UPDATE_STREAM,1,37345
2392,2026-05-16T16:41:31.977Z,CREATE,OID 0x80c,elvis_dir_index_826518,0x80c,OPEN_TABLE_FROM SET_OBJECT INSERT_ROW INSERT_ROW INSERT_ROW INSERT_ROW,6,37346
2393,2026-05-16T16:41:31.995Z,CREATE,/test/elvis_dir_papa_805353/elvis_dir_november_478580,xbpt_delta_trace_829330.cfg,0x7f3,INSERT_ROW INSERT_ROW SET_OBJECT,3,37348
2394,,STREAM_UPD,/test/elvis_dir_papa_805353/elvis_dir_november_478580,,0x7f3,UPDATE_STREAM,1,37349
2395,,ALLOCATE,/test/elvis_dir_record_449015/elvis_dir_lima_252141/elvis_dir_oscar_306778,,0x7f4,ALLOCATE,1,37351
2396,2026-05-16T16:41:32.013Z,CREATE,/test/elvis_dir_record_449015/elvis_dir_lima_252141/elvis_dir_oscar_306778,xbpt_temp_mike_134457.bak,0x7f4,INSERT_ROW INSERT_ROW SET_OBJECT,3,37352
2397,,STREAM_UPD,/test/elvis_dir_record_449015/elvis_dir_lima_252141/elvis_dir_oscar_306778,,0x7f4,UPDATE_STREAM,1,37353
2398,,STREAM_UPD,/test/elvis_dir_index_149423,,0x805,DELETE_ROW INSERT_ROW OPEN_TABLE_FROM UPDATE_STREAM ALLOCATE UPDATE_STREAM,6,37355
2399,2026-05-16T16:41:32.070Z,CREATE,/test/elvis_dir_victor_783323,xbpt_romeo_quebec_189040.ini,0x7fa,INSERT_ROW INSERT_ROW SET_OBJECT,3,37357
2400,,STREAM_UPD,/test/elvis_dir_victor_783323,,0x7fa,UPDATE_STREAM,1,37358
2401,,DELETE,/test/elvis_dir_papa_805353,,0x808,DELETE_TABLE DELETE_ROW DELETE_ROW DELETE_TABLE,4,37360
2402,,STREAM_UPD,/test/elvis_dir_index_149423,,0x805,DELETE_ROW INSERT_ROW OPEN_TABLE_FROM UPDATE_STREAM ALLOCATE UPDATE_STREAM,6,37361
2403,2026-05-16T16:41:32.114Z,CREATE,/test/elvis_dir_papa_805353/elvis_dir_november_478580,xbpt_delta_report_275249.dat,0x7f3,INSERT_ROW INSERT_ROW SET_OBJECT,3,37362
2404,,STREAM_UPD,/test/elvis_dir_papa_805353/elvis_dir_november_478580,,0x7f3,UPDATE_STREAM,1,37363
2405,2026-05-16T16:41:32.122Z,CREATE,/test/elvis_dir_papa_805353/elvis_dir_november_478580,xbpt_delta_echo_268401.csv,0x7f3,INSERT_ROW INSERT_ROW SET_OBJECT,3,37364
2406,,STREAM_UPD,/test/elvis_dir_papa_805353/elvis_dir_november_478580,,0x7f3,UPDATE_STREAM,1,37365
2407,2026-05-16T16:41:32.128Z,CREATE,/test/elvis_dir_papa_805353/elvis_dir_november_478580,xbpt_echo_uniform_357255.txt,0x7f3,INSERT_ROW INSERT_ROW SET_OBJECT,3,37366
2408,,STREAM_UPD,/test/elvis_dir_papa_805353/elvis_dir_november_478580,,0x7f3,UPDATE_STREAM,1,37367
2409,2026-05-16T16:41:32.167Z,CREATE,/test/elvis_dir_record_449015/elvis_dir_lima_252141,elvis_dir_output_527690,0x80d,OPEN_TABLE_FROM SET_OBJECT INSERT_ROW INSERT_ROW INSERT_ROW INSERT_ROW,6,37368
2410,,ALLOCATE,/test/elvis_dir_record_449015/elvis_dir_lima_252141,,0x80d,ALLOCATE,1,37371
2411,2026-05-16T16:41:32.013Z,MOVE,/test/elvis_dir_papa_805353/elvis_dir_november_478580,elvis_dir_trace_317145,0x7f3,DELETE_ROW DELETE_ROW INSERT_ROW INSERT_ROW SET_PARENT_ID,5,37372
2412,,STREAM_UPD,/test/elvis_dir_papa_805353/elvis_dir_november_478580,,0x7f3,UPDATE_STREAM,1,37373
2413,2026-05-16T16:41:32.178Z,RENAME,/test,elvis_dir_trace_430316,0x7e5,DELETE_ROW DELETE_ROW INSERT_ROW INSERT_ROW,4,37375
2414,2026-05-16T16:41:32.245Z,CREATE,/test/elvis_dir_record_449015/elvis_dir_papa_104235,xbpt_zulu_hotel_356824.dat,0x804,INSERT_ROW INSERT_ROW SET_OBJECT,3,37376
2415,,STREAM_UPD,/test/elvis_dir_record_449015/elvis_dir_papa_104235,,0x804,UPDATE_STREAM,1,37377
2416,,REPARENT,/test/elvis_dir_record_449015,,0x7f2,DELETE_ROW REPARENT_TABLE INSERT_ROW,3,37380
2417,2026-05-16T16:41:32.305Z,CREATE,/test/elvis_dir_victor_783323,xbpt_trace_hotel_502150.xml,0x7fa,INSERT_ROW INSERT_ROW SET_OBJECT,3,37381
2418,,STREAM_UPD,/test/elvis_dir_victor_783323,,0x7fa,UPDATE_STREAM,1,37382
2419,,DELETE,/test/elvis_dir_record_449015/elvis_dir_papa_104235/elvis_dir_sync_718743/elvis_dir_gamma_109016,,0x7e9,DELETE_TABLE DELETE_ROW DELETE_ROW DELETE_TABLE,4,37383
2420,,STREAM_UPD,/test/elvis_dir_papa_805353,,0x808,DELETE_ROW INSERT_ROW OPEN_TABLE_FROM UPDATE_STREAM ALLOCATE UPDATE_STREAM,6,37384
2421,,STREAM_UPD,/test/elvis_dir_papa_805353,,0x808,UPDATE_STREAM,1,37385
2422,,REPARENT,/test/elvis_dir_record_449015/elvis_dir_papa_104235/elvis_dir_sync_718743/elvis_dir_gamma_109016/elvis_dir_zulu_984398/elvis_dir_cache_558805/elvis_dir_sierra_850083,xbpt_audit_foxtrot_604743.xml,0x7f8,DELETE_ROW INSERT_ROW REPARENT_TABLE INSERT_ROW,4,37387
2423,,DELETE,/test/elvis_dir_record_449015/elvis_dir_lima_252141/elvis_dir_oscar_306778,elvis_dir_index_826518,0x7f4,DELETE_ROW DELETE_ROW DELETE_TABLE DELETE_ROW,4,37388
2424,,STREAM_UPD,/test/elvis_dir_record_449015/elvis_dir_papa_104235,,0x804,DELETE_ROW INSERT_ROW OPEN_TABLE_FROM UPDATE_STREAM ALLOCATE UPDATE_STREAM,6,37390
2425,2026-05-16T16:41:32.423Z,CREATE,/test/elvis_dir_record_449015/elvis_dir_lima_252141,xbpt_uniform_mike_713257.xml,0x80d,INSERT_ROW INSERT_ROW SET_OBJECT,3,37392
2426,,STREAM_UPD,/test/elvis_dir_record_449015/elvis_dir_lima_252141,,0x80d,UPDATE_STREAM,1,37393
2427,,STREAM_UPD,/test,,0x7e5,DELETE_ROW INSERT_ROW OPEN_TABLE_FROM UPDATE_STREAM ALLOCATE UPDATE_STREAM,6,37394
2428,2026-05-16T16:41:32.445Z,CREATE,/test/elvis_dir_record_449015/elvis_dir_papa_104235,xbpt_hotel_yankee_781098.log,0x804,INSERT_ROW INSERT_ROW SET_OBJECT,3,37396
2429,,STREAM_UPD,/test/elvis_dir_record_449015/elvis_dir_papa_104235,,0x804,UPDATE_STREAM,1,37397
2430,,STREAM_UPD,/test/elvis_dir_record_449015,,0x7f2,DELETE_ROW INSERT_ROW OPEN_TABLE_FROM UPDATE_STREAM ALLOCATE UPDATE_STREAM,6,37399
2431,2026-05-16T16:41:32.528Z,CREATE,/test/elvis_dir_record_449015/elvis_dir_lima_252141,xbpt_yankee_report_288078.log,0x80d,INSERT_ROW INSERT_ROW SET_OBJECT,3,37400
2432,,STREAM_UPD,/test/elvis_dir_record_449015/elvis_dir_lima_252141,,0x80d,UPDATE_STREAM,1,37401
2433,,STREAM_UPD,/test/elvis_dir_index_149423/elvis_dir_victor_121923/elvis_dir_hotel_670324/elvis_dir_output_358165/elvis_dir_oscar_874075,,0x80e,DELETE_ROW INSERT_ROW OPEN_TABLE_FROM UPDATE_STREAM ALLOCATE UPDATE_STREAM,6,37402
2434,,ALLOCATE,/test/elvis_dir_record_449015,,0x7f2,ALLOCATE,1,37404
2435,2026-05-16T16:41:32.595Z,CREATE,OID 0x80f,elvis_dir_gamma_237351,0x80f,OPEN_TABLE_FROM SET_OBJECT INSERT_ROW INSERT_ROW INSERT_ROW INSERT_ROW,6,37405
2436,2026-05-16T16:41:32.603Z,CREATE,/test/elvis_dir_index_149423,xbpt_cache_data_251427.md,0x805,INSERT_ROW INSERT_ROW SET_OBJECT,3,37406
2437,,STREAM_UPD,/test/elvis_dir_index_149423,,0x805,UPDATE_STREAM,1,37407
2438,2026-05-16T16:41:32.611Z,CREATE,/test/elvis_dir_india_800575,xbpt_sync_whiskey_455123.bin,0x806,INSERT_ROW INSERT_ROW SET_OBJECT,3,37408
2439,,STREAM_UPD,/test/elvis_dir_india_800575,,0x806,UPDATE_STREAM,1,37409
2440,,STREAM_UPD,/test/elvis_dir_papa_805353/elvis_dir_november_478580,,0x7f3,DELETE_ROW INSERT_ROW OPEN_TABLE_FROM UPDATE_STREAM ALLOCATE UPDATE_STREAM,6,37410
2441,,STREAM_UPD,/test/elvis_dir_record_449015/elvis_dir_papa_104235/elvis_dir_sync_718743/elvis_dir_gamma_109016/elvis_dir_index_592790,,0x7fd,UPDATE_STREAM,1,37411
2442,2026-05-16T16:41:32.638Z,CREATE,/test/elvis_dir_papa_805353/elvis_dir_november_478580,xbpt_cache_temp_800486.csv,0x7f3,INSERT_ROW INSERT_ROW SET_OBJECT,3,37412
2443,,STREAM_UPD,/test/elvis_dir_papa_805353/elvis_dir_november_478580,,0x7f3,UPDATE_STREAM,1,37413
2444,,REPARENT,/test/elvis_dir_record_449015/elvis_dir_papa_104235/elvis_dir_sync_718743/elvis_dir_gamma_109016,,0x7e9,DELETE_ROW REPARENT_TABLE INSERT_ROW,3,37414
2445,2026-05-16T16:41:32.664Z,CREATE,/test/elvis_dir_papa_805353/elvis_dir_november_478580,xbpt_archive_trace_798923.cfg,0x7f3,INSERT_ROW INSERT_ROW SET_OBJECT,3,37415
2446,,STREAM_UPD,/test/elvis_dir_papa_805353/elvis_dir_november_478580,,0x7f3,UPDATE_STREAM,1,37416
2447,2026-05-16T16:41:32.676Z,CREATE,/test/elvis_dir_record_449015/elvis_dir_lima_252141,xbpt_temp_data_760681.xml,0x80d,INSERT_ROW INSERT_ROW SET_OBJECT,3,37417
2448,,STREAM_UPD,/test/elvis_dir_record_449015/elvis_dir_lima_252141,,0x80d,UPDATE_STREAM,1,37418
2449,,MODIFY,/test/elvis_dir_record_449015/elvis_dir_lima_252141/elvis_dir_oscar_306778/elvis_dir_cache_505509,,0x7fc,FREE,1,37420
2450,2026-05-16T16:41:31.569Z,MOVE,/test/elvis_dir_index_149423,xbpt_archive_india_944507.txt,0x805,DELETE_ROW DELETE_ROW INSERT_ROW INSERT_ROW,4,37421
2451,2026-05-16T16:41:32.710Z,CREATE,/test/elvis_dir_index_149423/elvis_dir_victor_121923/elvis_dir_hotel_670324/elvis_dir_output_358165/elvis_dir_oscar_874075,xbpt_oscar_output_507222.json,0x80e,INSERT_ROW INSERT_ROW SET_OBJECT,3,37422
2452,,STREAM_UPD,/test/elvis_dir_index_149423/elvis_dir_victor_121923/elvis_dir_hotel_670324/elvis_dir_output_358165/elvis_dir_oscar_874075,,0x80e,UPDATE_STREAM,1,37423
2453,2026-05-16T16:41:32.720Z,CREATE,/test/elvis_dir_record_449015/elvis_dir_papa_104235,xbpt_backup_sierra_949923.ini,0x804,INSERT_ROW INSERT_ROW SET_OBJECT,3,37424
2454,,STREAM_UPD,/test/elvis_dir_record_449015/elvis_dir_papa_104235,,0x804,UPDATE_STREAM,1,37425
2455,,STREAM_UPD,/test/elvis_dir_record_449015,,0x7f2,DELETE_ROW INSERT_ROW OPEN_TABLE_FROM UPDATE_STREAM ALLOCATE UPDATE_STREAM,6,37426
2456,2026-05-16T16:41:32.729Z,CREATE,OID 0x810,elvis_dir_backup_752812,0x810,OPEN_TABLE_FROM SET_OBJECT INSERT_ROW INSERT_ROW INSERT_ROW INSERT_ROW,6,37427
2457,2026-05-16T16:41:30.493Z,MOVE,/test/elvis_dir_record_449015/elvis_dir_papa_104235/elvis_dir_sync_718743/elvis_dir_gamma_109016,xbpt_mike_whiskey_306157.csv,0x7e9,DELETE_ROW DELETE_ROW INSERT_ROW INSERT_ROW,4,37428
2458,2026-05-16T16:41:32.747Z,CREATE,/test/elvis_dir_victor_783323,xbpt_draft_november_935526.json,0x7fa,INSERT_ROW INSERT_ROW SET_OBJECT,3,37429
2459,,STREAM_UPD,/test/elvis_dir_victor_783323,,0x7fa,UPDATE_STREAM,1,37430
2460,,STREAM_UPD,/test/elvis_dir_record_449015/elvis_dir_lima_252141/elvis_dir_oscar_306778,,0x7f4,DELETE_ROW INSERT_ROW OPEN_TABLE_FROM UPDATE_STREAM ALLOCATE UPDATE_STREAM,6,37431
2461,2026-05-16T16:41:29.493Z,MOVE,/test/elvis_dir_papa_805353,xbpt_tango_archive_367353.ini,0x808,DELETE_ROW DELETE_ROW INSERT_ROW INSERT_ROW,4,37432
2462,2026-05-16T16:41:32.767Z,CREATE,/test/elvis_dir_papa_805353/elvis_dir_november_478580,xbpt_temp_kilo_142924.dat,0x7f3,INSERT_ROW INSERT_ROW SET_OBJECT,3,37433
2463,,STREAM_UPD,/test/elvis_dir_papa_805353/elvis_dir_november_478580,,0x7f3,UPDATE_STREAM,1,37434
2464,,STREAM_UPD,/test,,0x7e5,DELETE_ROW INSERT_ROW OPEN_TABLE_FROM UPDATE_STREAM ALLOCATE UPDATE_STREAM,6,37435
2465,2026-05-16T16:41:32.528Z,RENAME,/test/elvis_dir_papa_805353,elvis_dir_output_527690,0x808,DELETE_ROW DELETE_ROW INSERT_ROW INSERT_ROW,4,37436
2466,2026-05-16T16:41:32.785Z,CREATE,/test/elvis_dir_record_449015/elvis_dir_papa_104235,xbpt_lima_config_611703.json,0x804,INSERT_ROW INSERT_ROW SET_OBJECT,3,37437
2467,,STREAM_UPD,/test/elvis_dir_record_449015/elvis_dir_papa_104235,,0x804,UPDATE_STREAM,1,37438
2468,,STREAM_UPD,/test/elvis_dir_record_449015/elvis_dir_lima_252141,,0x80d,DELETE_ROW INSERT_ROW OPEN_TABLE_FROM UPDATE_STREAM ALLOCATE UPDATE_STREAM,6,37440
2469,,STREAM_UPD,/test/elvis_dir_victor_783323,,0x7fa,DELETE_ROW INSERT_ROW OPEN_TABLE_FROM UPDATE_STREAM ALLOCATE UPDATE_STREAM,6,37444
2470,2026-05-16T16:41:32.829Z,CREATE,/test/elvis_dir_index_149423,xbpt_quebec_kilo_982841.tmp,0x805,INSERT_ROW INSERT_ROW SET_OBJECT,3,37446
2471,,STREAM_UPD,/test/elvis_dir_index_149423,,0x805,UPDATE_STREAM,1,37447
2472,,ALLOCATE,/test,,0x7e5,ALLOCATE,1,37450
2473,2026-05-16T16:41:28.480Z,MOVE,/test/elvis_dir_record_449015/elvis_dir_papa_104235/elvis_dir_sync_718743,xbpt_quebec_hotel_768254.txt,0x7ea,DELETE_ROW DELETE_ROW INSERT_ROW INSERT_ROW,4,37453
2474,2026-05-16T16:41:32.912Z,CREATE,/test/elvis_dir_victor_783323,xbpt_cache_alpha_953426.ini,0x7fa,INSERT_ROW INSERT_ROW SET_OBJECT,3,37454
2475,,STREAM_UPD,/test/elvis_dir_victor_783323,,0x7fa,UPDATE_STREAM,1,37455
2476,,ALLOCATE,/test/elvis_dir_record_449015/elvis_dir_lima_252141/elvis_dir_oscar_306778/elvis_dir_record_901264,,0x7f5,ALLOCATE,1,37456
2477,,MODIFY,/test/elvis_dir_papa_805353/elvis_dir_november_478580,,0x7f3,FREE,1,37457
2478,2026-05-16T16:41:32.943Z,CREATE,/test/elvis_dir_record_449015/elvis_dir_lima_252141/elvis_dir_oscar_306778,xbpt_sync_echo_156375.ini,0x7f4,INSERT_ROW INSERT_ROW SET_OBJECT,3,37459
2479,,STREAM_UPD,/test/elvis_dir_record_449015/elvis_dir_lima_252141/elvis_dir_oscar_306778,,0x7f4,UPDATE_STREAM,1,37460
2480,2026-05-16T16:41:32.949Z,CREATE,/test/elvis_dir_india_800575,xbpt_oscar_backup_284025.json,0x806,INSERT_ROW INSERT_ROW SET_OBJECT,3,37461
2481,,STREAM_UPD,/test/elvis_dir_india_800575,,0x806,UPDATE_STREAM,1,37462
2482,,REPARENT,/test/elvis_dir_record_449015/elvis_dir_lima_252141/elvis_dir_oscar_306778,,0x7f4,DELETE_ROW REPARENT_TABLE INSERT_ROW,3,37463
2483,,REPARENT,/test,,0x7e5,DELETE_ROW REPARENT_TABLE INSERT_ROW,3,37465
2484,,CONTAINER,,,,MOVE_CONTAINER MOVE_CONTAINER MOVE_CONTAINER MOVE_CONTAINER MOVE_CONTAINER MOVE_CONTAINER MOVE_CONTAINER MOVE_CONTAINER MOVE_CONTAINER MOVE_CONTAINER,10,37466
2485,,MODIFY,/test/elvis_dir_record_449015/elvis_dir_papa_104235/elvis_dir_sync_718743,,0x7ea,FREE,1,37468
2486,2026-05-16T16:41:33.019Z,CREATE,/test/elvis_dir_index_149423,xbpt_sync_output_795963.bin,0x805,INSERT_ROW INSERT_ROW SET_OBJECT,3,37471
2487,,STREAM_UPD,/test/elvis_dir_index_149423,,0x805,UPDATE_STREAM,1,37472
2488,2026-03-01T07:16:07.607Z,RENAME,/test/elvis_dir_record_449015/elvis_dir_lima_252141/elvis_dir_oscar_306778/elvis_dir_beta_984608,xbpt_victor_backup_413048.dat,0x7f0,DELETE_ROW DELETE_ROW INSERT_ROW INSERT_ROW,4,37474
2489,2026-05-16T16:41:27.580Z,MOVE,/test/elvis_dir_victor_783323,xbpt_oscar_data_366966.json,0x7fa,DELETE_ROW DELETE_ROW INSERT_ROW INSERT_ROW,4,37481
2490,2026-05-16T16:41:33.068Z,CREATE,/test/elvis_dir_record_449015,xbpt_alpha_echo_381900.ini,0x7f2,INSERT_ROW INSERT_ROW SET_OBJECT,3,37482
2491,,STREAM_UPD,/test/elvis_dir_record_449015,,0x7f2,UPDATE_STREAM,1,37483
2492,2026-05-16T16:41:33.084Z,CREATE,/test/elvis_dir_india_800575,xbpt_output_victor_198806.ini,0x806,INSERT_ROW INSERT_ROW SET_OBJECT,3,37484
2493,,STREAM_UPD,/test/elvis_dir_india_800575,,0x806,DELETE_ROW INSERT_ROW OPEN_TABLE_FROM UPDATE_STREAM ALLOCATE UPDATE_STREAM,6,37485
2494,2026-05-16T16:41:33.094Z,CREATE,/test/elvis_dir_papa_805353/elvis_dir_november_478580,xbpt_archive_record_705753.tmp,0x7f3,INSERT_ROW INSERT_ROW SET_OBJECT,3,37486
2495,,STREAM_UPD,/test/elvis_dir_papa_805353/elvis_dir_november_478580,,0x7f3,DELETE_ROW INSERT_ROW OPEN_TABLE_FROM UPDATE_STREAM ALLOCATE UPDATE_STREAM,6,37487
2496,2026-05-16T16:41:33.100Z,CREATE,/test/elvis_dir_record_449015/elvis_dir_papa_104235,xbpt_kilo_sync_474043.csv,0x804,INSERT_ROW INSERT_ROW SET_OBJECT,3,37488
2497,,STREAM_UPD,/test/elvis_dir_record_449015/elvis_dir_papa_104235,,0x804,UPDATE_STREAM,1,37489
2498,2026-05-16T16:41:33.114Z,CREATE,/test/elvis_dir_papa_805353/elvis_dir_november_478580,xbpt_beta_echo_977425.bin,0x7f3,INSERT_ROW INSERT_ROW SET_OBJECT,3,37491
2499,,STREAM_UPD,/test/elvis_dir_papa_805353/elvis_dir_november_478580,,0x7f3,UPDATE_STREAM,1,37492
2500,2026-05-16T16:41:33.120Z,CREATE,/test/elvis_dir_record_449015/elvis_dir_papa_104235,xbpt_archive_sierra_974936.cfg,0x804,INSERT_ROW INSERT_ROW SET_OBJECT,3,37493
2501,,STREAM_UPD,/test/elvis_dir_record_449015/elvis_dir_papa_104235,,0x804,UPDATE_STREAM,1,37494
2502,,ALLOCATE,/test/elvis_dir_record_449015,,0x7f2,ALLOCATE,1,37496
2503,,OP,/test,,0x7e5,INSERT_ROW INSERT_ROW INSERT_ROW,3,37498
2504,,STREAM_UPD,/test/elvis_dir_india_800575,,0x806,DELETE_ROW INSERT_ROW OPEN_TABLE_FROM UPDATE_STREAM ALLOCATE UPDATE_STREAM,6,37500
2505,2026-05-16T16:41:32.902Z,RENAME,/test/elvis_dir_victor_783323,elvis_dir_tango_787748,0x7fa,DELETE_ROW DELETE_ROW INSERT_ROW INSERT_ROW,4,37501
2506,,ALLOCATE,/test/elvis_dir_record_449015/elvis_dir_lima_252141,,0x80d,ALLOCATE,1,37503
2507,2024-12-12T07:16:57.786Z,STREAM_UPD,/test/elvis_dir_record_449015/elvis_dir_papa_104235/elvis_dir_sync_718743/elvis_dir_gamma_603462,,0x7e6,DELETE_ROW INSERT_ROW OPEN_TABLE_FROM UPDATE_STREAM ALLOCATE UPDATE_STREAM UPDATE_DATA_WITH UPDATE_STREAM,8,37505
2508,2026-05-16T16:41:32.928Z,RENAME,/test,elvis_dir_november_514349,0x7e5,DELETE_ROW DELETE_ROW INSERT_ROW INSERT_ROW,4,37506
2509,2026-05-16T16:41:33.257Z,CREATE,/test/elvis_dir_record_449015/elvis_dir_papa_104235,xbpt_log_mike_997799.bin,0x804,INSERT_ROW INSERT_ROW SET_OBJECT,3,37507
2510,,STREAM_UPD,/test/elvis_dir_record_449015/elvis_dir_papa_104235,,0x804,UPDATE_STREAM,1,37508
2511,,MODIFY,/test/elvis_dir_record_449015/elvis_dir_papa_104235/elvis_dir_sync_718743/elvis_dir_gamma_109016/elvis_dir_index_592790,,0x7fd,FREE,1,37509
2512,,REPARENT,/test/elvis_dir_record_449015/elvis_dir_lima_252141/elvis_dir_oscar_306778,,0x7f4,DELETE_ROW REPARENT_TABLE INSERT_ROW,3,37511
2513,,STREAM_UPD,/test/elvis_dir_record_449015,,0x7f2,DELETE_ROW INSERT_ROW OPEN_TABLE_FROM UPDATE_STREAM ALLOCATE UPDATE_STREAM,6,37512
2514,,STREAM_UPD,/test/elvis_dir_papa_805353/elvis_dir_november_478580,,0x7f3,DELETE_ROW INSERT_ROW OPEN_TABLE_FROM UPDATE_STREAM ALLOCATE UPDATE_STREAM,6,37518
2515,,ALLOCATE,/test/elvis_dir_record_449015/elvis_dir_papa_104235/elvis_dir_sync_718743/elvis_dir_gamma_109016/elvis_dir_zulu_984398/elvis_dir_cache_558805,,0x7ee,ALLOCATE,1,37519
2516,2026-05-16T16:41:33.369Z,CREATE,/test/elvis_dir_index_149423/elvis_dir_victor_121923/elvis_dir_hotel_670324/elvis_dir_output_358165,elvis_dir_cache_167153,0x814,OPEN_TABLE_FROM SET_OBJECT INSERT_ROW INSERT_ROW INSERT_ROW INSERT_ROW,6,37520
2517,2026-05-16T16:41:33.373Z,CREATE,/test/elvis_dir_papa_805353/elvis_dir_november_478580,xbpt_audit_sync_528794.xml,0x7f3,INSERT_ROW INSERT_ROW SET_OBJECT,3,37521
2518,,STREAM_UPD,/test/elvis_dir_papa_805353/elvis_dir_november_478580,,0x7f3,UPDATE_STREAM,1,37522
2519,2026-05-16T16:41:33.444Z,CREATE,/test/elvis_dir_record_449015/elvis_dir_papa_104235,xbpt_delta_log_234524.log,0x804,INSERT_ROW INSERT_ROW SET_OBJECT,3,37523
2520,,STREAM_UPD,/test/elvis_dir_record_449015/elvis_dir_papa_104235,,0x804,UPDATE_STREAM,1,37524
2521,2026-05-16T16:41:33.455Z,CREATE,/test/elvis_dir_index_149423/elvis_dir_victor_121923/elvis_dir_hotel_670324,xbpt_log_romeo_711888.cfg,0x813,INSERT_ROW INSERT_ROW SET_OBJECT,3,37525
2522,,STREAM_UPD,/test/elvis_dir_index_149423/elvis_dir_victor_121923/elvis_dir_hotel_670324,,0x813,UPDATE_STREAM,1,37526
2523,2026-05-16T16:41:33.468Z,CREATE,/test,xbpt_config_log_982725.bin,0x7e5,INSERT_ROW INSERT_ROW SET_OBJECT,3,37527
2524,,STREAM_UPD,/test,,0x7e5,UPDATE_STREAM,1,37528
2525,2026-05-16T16:41:33.518Z,CREATE,/test/elvis_dir_index_149423/elvis_dir_victor_121923,xbpt_zulu_papa_839258.bin,0x812,INSERT_ROW INSERT_ROW SET_OBJECT,3,37531
2526,,STREAM_UPD,/test/elvis_dir_index_149423/elvis_dir_victor_121923,,0x812,UPDATE_STREAM,1,37532
2527,2026-05-16T16:41:33.526Z,CREATE,/test/elvis_dir_index_149423/elvis_dir_victor_121923,xbpt_archive_record_387558.cfg,0x812,INSERT_ROW INSERT_ROW SET_OBJECT,3,37533
2528,,STREAM_UPD,/test/elvis_dir_index_149423/elvis_dir_victor_121923,,0x812,UPDATE_STREAM,1,37534
2529,2026-05-16T16:41:33.542Z,CREATE,/test/elvis_dir_index_149423/elvis_dir_victor_121923/elvis_dir_hotel_670324,xbpt_trace_gamma_472483.cfg,0x813,INSERT_ROW INSERT_ROW SET_OBJECT,3,37536
2530,,STREAM_UPD,/test/elvis_dir_index_149423/elvis_dir_victor_121923/elvis_dir_hotel_670324,,0x813,UPDATE_STREAM,1,37537
2531,2026-05-16T16:41:33.548Z,CREATE,/test/elvis_dir_index_149423/elvis_dir_victor_121923,xbpt_temp_uniform_753565.cfg,0x812,INSERT_ROW INSERT_ROW SET_OBJECT,3,37538
2532,,STREAM_UPD,/test/elvis_dir_index_149423/elvis_dir_victor_121923,,0x812,UPDATE_STREAM,1,37539
2533,,STREAM_UPD,/test/elvis_dir_record_449015/elvis_dir_papa_104235/elvis_dir_sync_718743,,0x7ea,DELETE_ROW INSERT_ROW OPEN_TABLE_FROM UPDATE_STREAM ALLOCATE UPDATE_STREAM,6,37541
2534,2026-05-16T16:41:33.572Z,CREATE,/test/elvis_dir_victor_783323,xbpt_quebec_echo_201709.md,0x7fa,INSERT_ROW INSERT_ROW SET_OBJECT,3,37542
2535,,STREAM_UPD,/test/elvis_dir_victor_783323,,0x7fa,UPDATE_STREAM,1,37543
2536,2026-05-16T16:41:33.582Z,CREATE,/test/elvis_dir_papa_805353/elvis_dir_november_478580,xbpt_papa_index_238422.csv,0x7f3,INSERT_ROW INSERT_ROW SET_OBJECT,3,37544
2537,,STREAM_UPD,/test/elvis_dir_papa_805353/elvis_dir_november_478580,,0x7f3,UPDATE_STREAM,1,37545
2538,,MODIFY,/test/elvis_dir_papa_805353/elvis_dir_november_478580,,0x7f3,UPDATE_ROW,1,37549
2539,2026-05-16T16:41:33.663Z,CREATE,/test/elvis_dir_index_149423/elvis_dir_victor_121923/elvis_dir_hotel_670324/elvis_dir_output_358165,xbpt_log_foxtrot_796125.ini,0x814,INSERT_ROW INSERT_ROW SET_OBJECT,3,37551
2540,,STREAM_UPD,/test/elvis_dir_index_149423/elvis_dir_victor_121923/elvis_dir_hotel_670324/elvis_dir_output_358165,,0x814,UPDATE_STREAM,1,37552
2541,,STREAM_UPD,/test/elvis_dir_papa_805353,,0x808,DELETE_ROW INSERT_ROW OPEN_TABLE_FROM UPDATE_STREAM ALLOCATE UPDATE_STREAM,6,37553
2542,,ALLOCATE,/test/elvis_dir_papa_805353/elvis_dir_november_478580,,0x7f3,ALLOCATE,1,37554
2543,2026-05-16T16:41:33.715Z,CREATE,OID 0x816,elvis_dir_beta_786640,0x816,OPEN_TABLE_FROM SET_OBJECT INSERT_ROW INSERT_ROW INSERT_ROW INSERT_ROW,6,37557
2544,2026-05-16T16:41:33.747Z,CREATE,/test/elvis_dir_record_449015/elvis_dir_papa_104235/elvis_dir_sync_718743,xbpt_index_temp_198731.cfg,0x7ea,INSERT_ROW INSERT_ROW SET_OBJECT,3,37560
2545,,STREAM_UPD,/test/elvis_dir_record_449015/elvis_dir_papa_104235/elvis_dir_sync_718743,,0x7ea,UPDATE_STREAM,1,37561
2546,,STREAM_UPD,/test/elvis_dir_record_449015,,0x7f2,DELETE_ROW INSERT_ROW OPEN_TABLE_FROM UPDATE_STREAM ALLOCATE UPDATE_STREAM,6,37562
2547,2026-05-16T16:41:30.268Z,RENAME,/test/elvis_dir_record_449015/elvis_dir_papa_104235,xbpt_yankee_foxtrot_198114.bak,0x804,DELETE_ROW DELETE_ROW INSERT_ROW INSERT_ROW,4,37565
2548,2026-05-16T16:41:33.801Z,CREATE,/test/elvis_dir_index_149423/elvis_dir_victor_121923/elvis_dir_hotel_670324,xbpt_audit_sierra_999014.csv,0x813,INSERT_ROW INSERT_ROW SET_OBJECT,3,37567
2549,,STREAM_UPD,/test/elvis_dir_index_149423/elvis_dir_victor_121923/elvis_dir_hotel_670324,,0x813,UPDATE_STREAM,1,37568
2550,,REPARENT,/test/elvis_dir_record_449015/elvis_dir_papa_104235/elvis_dir_sync_718743/elvis_dir_gamma_109016/elvis_dir_zulu_984398/elvis_dir_cache_558805/elvis_dir_sierra_850083,xbpt_draft_cache_206712.txt,0x7f8,DELETE_ROW INSERT_ROW REPARENT_TABLE INSERT_ROW,4,37570
2551,2026-05-16T16:41:33.813Z,CREATE,/test/elvis_dir_papa_805353/elvis_dir_november_478580,xbpt_delta_index_661828.xml,0x7f3,INSERT_ROW INSERT_ROW SET_OBJECT,3,37571
2552,,STREAM_UPD,/test/elvis_dir_papa_805353/elvis_dir_november_478580,,0x7f3,UPDATE_STREAM,1,37572
2553,,STREAM_UPD,/test/elvis_dir_papa_805353,,0x808,DELETE_ROW INSERT_ROW OPEN_TABLE_FROM UPDATE_STREAM ALLOCATE UPDATE_STREAM,6,37576
2554,2026-05-16T16:41:33.862Z,CREATE,/test/elvis_dir_index_149423/elvis_dir_victor_121923,xbpt_zulu_echo_160107.cfg,0x812,INSERT_ROW INSERT_ROW SET_OBJECT,3,37577
2555,,STREAM_UPD,/test/elvis_dir_index_149423/elvis_dir_victor_121923,,0x812,UPDATE_STREAM,1,37578
2556,2026-05-16T16:41:33.906Z,CREATE,/test,xbpt_whiskey_sierra_446370.txt,0x7e5,INSERT_ROW INSERT_ROW SET_OBJECT,3,37579
2557,,STREAM_UPD,/test,,0x7e5,UPDATE_STREAM,1,37580
2558,,STREAM_UPD,/test/elvis_dir_record_449015/elvis_dir_lima_252141,,0x80d,DELETE_ROW INSERT_ROW OPEN_TABLE_FROM UPDATE_STREAM ALLOCATE UPDATE_STREAM,6,37581
2559,,DELETE,/test/elvis_dir_papa_805353/elvis_dir_november_478580,,0x7f3,DELETE_TABLE DELETE_ROW DELETE_ROW DELETE_TABLE,4,37583
2560,2026-05-16T16:41:26.532Z,RENAME,/test/elvis_dir_record_449015/elvis_dir_papa_104235/elvis_dir_sync_718743/elvis_dir_gamma_109016/elvis_dir_config_541148,xbpt_papa_temp_918582.dat,0x7e7,DELETE_ROW DELETE_ROW INSERT_ROW INSERT_ROW,4,37584
2561,,STREAM_UPD,/test/elvis_dir_victor_783323,,0x7fa,DELETE_ROW INSERT_ROW OPEN_TABLE_FROM UPDATE_STREAM ALLOCATE UPDATE_STREAM,6,37586
2562,2026-05-16T16:41:33.980Z,CREATE,/test/elvis_dir_index_149423,xbpt_config_sync_830891.tmp,0x805,INSERT_ROW INSERT_ROW SET_OBJECT,3,37588
2563,,STREAM_UPD,/test/elvis_dir_index_149423,,0x805,UPDATE_STREAM,1,37589
2564,2026-05-16T16:41:33.766Z,RENAME,/test/elvis_dir_record_449015/elvis_dir_lima_252141,elvis_dir_tango_224437,0x80d,DELETE_ROW DELETE_ROW INSERT_ROW INSERT_ROW,4,37590
2565,2026-05-16T16:41:34.001Z,CREATE,/test/elvis_dir_papa_805353,xbpt_oscar_archive_362034.json,0x808,INSERT_ROW INSERT_ROW SET_OBJECT,3,37591
2566,,STREAM_UPD,/test/elvis_dir_papa_805353,,0x808,UPDATE_STREAM,1,37592
2567,2026-05-16T16:41:34.022Z,CREATE,/test/elvis_dir_record_449015/elvis_dir_papa_104235,xbpt_output_temp_864816.txt,0x804,INSERT_ROW INSERT_ROW SET_OBJECT,3,37594
2568,,STREAM_UPD,/test/elvis_dir_record_449015/elvis_dir_papa_104235,,0x804,UPDATE_STREAM,1,37595
2569,,STREAM_UPD,/test/elvis_dir_record_449015/elvis_dir_lima_252141/elvis_dir_oscar_306778,,0x7f4,DELETE_ROW INSERT_ROW OPEN_TABLE_FROM UPDATE_STREAM ALLOCATE UPDATE_STREAM,6,37596
2570,,ALLOCATE,/test/elvis_dir_record_449015/elvis_dir_papa_104235,,0x804,ALLOCATE,1,37597
2571,,MODIFY,/test/elvis_dir_india_800575,,0x806,UPDATE_ROW,1,37598
2572,,STREAM_UPD,/test/elvis_dir_index_149423/elvis_dir_victor_121923/elvis_dir_hotel_670324/elvis_dir_output_358165,,0x814,DELETE_ROW INSERT_ROW OPEN_TABLE_FROM UPDATE_STREAM ALLOCATE UPDATE_STREAM,6,37600
2573,2026-05-16T16:41:33.990Z,MOVE,/test/elvis_dir_papa_805353,elvis_dir_echo_426942,0x808,DELETE_ROW DELETE_ROW INSERT_ROW INSERT_ROW SET_PARENT_ID,5,37601
2574,2026-05-16T16:41:34.059Z,CREATE,/test/elvis_dir_index_149423/elvis_dir_victor_121923/elvis_dir_hotel_670324/elvis_dir_output_358165,xbpt_zulu_india_473528.csv,0x814,INSERT_ROW INSERT_ROW SET_OBJECT,3,37602
2575,,STREAM_UPD,/test/elvis_dir_index_149423/elvis_dir_victor_121923/elvis_dir_hotel_670324/elvis_dir_output_358165,,0x814,UPDATE_STREAM,1,37603
2576,,STREAM_UPD,/test/elvis_dir_record_449015/elvis_dir_lima_252141/elvis_dir_oscar_306778,,0x7f4,DELETE_ROW INSERT_ROW OPEN_TABLE_FROM UPDATE_STREAM ALLOCATE UPDATE_STREAM,6,37606
2577,,STREAM_UPD,/test/elvis_dir_index_149423/elvis_dir_victor_121923/elvis_dir_hotel_670324/elvis_dir_output_358165,,0x814,DELETE_ROW INSERT_ROW OPEN_TABLE_FROM UPDATE_STREAM ALLOCATE UPDATE_STREAM,6,37608
2578,,MODIFY,/test/elvis_dir_record_449015/elvis_dir_lima_252141/elvis_dir_oscar_306778/elvis_dir_cache_505509,,0x7fc,FREE,1,37609
2579,,MODIFY,/test/elvis_dir_record_449015/elvis_dir_papa_104235/elvis_dir_sync_718743/elvis_dir_gamma_109016/elvis_dir_config_541148,,0x7e7,FREE,1,37610
2580,,ALLOCATE,/test/elvis_dir_record_449015/elvis_dir_papa_104235/elvis_dir_sync_718743/elvis_dir_gamma_109016/elvis_dir_config_541148,,0x7e7,ALLOCATE,1,37611
2581,,STREAM_UPD,/test/elvis_dir_record_449015/elvis_dir_papa_104235/elvis_dir_sync_718743/elvis_dir_gamma_109016/elvis_dir_config_541148,,0x7e7,UPDATE_STREAM,1,37612
2582,,ALLOCATE,/test/elvis_dir_index_149423,,0x805,ALLOCATE,1,37614
2583,2026-05-16T16:41:34.123Z,CREATE,OID 0x819,elvis_dir_quebec_896971,0x819,OPEN_TABLE_FROM SET_OBJECT INSERT_ROW INSERT_ROW INSERT_ROW INSERT_ROW,6,37616
2584,2026-05-16T16:41:33.637Z,MOVE,/test/elvis_dir_index_149423,elvis_dir_report_590629,0x805,DELETE_ROW DELETE_ROW INSERT_ROW INSERT_ROW SET_PARENT_ID,5,37617
2585,2026-05-16T16:41:34.137Z,CREATE,/test/elvis_dir_papa_805353/elvis_dir_november_478580,xbpt_oscar_archive_384713.txt,0x7f3,INSERT_ROW INSERT_ROW SET_OBJECT,3,37618
2586,,STREAM_UPD,/test/elvis_dir_papa_805353/elvis_dir_november_478580,,0x7f3,UPDATE_STREAM,1,37619
2587,,ALLOCATE,/test/elvis_dir_record_449015/elvis_dir_papa_104235/elvis_dir_sync_718743,,0x7ea,ALLOCATE,1,37621
2588,2026-05-16T16:41:34.165Z,CREATE,/test/elvis_dir_india_800575,xbpt_cache_lima_454391.txt,0x806,INSERT_ROW INSERT_ROW SET_OBJECT,3,37622
2589,,STREAM_UPD,/test/elvis_dir_india_800575,,0x806,UPDATE_STREAM,1,37623
2590,2026-05-16T16:41:34.212Z,CREATE,/test/elvis_dir_record_449015/elvis_dir_papa_104235,xbpt_temp_foxtrot_475776.md,0x804,INSERT_ROW INSERT_ROW SET_OBJECT,3,37624
2591,,STREAM_UPD,/test/elvis_dir_record_449015/elvis_dir_papa_104235,,0x804,UPDATE_STREAM,1,37625
2592,,STREAM_UPD,/test/elvis_dir_papa_805353/elvis_dir_november_478580,,0x7f3,UPDATE_STREAM,1,37626
2593,,STREAM_UPD,/test/elvis_dir_victor_783323,,0x7fa,DELETE_ROW INSERT_ROW OPEN_TABLE_FROM UPDATE_STREAM ALLOCATE UPDATE_STREAM,6,37627
2594,2026-05-16T16:41:34.256Z,CREATE,/test/elvis_dir_papa_805353,xbpt_november_hotel_509136.md,0x808,INSERT_ROW INSERT_ROW SET_OBJECT,3,37628
2595,,STREAM_UPD,/test/elvis_dir_papa_805353,,0x808,UPDATE_STREAM,1,37629
2596,2026-05-16T16:41:34.268Z,CREATE,/test/elvis_dir_record_449015/elvis_dir_papa_104235/elvis_dir_sync_718743,xbpt_audit_data_437649.txt,0x7ea,INSERT_ROW INSERT_ROW SET_OBJECT,3,37630
2597,,STREAM_UPD,/test/elvis_dir_record_449015/elvis_dir_papa_104235/elvis_dir_sync_718743,,0x7ea,UPDATE_STREAM,1,37631
2598,2026-05-16T16:41:34.274Z,CREATE,/test/elvis_dir_record_449015/elvis_dir_papa_104235/elvis_dir_sync_718743,xbpt_audit_november_543757.cfg,0x7ea,INSERT_ROW INSERT_ROW SET_OBJECT,3,37632
2599,,STREAM_UPD,/test/elvis_dir_record_449015/elvis_dir_papa_104235/elvis_dir_sync_718743,,0x7ea,UPDATE_STREAM,1,37633
2600,,DELETE,/test/elvis_dir_record_449015/elvis_dir_papa_104235,,0x804,DELETE_TABLE DELETE_ROW DELETE_ROW DELETE_TABLE,4,37634
2601,,STREAM_UPD,/test/elvis_dir_victor_783323,,0x7fa,DELETE_ROW INSERT_ROW OPEN_TABLE_FROM UPDATE_STREAM ALLOCATE UPDATE_STREAM,6,37636
2602,,REPARENT,/test/elvis_dir_record_449015/elvis_dir_papa_104235,,0x804,DELETE_ROW REPARENT_TABLE INSERT_ROW,3,37637
2603,2026-05-16T16:41:34.324Z,CREATE,/test/elvis_dir_record_449015/elvis_dir_tango_434284,elvis_dir_tango_434284,0x81a,OPEN_TABLE_FROM SET_OBJECT INSERT_ROW INSERT_ROW INSERT_ROW INSERT_ROW,6,37638
2604,2026-05-16T16:41:31.541Z,MOVE,/test/elvis_dir_record_449015/elvis_dir_papa_104235/elvis_dir_sync_718743/elvis_dir_gamma_109016,xbpt_sierra_papa_124233.bin,0x7e9,DELETE_ROW DELETE_ROW INSERT_ROW INSERT_ROW,4,37640
2605,2026-05-16T16:41:34.350Z,CREATE,/test/elvis_dir_india_800575,xbpt_delta_lima_807650.tmp,0x806,INSERT_ROW INSERT_ROW SET_OBJECT,3,37641
2606,,STREAM_UPD,/test/elvis_dir_india_800575,,0x806,UPDATE_STREAM,1,37642
2607,2026-05-16T16:41:34.356Z,CREATE,/test/elvis_dir_index_149423,xbpt_yankee_draft_816830.dat,0x805,INSERT_ROW INSERT_ROW SET_OBJECT,3,37643
2608,,STREAM_UPD,/test/elvis_dir_index_149423,,0x805,UPDATE_STREAM,1,37644
2609,,REPARENT,/test/elvis_dir_record_449015/elvis_dir_papa_104235/elvis_dir_sync_718743,xbpt_audit_data_437649.txt,0x7ea,DELETE_ROW INSERT_ROW REPARENT_TABLE INSERT_ROW,4,37646
2610,2026-05-16T16:41:34.388Z,CREATE,/test/elvis_dir_papa_805353,xbpt_temp_data_294711.md,0x808,INSERT_ROW INSERT_ROW SET_OBJECT,3,37647
2611,,STREAM_UPD,/test/elvis_dir_papa_805353,,0x808,UPDATE_STREAM,1,37648
2612,2026-05-16T16:41:34.404Z,CREATE,/test/elvis_dir_victor_783323,xbpt_cache_quebec_319176.xml,0x7fa,INSERT_ROW INSERT_ROW SET_OBJECT,3,37649
2613,,STREAM_UPD,/test/elvis_dir_victor_783323,,0x7fa,UPDATE_STREAM,1,37650
2614,,STREAM_UPD,/test/elvis_dir_record_449015/elvis_dir_lima_252141/elvis_dir_oscar_306778,,0x7f4,DELETE_ROW INSERT_ROW OPEN_TABLE_FROM UPDATE_STREAM ALLOCATE UPDATE_STREAM,6,37651
2615,,ALLOCATE,/test/elvis_dir_record_449015/elvis_dir_papa_104235/elvis_dir_sync_718743/elvis_dir_gamma_603462,,0x7e6,ALLOCATE,1,37652
2616,2026-05-16T16:41:31.877Z,MOVE,/test,xbpt_record_romeo_595639.txt,0x7e5,DELETE_ROW DELETE_ROW INSERT_ROW INSERT_ROW,4,37653
2617,,STREAM_UPD,/test/elvis_dir_papa_805353/elvis_dir_november_478580,,0x7f3,DELETE_ROW INSERT_ROW OPEN_TABLE_FROM UPDATE_STREAM ALLOCATE UPDATE_STREAM,6,37655
2618,,STREAM_UPD,/test/elvis_dir_record_449015,,0x7f2,DELETE_ROW INSERT_ROW OPEN_TABLE_FROM UPDATE_STREAM ALLOCATE UPDATE_STREAM,6,37659
2619,2026-05-16T16:41:34.523Z,CREATE,/test/elvis_dir_papa_805353/elvis_dir_november_478580,xbpt_lima_victor_941030.cfg,0x7f3,INSERT_ROW INSERT_ROW SET_OBJECT,3,37661
2620,,STREAM_UPD,/test/elvis_dir_papa_805353/elvis_dir_november_478580,,0x7f3,UPDATE_STREAM,1,37662
2621,2026-05-16T16:41:34.529Z,CREATE,/test/elvis_dir_victor_783323,xbpt_november_quebec_999278.md,0x7fa,INSERT_ROW INSERT_ROW SET_OBJECT,3,37663
2622,,STREAM_UPD,/test/elvis_dir_victor_783323,,0x7fa,UPDATE_STREAM,1,37664
2623,2026-05-16T16:41:34.541Z,CREATE,/test/elvis_dir_papa_805353,xbpt_papa_victor_656146.log,0x808,INSERT_ROW INSERT_ROW SET_OBJECT,3,37665
2624,,STREAM_UPD,/test/elvis_dir_papa_805353,,0x808,UPDATE_STREAM,1,37666
2625,2026-05-16T16:41:34.569Z,CREATE,/test/elvis_dir_index_149423/elvis_dir_victor_121923,xbpt_hotel_mike_996142.cfg,0x812,INSERT_ROW INSERT_ROW SET_OBJECT,3,37668
2626,,STREAM_UPD,/test/elvis_dir_index_149423/elvis_dir_victor_121923,,0x812,UPDATE_STREAM,1,37669
2627,2026-05-16T16:41:30.336Z,MOVE,/test/elvis_dir_record_449015,xbpt_delta_config_202215.bin,0x7f2,DELETE_ROW DELETE_ROW INSERT_ROW INSERT_ROW,4,37671
2628,,STREAM_UPD,/test,,0x7e5,UPDATE_STREAM,1,37673
2629,2026-05-16T16:41:34.659Z,CREATE,/test/elvis_dir_papa_805353/elvis_dir_november_478580/elvis_dir_kilo_751807,elvis_dir_mike_825367,0x81c,OPEN_TABLE_FROM SET_OBJECT INSERT_ROW INSERT_ROW INSERT_ROW INSERT_ROW,6,37674
2630,2024-11-23T07:17:31.606Z,MOVE,/test/elvis_dir_record_449015/elvis_dir_papa_104235/elvis_dir_sync_718743/elvis_dir_gamma_109016/elvis_dir_zulu_984398,xbpt_zulu_whiskey_391283.tmp,0x7fb,DELETE_ROW DELETE_ROW INSERT_ROW INSERT_ROW,4,37675
2631,,MODIFY,/test/elvis_dir_index_149423,,0x805,FREE,1,37676
2632,2026-05-16T16:41:34.690Z,CREATE,/test/elvis_dir_index_149423/elvis_dir_victor_121923/elvis_dir_hotel_670324,xbpt_zulu_audit_805568.ini,0x813,INSERT_ROW INSERT_ROW SET_OBJECT,3,37677
2633,,STREAM_UPD,/test/elvis_dir_index_149423/elvis_dir_victor_121923/elvis_dir_hotel_670324,,0x813,UPDATE_STREAM,1,37678
2634,,STREAM_UPD,/test/elvis_dir_record_449015/elvis_dir_tango_434284,,0x81a,DELETE_ROW INSERT_ROW OPEN_TABLE_FROM UPDATE_STREAM ALLOCATE UPDATE_STREAM,6,37680
2635,2026-05-16T16:41:34.712Z,CREATE,/test/elvis_dir_papa_805353/elvis_dir_november_478580/elvis_dir_kilo_751807,xbpt_temp_backup_816270.cfg,0x81c,INSERT_ROW INSERT_ROW SET_OBJECT,3,37682
2636,,STREAM_UPD,/test/elvis_dir_papa_805353/elvis_dir_november_478580/elvis_dir_kilo_751807,,0x81c,UPDATE_STREAM,1,37683
2637,,ALLOCATE,/test,,0x7e5,ALLOCATE,1,37684
2638,,MODIFY,/test/elvis_dir_india_800575,,0x806,UPDATE_ROW,1,37685
2639,,STREAM_UPD,/test/elvis_dir_india_800575,,0x806,UPDATE_STREAM,1,37686
2640,,MODIFY,/test/elvis_dir_record_449015/elvis_dir_tango_434284,,0x81a,FREE,1,37687
2641,2026-05-16T16:41:34.426Z,MOVE,/test/elvis_dir_record_449015/elvis_dir_lima_252141,elvis_dir_record_986693,0x80d,DELETE_ROW DELETE_ROW INSERT_ROW INSERT_ROW SET_PARENT_ID,5,37688
2642,,REPARENT,/test/elvis_dir_index_149423/elvis_dir_victor_121923/elvis_dir_hotel_670324/elvis_dir_output_358165/elvis_dir_oscar_874075,xbpt_oscar_output_507222.json,0x80e,DELETE_ROW INSERT_ROW REPARENT_TABLE INSERT_ROW,4,37690
2643,2026-05-16T16:41:34.782Z,CREATE,/test/elvis_dir_record_449015/elvis_dir_tango_434284/elvis_dir_record_864004,elvis_dir_record_864004,0x81e,OPEN_TABLE_FROM SET_OBJECT INSERT_ROW INSERT_ROW INSERT_ROW INSERT_ROW,6,37691
2644,,MODIFY,/test/elvis_dir_record_449015/elvis_dir_papa_104235/elvis_dir_sync_718743/elvis_dir_gamma_109016/elvis_dir_config_541148,,0x7e7,FREE,1,37692
2645,,STREAM_UPD,/test/elvis_dir_india_800575,,0x806,UPDATE_STREAM,1,37693
2646,,STREAM_UPD,/test/elvis_dir_record_449015/elvis_dir_papa_104235/elvis_dir_sync_718743,,0x7ea,DELETE_ROW INSERT_ROW OPEN_TABLE_FROM UPDATE_STREAM ALLOCATE UPDATE_STREAM,6,37695
2647,,REPARENT,/test/elvis_dir_papa_805353/elvis_dir_november_478580,xbpt_delta_index_661828.xml,0x7f3,DELETE_ROW INSERT_ROW REPARENT_TABLE INSERT_ROW,4,37696
2648,2026-05-16T16:41:34.874Z,CREATE,/test/elvis_dir_index_149423/elvis_dir_victor_121923/elvis_dir_hotel_670324,xbpt_cache_temp_298348.bak,0x813,INSERT_ROW INSERT_ROW SET_OBJECT,3,37709
2649,,STREAM_UPD,/test/elvis_dir_index_149423/elvis_dir_victor_121923/elvis_dir_hotel_670324,,0x813,UPDATE_STREAM,1,37710
2650,,MODIFY,/test/elvis_dir_record_449015,,0x7f2,FREE,1,37713
2651,,ALLOCATE,/test/elvis_dir_record_449015/elvis_dir_papa_104235,,0x804,ALLOCATE,1,37716
2652,,STREAM_UPD,/test/elvis_dir_record_449015/elvis_dir_papa_104235/elvis_dir_sync_718743/elvis_dir_gamma_109016,,0x7e9,UPDATE_STREAM,1,37717
2653,2026-05-16T16:41:35.011Z,CREATE,/test,xbpt_marked_eveliselaurence_670394.txt,0x7e5,INSERT_ROW INSERT_ROW SET_OBJECT,3,37720
2654,2026-05-16T16:41:35.015Z,CREATE,/test/elvis_dir_india_800575,xbpt_large_2mb_report_507726.txt,0x806,INSERT_ROW INSERT_ROW SET_OBJECT,3,37721
2655,,STREAM_UPD,/test/elvis_dir_india_800575,,0x806,UPDATE_STREAM,1,37722
2656,2026-05-16T16:41:35.022Z,CREATE,/test/elvis_dir_record_449015/elvis_dir_lima_252141/elvis_dir_oscar_306778,xbpt_large_86mb_india_568540.txt,0x7f4,INSERT_ROW INSERT_ROW SET_OBJECT,3,37723
2657,,STREAM_UPD,/test/elvis_dir_record_449015/elvis_dir_lima_252141/elvis_dir_oscar_306778,,0x7f4,UPDATE_STREAM,1,37724
2658,2026-05-16T16:41:35.027Z,CREATE,/test/elvis_dir_record_449015/elvis_dir_lima_252141/elvis_dir_oscar_306778,xbpt_large_7mb_india_845613.txt,0x7f4,INSERT_ROW INSERT_ROW SET_OBJECT,3,37725
2659,,STREAM_UPD,/test/elvis_dir_record_449015/elvis_dir_lima_252141/elvis_dir_oscar_306778,,0x7f4,UPDATE_STREAM,1,37726
2660,,STREAM_UPD,/test/elvis_dir_index_149423/elvis_dir_victor_121923,,0x812,DELETE_ROW INSERT_ROW OPEN_TABLE_FROM UPDATE_STREAM ALLOCATE UPDATE_STREAM,6,37727
2661,2026-05-16T16:41:35.040Z,CREATE,/test/elvis_dir_victor_783323,xbpt_large_149mb_alpha_610845.dat,0x7fa,INSERT_ROW INSERT_ROW SET_OBJECT,3,37728
2662,,STREAM_UPD,/test/elvis_dir_victor_783323,,0x7fa,UPDATE_STREAM,1,37729
2663,2026-05-16T16:41:35.048Z,CREATE,/test,xbpt_large_99mb_report_414178.tmp,0x7e5,INSERT_ROW INSERT_ROW SET_OBJECT,3,37730
2664,,STREAM_UPD,/test,,0x7e5,UPDATE_STREAM,1,37731
2665,,STREAM_UPD,/test/elvis_dir_record_449015,,0x7f2,DELETE_ROW INSERT_ROW OPEN_TABLE_FROM UPDATE_STREAM ALLOCATE UPDATE_STREAM,6,37732
2666,,CONTAINER,,,,MOVE_CONTAINER MOVE_CONTAINER MOVE_CONTAINER MOVE_CONTAINER MOVE_CONTAINER MOVE_CONTAINER MOVE_CONTAINER,7,37746
