ObjectRef,FullPath,FileName,Extension,FileSize,Created,Modified,Changed,Accessed,ParentPath,ParentOID,CreationDir,HomeOID,FileID,USN,FileAttributes,SecurityId,OwnerSid,GroupSid,DACLSummary,HasADS,ADSNames,RecordPlacement,DataResidency,IsResident,IsDirectory,IsEncrypted,IsCompressed,HasIntegrity,HasEA,HardLinkCount,HardLinkNames,SnapshotCount,SnapshotNames,ReparseTag,ReparseTarget,IsSparse,AllocatedSize,InternalFlags,IsMoved,TimestompFlags
0x701,System Volume Information,System Volume Information,,0,2026-05-16 16:50:46.1357572,2026-05-16 16:50:55.4710672,2026-05-16 16:50:55.4710672,2026-05-16 16:50:55.4710672,.,0x600,,,,,Hidden|System|Directory_Internal,4473461602,BUILTIN\Administrators (S-1-5-32-544),SYSTEM (S-1-5-18),1 ACE(s): ALLOWED:SYSTEM (S-1-5-18):FULL_CONTROL,False,,,,False,True,False,False,False,False,,,,,,,False,,,False,
0x701:0x110,System Volume Information/FVE2.{8252fd17-a486-4ad4-b1ca-f4fe64d23218},FVE2.{8252fd17-a486-4ad4-b1ca-f4fe64d23218},,0,2026-05-16 16:50:53.5841843,2026-05-16 16:50:53.5841843,2026-05-16 16:50:53.5841843,2026-05-16 16:50:53.5841843,System Volume Information,0x701,System Volume Information,0x701,0x110,,Hidden|System|Archive,4473197922,BUILTIN\Administrators (S-1-5-32-544),SYSTEM (S-1-5-18),1 ACE(s): ALLOWED:SYSTEM (S-1-5-18):FULL_CONTROL,False,,embedded,inline,True,False,False,False,False,False,1,,,,,,False,0,,False,
0x701:0x13,System Volume Information/WPSettings.dat,WPSettings.dat,.dat,12,2026-05-16 16:50:46.3202119,2026-05-16 16:50:46.3251276,2026-05-16 16:50:46.3251276,2026-05-16 16:50:46.3251276,System Volume Information,0x701,System Volume Information,0x701,0x13,,Archive,4895999733,SYSTEM (S-1-5-18),SYSTEM (S-1-5-18),1 ACE(s): ALLOWED:SYSTEM (S-1-5-18):FULL_CONTROL,False,,embedded,inline,True,False,False,False,False,False,1,,,,,,False,16,,False,
0x702,test,test,,0,2026-05-16 16:51:49.6993045,2026-05-16 16:52:03.0244081,2026-05-16 16:52:03.0244081,2026-05-16 16:52:03.0704746,.,0x600,,,,,Directory_Internal,4831861536,BUILTIN\Administrators (S-1-5-32-544),Domain Users (S-1-5-21-3829591975-2821165226-2477612932-513),7 ACE(s): ALLOWED:BUILTIN\Administrators (S-1-5-32-544):FULL_CONTROL | ALLOWED:SYSTEM (S-1-5-18):FULL_CONTROL | ALLOWED:SYSTEM (S-1-5-18):GENERIC_ALL | ALLOWED:Authenticated Users (S-1-5-11):MODIFY | ALLOWED:Authenticated Users (S-1-5-11):DELETE|GENERIC_EXECUTE|GENERIC_WRITE|GENERIC_READ | ALLOWED:BUILTIN\Users (S-1-5-32-545):READ_EXECUTE | …,False,,,,False,True,False,False,False,False,,,,,,,False,,,False,
0x722,test/elvis_dir_index_149423,elvis_dir_index_149423,,0,2026-05-16 16:51:57.0348937,2026-05-16 16:52:02.6095468,2026-05-16 16:52:02.6095468,2026-05-16 16:52:03.0758554,test,0x702,,,,,Directory_Internal,4831861536,BUILTIN\Administrators (S-1-5-32-544),Domain Users (S-1-5-21-3829591975-2821165226-2477612932-513),7 ACE(s): ALLOWED:BUILTIN\Administrators (S-1-5-32-544):FULL_CONTROL | ALLOWED:SYSTEM (S-1-5-18):FULL_CONTROL | ALLOWED:SYSTEM (S-1-5-18):GENERIC_ALL | ALLOWED:Authenticated Users (S-1-5-11):MODIFY | ALLOWED:Authenticated Users (S-1-5-11):DELETE|GENERIC_EXECUTE|GENERIC_WRITE|GENERIC_READ | ALLOWED:BUILTIN\Users (S-1-5-32-545):READ_EXECUTE | …,False,,,,False,True,False,False,False,False,,,,,,,False,,,False,
0x72f,test/elvis_dir_index_149423/elvis_dir_victor_121923,elvis_dir_victor_121923,,0,2026-05-16 16:52:00.3281617,2026-05-16 16:52:03.0144080,2026-05-16 16:52:03.0144080,2026-05-16 16:52:03.0778536,test/elvis_dir_index_149423,0x722,,,,,Directory_Internal,4831861536,BUILTIN\Administrators (S-1-5-32-544),Domain Users (S-1-5-21-3829591975-2821165226-2477612932-513),7 ACE(s): ALLOWED:BUILTIN\Administrators (S-1-5-32-544):FULL_CONTROL | ALLOWED:SYSTEM (S-1-5-18):FULL_CONTROL | ALLOWED:SYSTEM (S-1-5-18):GENERIC_ALL | ALLOWED:Authenticated Users (S-1-5-11):MODIFY | ALLOWED:Authenticated Users (S-1-5-11):DELETE|GENERIC_EXECUTE|GENERIC_WRITE|GENERIC_READ | ALLOWED:BUILTIN\Users (S-1-5-32-545):READ_EXECUTE | …,False,,,,False,True,False,False,False,False,,,,,,,False,,,False,
0x730,test/elvis_dir_index_149423/elvis_dir_victor_121923/elvis_dir_hotel_670324,elvis_dir_hotel_670324,,0,2026-05-16 16:52:00.5467169,2026-05-16 16:52:02.8195237,2026-05-16 16:52:02.8195237,2026-05-16 16:52:03.0788610,test/elvis_dir_index_149423/elvis_dir_victor_121923,0x72f,,,,,Directory_Internal,4831861536,BUILTIN\Administrators (S-1-5-32-544),Domain Users (S-1-5-21-3829591975-2821165226-2477612932-513),7 ACE(s): ALLOWED:BUILTIN\Administrators (S-1-5-32-544):FULL_CONTROL | ALLOWED:SYSTEM (S-1-5-18):FULL_CONTROL | ALLOWED:SYSTEM (S-1-5-18):GENERIC_ALL | ALLOWED:Authenticated Users (S-1-5-11):MODIFY | ALLOWED:Authenticated Users (S-1-5-11):DELETE|GENERIC_EXECUTE|GENERIC_WRITE|GENERIC_READ | ALLOWED:BUILTIN\Users (S-1-5-32-545):READ_EXECUTE | …,False,,,,False,True,False,False,False,False,,,,,,,False,,,False,
0x731,test/elvis_dir_index_149423/elvis_dir_victor_121923/elvis_dir_hotel_670324/elvis_dir_output_358165,elvis_dir_output_358165,,0,2026-05-16 16:52:00.8159250,2026-05-16 16:52:02.3107323,2026-05-16 16:52:02.3107323,2026-05-16 16:52:02.3107323,test/elvis_dir_index_149423/elvis_dir_victor_121923/elvis_dir_hotel_670324,0x730,,,,,Directory_Internal,4831861536,BUILTIN\Administrators (S-1-5-32-544),Domain Users (S-1-5-21-3829591975-2821165226-2477612932-513),7 ACE(s): ALLOWED:BUILTIN\Administrators (S-1-5-32-544):FULL_CONTROL | ALLOWED:SYSTEM (S-1-5-18):FULL_CONTROL | ALLOWED:SYSTEM (S-1-5-18):GENERIC_ALL | ALLOWED:Authenticated Users (S-1-5-11):MODIFY | ALLOWED:Authenticated Users (S-1-5-11):DELETE|GENERIC_EXECUTE|GENERIC_WRITE|GENERIC_READ | ALLOWED:BUILTIN\Users (S-1-5-32-545):READ_EXECUTE | …,False,,,,False,True,False,False,False,False,,,,,,,False,,,False,
0x72b,test/elvis_dir_index_149423/elvis_dir_victor_121923/elvis_dir_hotel_670324/elvis_dir_output_358165/elvis_dir_oscar_874075,elvis_dir_oscar_874075,,0,2026-05-16 16:51:59.3078929,2026-05-16 16:52:02.7687941,2026-05-16 16:52:02.7687941,2026-05-16 16:52:03.0808570,test/elvis_dir_index_149423/elvis_dir_victor_121923/elvis_dir_hotel_670324/elvis_dir_output_358165,0x731,,,,,Directory_Internal,4831861536,BUILTIN\Administrators (S-1-5-32-544),Domain Users (S-1-5-21-3829591975-2821165226-2477612932-513),7 ACE(s): ALLOWED:BUILTIN\Administrators (S-1-5-32-544):FULL_CONTROL | ALLOWED:SYSTEM (S-1-5-18):FULL_CONTROL | ALLOWED:SYSTEM (S-1-5-18):GENERIC_ALL | ALLOWED:Authenticated Users (S-1-5-11):MODIFY | ALLOWED:Authenticated Users (S-1-5-11):DELETE|GENERIC_EXECUTE|GENERIC_WRITE|GENERIC_READ | ALLOWED:BUILTIN\Users (S-1-5-32-545):READ_EXECUTE | …,False,,,,False,True,False,False,False,False,,,,,,,False,,,False,
0x717:0x4,test/elvis_dir_index_149423/elvis_dir_victor_121923/elvis_dir_hotel_670324/elvis_dir_output_358165/elvis_dir_oscar_874075/xbpt_delta_victor_412034.ini,xbpt_delta_victor_412034.ini,.ini,209311,2026-05-16 16:51:54.5161670,2026-05-16 16:51:55.3235831,2026-05-16 16:51:59.8982393,2026-05-16 16:51:55.3235831,test/elvis_dir_index_149423/elvis_dir_victor_121923/elvis_dir_hotel_670324/elvis_dir_output_358165/elvis_dir_oscar_874075,0x72b,test/elvis_dir_victor_783323,0x717,0x4,,Archive,5176748164,BUILTIN\Administrators (S-1-5-32-544),Domain Users (S-1-5-21-3829591975-2821165226-2477612932-513),4 ACE(s): ALLOWED:BUILTIN\Administrators (S-1-5-32-544):FULL_CONTROL | ALLOWED:SYSTEM (S-1-5-18):FULL_CONTROL | ALLOWED:Authenticated Users (S-1-5-11):MODIFY | ALLOWED:BUILTIN\Users (S-1-5-32-545):READ_EXECUTE,False,,split,extents,False,False,False,False,False,False,1,,,,,,False,212992,,True,
0x72b:0x2,test/elvis_dir_index_149423/elvis_dir_victor_121923/elvis_dir_hotel_670324/elvis_dir_output_358165/elvis_dir_oscar_874075/xbpt_zulu_mike_340372.cfg,xbpt_zulu_mike_340372.cfg,.cfg,507770,2026-05-16 16:51:59.5343383,2026-05-16 16:51:59.5353470,2026-05-16 16:51:59.5353470,2026-05-16 16:51:59.5353470,test/elvis_dir_index_149423/elvis_dir_victor_121923/elvis_dir_hotel_670324/elvis_dir_output_358165/elvis_dir_oscar_874075,0x72b,test/elvis_dir_index_149423/elvis_dir_victor_121923/elvis_dir_hotel_670324/elvis_dir_output_358165/elvis_dir_oscar_874075,0x72b,0x2,,Archive,5176748164,BUILTIN\Administrators (S-1-5-32-544),Domain Users (S-1-5-21-3829591975-2821165226-2477612932-513),4 ACE(s): ALLOWED:BUILTIN\Administrators (S-1-5-32-544):FULL_CONTROL | ALLOWED:SYSTEM (S-1-5-18):FULL_CONTROL | ALLOWED:Authenticated Users (S-1-5-11):MODIFY | ALLOWED:BUILTIN\Users (S-1-5-32-545):READ_EXECUTE,False,,embedded,extents,False,False,False,False,False,False,1,,,,,,False,507904,,False,
0x70b:0x2,test/elvis_dir_index_149423/elvis_dir_victor_121923/elvis_dir_hotel_670324/elvis_dir_output_358165/xbpt_audit_echo_178867.tmp,xbpt_audit_echo_178867.tmp,.tmp,520031,2026-01-01 07:16:17.1671215,2026-05-16 16:52:00.3371580,2026-05-16 16:52:01.9116280,2026-05-16 16:52:00.3371580,test/elvis_dir_index_149423/elvis_dir_victor_121923/elvis_dir_hotel_670324/elvis_dir_output_358165,0x731,test/elvis_dir_record_449015/elvis_dir_papa_104235/elvis_dir_sync_718743/elvis_dir_gamma_109016/elvis_dir_zulu_984398/elvis_dir_cache_558805,0x70b,0x2,,Archive,5176748164,BUILTIN\Administrators (S-1-5-32-544),Domain Users (S-1-5-21-3829591975-2821165226-2477612932-513),4 ACE(s): ALLOWED:BUILTIN\Administrators (S-1-5-32-544):FULL_CONTROL | ALLOWED:SYSTEM (S-1-5-18):FULL_CONTROL | ALLOWED:Authenticated Users (S-1-5-11):MODIFY | ALLOWED:BUILTIN\Users (S-1-5-32-545):READ_EXECUTE,False,,split,extents,False,False,False,False,False,False,1,,,,,,False,520192,,True,MEDIUM:PRE_FORMAT
0x731:0x2,test/elvis_dir_index_149423/elvis_dir_victor_121923/elvis_dir_hotel_670324/elvis_dir_output_358165/xbpt_log_foxtrot_796125.ini,xbpt_log_foxtrot_796125.ini,.ini,264326,2026-05-16 16:52:01.1348430,2026-05-16 16:52:01.1372025,2026-05-16 16:52:01.1372025,2026-05-16 16:52:01.1372025,test/elvis_dir_index_149423/elvis_dir_victor_121923/elvis_dir_hotel_670324/elvis_dir_output_358165,0x731,test/elvis_dir_index_149423/elvis_dir_victor_121923/elvis_dir_hotel_670324/elvis_dir_output_358165,0x731,0x2,,Archive,5176748164,BUILTIN\Administrators (S-1-5-32-544),Domain Users (S-1-5-21-3829591975-2821165226-2477612932-513),4 ACE(s): ALLOWED:BUILTIN\Administrators (S-1-5-32-544):FULL_CONTROL | ALLOWED:SYSTEM (S-1-5-18):FULL_CONTROL | ALLOWED:Authenticated Users (S-1-5-11):MODIFY | ALLOWED:BUILTIN\Users (S-1-5-32-545):READ_EXECUTE,False,,embedded,extents,False,False,False,False,False,False,1,,,,,,False,266240,,False,
0x731:0x3,test/elvis_dir_index_149423/elvis_dir_victor_121923/elvis_dir_hotel_670324/elvis_dir_output_358165/xbpt_oscar_foxtrot_866936.json,xbpt_oscar_foxtrot_866936.json,.json,179023,2026-05-16 16:52:01.7069655,2026-05-16 16:52:01.7069655,2026-05-16 16:52:01.7069655,2026-05-16 16:52:01.7069655,test/elvis_dir_index_149423/elvis_dir_victor_121923/elvis_dir_hotel_670324/elvis_dir_output_358165,0x731,test/elvis_dir_index_149423/elvis_dir_victor_121923/elvis_dir_hotel_670324/elvis_dir_output_358165,0x731,0x3,,Archive,5176748164,BUILTIN\Administrators (S-1-5-32-544),Domain Users (S-1-5-21-3829591975-2821165226-2477612932-513),4 ACE(s): ALLOWED:BUILTIN\Administrators (S-1-5-32-544):FULL_CONTROL | ALLOWED:SYSTEM (S-1-5-18):FULL_CONTROL | ALLOWED:Authenticated Users (S-1-5-11):MODIFY | ALLOWED:BUILTIN\Users (S-1-5-32-545):READ_EXECUTE,False,,embedded,extents,False,False,False,False,False,False,1,,,,,,False,180224,,False,
0x707:0x6,test/elvis_dir_index_149423/elvis_dir_victor_121923/elvis_dir_hotel_670324/elvis_dir_output_358165/xbpt_output_lima_215617.json,xbpt_output_lima_215617.json,.json,403765,2026-05-16 16:51:52.5650468,2026-05-16 16:51:52.5660370,2026-05-16 16:52:02.3107323,2026-05-16 16:51:52.5660370,test/elvis_dir_index_149423/elvis_dir_victor_121923/elvis_dir_hotel_670324/elvis_dir_output_358165,0x731,test/elvis_dir_record_449015/elvis_dir_papa_104235/elvis_dir_sync_718743,0x707,0x6,,Archive,5176748164,BUILTIN\Administrators (S-1-5-32-544),Domain Users (S-1-5-21-3829591975-2821165226-2477612932-513),4 ACE(s): ALLOWED:BUILTIN\Administrators (S-1-5-32-544):FULL_CONTROL | ALLOWED:SYSTEM (S-1-5-18):FULL_CONTROL | ALLOWED:Authenticated Users (S-1-5-11):MODIFY | ALLOWED:BUILTIN\Users (S-1-5-32-545):READ_EXECUTE,False,,split,extents,False,False,False,False,False,False,1,,,,,,False,405504,,True,
0x731:0x5,test/elvis_dir_index_149423/elvis_dir_victor_121923/elvis_dir_hotel_670324/elvis_dir_output_358165/xbpt_papa_archive_660135.txt,xbpt_papa_archive_660135.txt,.txt,209277,2026-05-16 16:52:01.8201916,2026-05-16 16:52:01.8201916,2026-05-16 16:52:01.8201916,2026-05-16 16:52:01.8201916,test/elvis_dir_index_149423/elvis_dir_victor_121923/elvis_dir_hotel_670324/elvis_dir_output_358165,0x731,test/elvis_dir_index_149423/elvis_dir_victor_121923/elvis_dir_hotel_670324/elvis_dir_output_358165,0x731,0x5,,Archive,5176748164,BUILTIN\Administrators (S-1-5-32-544),Domain Users (S-1-5-21-3829591975-2821165226-2477612932-513),4 ACE(s): ALLOWED:BUILTIN\Administrators (S-1-5-32-544):FULL_CONTROL | ALLOWED:SYSTEM (S-1-5-18):FULL_CONTROL | ALLOWED:Authenticated Users (S-1-5-11):MODIFY | ALLOWED:BUILTIN\Users (S-1-5-32-545):READ_EXECUTE,False,,embedded,extents,False,False,False,False,False,False,1,,,,,,False,212992,,False,
0x731:0x4,test/elvis_dir_index_149423/elvis_dir_victor_121923/elvis_dir_hotel_670324/elvis_dir_output_358165/xbpt_zulu_india_473528.csv,xbpt_zulu_india_473528.csv,.csv,472261,2024-08-03 07:17:33.0580290,2024-08-03 07:17:33.0580290,2026-05-16 16:52:02.6010592,2024-08-03 07:17:33.0580290,test/elvis_dir_index_149423/elvis_dir_victor_121923/elvis_dir_hotel_670324/elvis_dir_output_358165,0x731,test/elvis_dir_index_149423/elvis_dir_victor_121923/elvis_dir_hotel_670324/elvis_dir_output_358165,0x731,0x4,,Archive,5176748164,BUILTIN\Administrators (S-1-5-32-544),Domain Users (S-1-5-21-3829591975-2821165226-2477612932-513),4 ACE(s): ALLOWED:BUILTIN\Administrators (S-1-5-32-544):FULL_CONTROL | ALLOWED:SYSTEM (S-1-5-18):FULL_CONTROL | ALLOWED:Authenticated Users (S-1-5-11):MODIFY | ALLOWED:BUILTIN\Users (S-1-5-32-545):READ_EXECUTE,False,,embedded,extents,False,False,False,False,False,False,1,,,,,,False,475136,,False,MEDIUM:CHANGE_LATE|PRE_FORMAT
0x704:0x17,test/elvis_dir_index_149423/elvis_dir_victor_121923/elvis_dir_hotel_670324/xbpt_cache_sync_352758.ini,xbpt_cache_sync_352758.ini,.ini,208467,2026-05-16 16:51:55.6652421,2026-05-16 16:51:55.6652421,2026-05-16 16:52:01.1112303,2026-05-16 16:51:55.6652421,test/elvis_dir_index_149423/elvis_dir_victor_121923/elvis_dir_hotel_670324,0x730,test/elvis_dir_record_449015/elvis_dir_papa_104235/elvis_dir_sync_718743/elvis_dir_gamma_109016/elvis_dir_config_541148,0x704,0x17,,Archive,5176748164,BUILTIN\Administrators (S-1-5-32-544),Domain Users (S-1-5-21-3829591975-2821165226-2477612932-513),4 ACE(s): ALLOWED:BUILTIN\Administrators (S-1-5-32-544):FULL_CONTROL | ALLOWED:SYSTEM (S-1-5-18):FULL_CONTROL | ALLOWED:Authenticated Users (S-1-5-11):MODIFY | ALLOWED:BUILTIN\Users (S-1-5-32-545):READ_EXECUTE,False,,split,extents,False,False,False,False,False,False,1,,,,,,False,208896,,True,
0x730:0x6,test/elvis_dir_index_149423/elvis_dir_victor_121923/elvis_dir_hotel_670324/xbpt_cache_temp_298348.bak,xbpt_cache_temp_298348.bak,.bak,348773,2026-05-16 16:52:02.8195237,2026-05-16 16:52:02.8195237,2026-05-16 16:52:02.8195237,2026-05-16 16:52:02.8195237,test/elvis_dir_index_149423/elvis_dir_victor_121923/elvis_dir_hotel_670324,0x730,test/elvis_dir_index_149423/elvis_dir_victor_121923/elvis_dir_hotel_670324,0x730,0x6,,Archive,5176748164,BUILTIN\Administrators (S-1-5-32-544),Domain Users (S-1-5-21-3829591975-2821165226-2477612932-513),4 ACE(s): ALLOWED:BUILTIN\Administrators (S-1-5-32-544):FULL_CONTROL | ALLOWED:SYSTEM (S-1-5-18):FULL_CONTROL | ALLOWED:Authenticated Users (S-1-5-11):MODIFY | ALLOWED:BUILTIN\Users (S-1-5-32-545):READ_EXECUTE,False,,embedded,extents,False,False,False,False,False,False,1,,,,,,False,352256,,False,
0x730:0x2,test/elvis_dir_index_149423/elvis_dir_victor_121923/elvis_dir_hotel_670324/xbpt_log_romeo_711888.cfg,xbpt_log_romeo_711888.cfg,.cfg,78863,2026-05-16 16:52:00.8890981,2026-05-16 16:52:00.8901032,2026-05-16 16:52:00.8901032,2026-05-16 16:52:00.8901032,test/elvis_dir_index_149423/elvis_dir_victor_121923/elvis_dir_hotel_670324,0x730,test/elvis_dir_index_149423/elvis_dir_victor_121923/elvis_dir_hotel_670324,0x730,0x2,,Archive,5176748164,BUILTIN\Administrators (S-1-5-32-544),Domain Users (S-1-5-21-3829591975-2821165226-2477612932-513),4 ACE(s): ALLOWED:BUILTIN\Administrators (S-1-5-32-544):FULL_CONTROL | ALLOWED:SYSTEM (S-1-5-18):FULL_CONTROL | ALLOWED:Authenticated Users (S-1-5-11):MODIFY | ALLOWED:BUILTIN\Users (S-1-5-32-545):READ_EXECUTE,False,,embedded,extents,False,False,False,False,False,False,1,,,,,,False,81920,,False,
0x730:0x4,test/elvis_dir_index_149423/elvis_dir_victor_121923/elvis_dir_hotel_670324/xbpt_november_yankee_663510.csv,xbpt_november_yankee_663510.csv,.csv,181536,2026-05-16 16:52:01.3451845,2025-04-01 07:16:26.2947244,2026-05-16 16:52:02.0524831,2026-05-16 16:52:01.3451845,test/elvis_dir_index_149423/elvis_dir_victor_121923/elvis_dir_hotel_670324,0x730,test/elvis_dir_index_149423/elvis_dir_victor_121923/elvis_dir_hotel_670324,0x730,0x4,,Archive,5176748164,BUILTIN\Administrators (S-1-5-32-544),Domain Users (S-1-5-21-3829591975-2821165226-2477612932-513),4 ACE(s): ALLOWED:BUILTIN\Administrators (S-1-5-32-544):FULL_CONTROL | ALLOWED:SYSTEM (S-1-5-18):FULL_CONTROL | ALLOWED:Authenticated Users (S-1-5-11):MODIFY | ALLOWED:BUILTIN\Users (S-1-5-32-545):READ_EXECUTE,False,,embedded,extents,False,False,False,False,False,False,1,,,,,,False,184320,,False,LOW:CREATE_GT_MODIFY
0x730:0x3,test/elvis_dir_index_149423/elvis_dir_victor_121923/elvis_dir_hotel_670324/xbpt_trace_gamma_472483.cfg,xbpt_trace_gamma_472483.cfg,.cfg,519258,2026-05-16 16:52:01.0007270,2026-05-16 16:52:01.0007270,2026-05-16 16:52:01.0007270,2026-05-16 16:52:01.0007270,test/elvis_dir_index_149423/elvis_dir_victor_121923/elvis_dir_hotel_670324,0x730,test/elvis_dir_index_149423/elvis_dir_victor_121923/elvis_dir_hotel_670324,0x730,0x3,,Archive,5176748164,BUILTIN\Administrators (S-1-5-32-544),Domain Users (S-1-5-21-3829591975-2821165226-2477612932-513),4 ACE(s): ALLOWED:BUILTIN\Administrators (S-1-5-32-544):FULL_CONTROL | ALLOWED:SYSTEM (S-1-5-18):FULL_CONTROL | ALLOWED:Authenticated Users (S-1-5-11):MODIFY | ALLOWED:BUILTIN\Users (S-1-5-32-545):READ_EXECUTE,False,,embedded,extents,False,False,False,False,False,False,1,,,,,,False,520192,,False,
0x730:0x5,test/elvis_dir_index_149423/elvis_dir_victor_121923/elvis_dir_hotel_670324/xbpt_zulu_audit_805568.ini,xbpt_zulu_audit_805568.ini,.ini,322201,2026-05-16 16:52:02.6320567,2026-05-16 16:52:02.6320567,2026-05-16 16:52:02.6320567,2026-05-16 16:52:02.6320567,test/elvis_dir_index_149423/elvis_dir_victor_121923/elvis_dir_hotel_670324,0x730,test/elvis_dir_index_149423/elvis_dir_victor_121923/elvis_dir_hotel_670324,0x730,0x5,,Archive,5176748164,BUILTIN\Administrators (S-1-5-32-544),Domain Users (S-1-5-21-3829591975-2821165226-2477612932-513),4 ACE(s): ALLOWED:BUILTIN\Administrators (S-1-5-32-544):FULL_CONTROL | ALLOWED:SYSTEM (S-1-5-18):FULL_CONTROL | ALLOWED:Authenticated Users (S-1-5-11):MODIFY | ALLOWED:BUILTIN\Users (S-1-5-32-545):READ_EXECUTE,False,,embedded,extents,False,False,False,False,False,False,1,,,,,,False,323584,,False,
0x72f:0x6,test/elvis_dir_index_149423/elvis_dir_victor_121923/xbpt_hotel_mike_996142.cfg,xbpt_hotel_mike_996142.cfg,.cfg,36549,2026-05-16 16:52:02.4850618,2026-05-16 16:52:02.4850618,2026-05-16 16:52:02.4850618,2026-05-16 16:52:02.4850618,test/elvis_dir_index_149423/elvis_dir_victor_121923,0x72f,test/elvis_dir_index_149423/elvis_dir_victor_121923,0x72f,0x6,,Archive,5176748164,BUILTIN\Administrators (S-1-5-32-544),Domain Users (S-1-5-21-3829591975-2821165226-2477612932-513),4 ACE(s): ALLOWED:BUILTIN\Administrators (S-1-5-32-544):FULL_CONTROL | ALLOWED:SYSTEM (S-1-5-18):FULL_CONTROL | ALLOWED:Authenticated Users (S-1-5-11):MODIFY | ALLOWED:BUILTIN\Users (S-1-5-32-545):READ_EXECUTE,False,,embedded,extents,False,False,False,False,False,False,1,,,,,,False,36864,,False,
0x707:0x14,test/elvis_dir_index_149423/elvis_dir_victor_121923/xbpt_hotel_victor_678038.txt,xbpt_hotel_victor_678038.txt,.txt,453197,2026-05-16 16:52:02.1027313,2026-05-16 16:52:02.1027313,2026-05-16 16:52:02.2439439,2026-05-16 16:52:02.1027313,test/elvis_dir_index_149423/elvis_dir_victor_121923,0x72f,test/elvis_dir_record_449015/elvis_dir_papa_104235/elvis_dir_sync_718743,0x707,0x14,,Archive,5176748164,BUILTIN\Administrators (S-1-5-32-544),Domain Users (S-1-5-21-3829591975-2821165226-2477612932-513),4 ACE(s): ALLOWED:BUILTIN\Administrators (S-1-5-32-544):FULL_CONTROL | ALLOWED:SYSTEM (S-1-5-18):FULL_CONTROL | ALLOWED:Authenticated Users (S-1-5-11):MODIFY | ALLOWED:BUILTIN\Users (S-1-5-32-545):READ_EXECUTE,False,,split,extents,False,False,False,False,False,False,1,,,,,,False,454656,,True,
0x72f:0x7,test/elvis_dir_index_149423/elvis_dir_victor_121923/xbpt_large_5mb_romeo_293003.dat,xbpt_large_5mb_romeo_293003.dat,.dat,5242880,2026-05-16 16:52:03.0144080,2026-05-16 16:52:03.0144080,2026-05-16 16:52:03.0144080,2026-05-16 16:52:03.0144080,test/elvis_dir_index_149423/elvis_dir_victor_121923,0x72f,test/elvis_dir_index_149423/elvis_dir_victor_121923,0x72f,0x7,,Archive,5176748164,BUILTIN\Administrators (S-1-5-32-544),Domain Users (S-1-5-21-3829591975-2821165226-2477612932-513),4 ACE(s): ALLOWED:BUILTIN\Administrators (S-1-5-32-544):FULL_CONTROL | ALLOWED:SYSTEM (S-1-5-18):FULL_CONTROL | ALLOWED:Authenticated Users (S-1-5-11):MODIFY | ALLOWED:BUILTIN\Users (S-1-5-32-545):READ_EXECUTE,False,,embedded,extents,False,False,False,False,False,False,1,,,,,,False,5242880,,False,
0x72f:0x4,test/elvis_dir_index_149423/elvis_dir_victor_121923/xbpt_temp_uniform_753565.cfg,xbpt_temp_uniform_753565.cfg,.cfg,387932,2026-05-16 16:52:01.0067315,2026-05-16 16:52:02.9581223,2026-05-16 16:52:02.9581223,2026-05-16 16:52:02.9581223,test/elvis_dir_index_149423/elvis_dir_victor_121923,0x72f,test/elvis_dir_index_149423/elvis_dir_victor_121923,0x72f,0x4,,Archive,5176748164,BUILTIN\Administrators (S-1-5-32-544),Domain Users (S-1-5-21-3829591975-2821165226-2477612932-513),4 ACE(s): ALLOWED:BUILTIN\Administrators (S-1-5-32-544):FULL_CONTROL | ALLOWED:SYSTEM (S-1-5-18):FULL_CONTROL | ALLOWED:Authenticated Users (S-1-5-11):MODIFY | ALLOWED:BUILTIN\Users (S-1-5-32-545):READ_EXECUTE,False,,embedded,extents,False,False,False,False,False,False,1,,,,,,False,389120,,False,
0x718:0x2,test/elvis_dir_index_149423/elvis_dir_victor_121923/xbpt_whiskey_delta_922359.tmp,xbpt_whiskey_delta_922359.tmp,.tmp,339532,2024-11-23 07:17:31.6060620,2024-11-23 07:17:31.6060620,2026-05-16 16:52:02.5950602,2024-11-23 07:17:31.6060620,test/elvis_dir_index_149423/elvis_dir_victor_121923,0x72f,test/elvis_dir_record_449015/elvis_dir_papa_104235/elvis_dir_sync_718743/elvis_dir_gamma_109016/elvis_dir_zulu_984398,0x718,0x2,,Archive,5176748164,BUILTIN\Administrators (S-1-5-32-544),Domain Users (S-1-5-21-3829591975-2821165226-2477612932-513),4 ACE(s): ALLOWED:BUILTIN\Administrators (S-1-5-32-544):FULL_CONTROL | ALLOWED:SYSTEM (S-1-5-18):FULL_CONTROL | ALLOWED:Authenticated Users (S-1-5-11):MODIFY | ALLOWED:BUILTIN\Users (S-1-5-32-545):READ_EXECUTE,False,,split,extents,False,False,False,False,False,False,1,,,,,,False,339968,,True,MEDIUM:CHANGE_LATE|PRE_FORMAT
0x72f:0x5,test/elvis_dir_index_149423/elvis_dir_victor_121923/xbpt_zulu_echo_160107.cfg,xbpt_zulu_echo_160107.cfg,.cfg,71744,2026-05-16 16:52:01.4245439,2026-05-16 16:52:02.4728072,2026-05-16 16:52:02.4728072,2026-05-16 16:52:02.4728072,test/elvis_dir_index_149423/elvis_dir_victor_121923,0x72f,test/elvis_dir_index_149423/elvis_dir_victor_121923,0x72f,0x5,,Archive,5176748164,BUILTIN\Administrators (S-1-5-32-544),Domain Users (S-1-5-21-3829591975-2821165226-2477612932-513),4 ACE(s): ALLOWED:BUILTIN\Administrators (S-1-5-32-544):FULL_CONTROL | ALLOWED:SYSTEM (S-1-5-18):FULL_CONTROL | ALLOWED:Authenticated Users (S-1-5-11):MODIFY | ALLOWED:BUILTIN\Users (S-1-5-32-545):READ_EXECUTE,False,,embedded,extents,False,False,False,False,False,False,1,,,,,,False,73728,,False,
0x72f:0x2,test/elvis_dir_index_149423/elvis_dir_victor_121923/xbpt_zulu_papa_839258.bin,xbpt_zulu_papa_839258.bin,.bin,166783,2026-05-16 16:52:00.9724256,2026-05-16 16:52:00.9731782,2026-05-16 16:52:00.9731782,2026-05-16 16:52:00.9731782,test/elvis_dir_index_149423/elvis_dir_victor_121923,0x72f,test/elvis_dir_index_149423/elvis_dir_victor_121923,0x72f,0x2,,Archive,5176748164,BUILTIN\Administrators (S-1-5-32-544),Domain Users (S-1-5-21-3829591975-2821165226-2477612932-513),4 ACE(s): ALLOWED:BUILTIN\Administrators (S-1-5-32-544):FULL_CONTROL | ALLOWED:SYSTEM (S-1-5-18):FULL_CONTROL | ALLOWED:Authenticated Users (S-1-5-11):MODIFY | ALLOWED:BUILTIN\Users (S-1-5-32-545):READ_EXECUTE,False,,embedded,extents,False,False,False,False,False,False,1,,,,,,False,167936,,False,
0x704:0x19,test/elvis_dir_index_149423/xbpt_beta_archive_985685.tmp,xbpt_beta_archive_985685.tmp,.tmp,310564,2023-11-27 07:16:30.1657183,2023-11-27 07:16:30.1657183,2026-05-16 16:51:58.3298661,2023-11-27 07:16:30.1657183,test/elvis_dir_index_149423,0x722,test/elvis_dir_record_449015/elvis_dir_papa_104235/elvis_dir_sync_718743/elvis_dir_gamma_109016/elvis_dir_config_541148,0x704,0x19,,Archive,5176748164,BUILTIN\Administrators (S-1-5-32-544),Domain Users (S-1-5-21-3829591975-2821165226-2477612932-513),4 ACE(s): ALLOWED:BUILTIN\Administrators (S-1-5-32-544):FULL_CONTROL | ALLOWED:SYSTEM (S-1-5-18):FULL_CONTROL | ALLOWED:Authenticated Users (S-1-5-11):MODIFY | ALLOWED:BUILTIN\Users (S-1-5-32-545):READ_EXECUTE,False,,split,extents,False,False,False,False,False,False,1,,,,,,False,311296,,True,MEDIUM:CHANGE_LATE|PRE_FORMAT
0x722:0x8,test/elvis_dir_index_149423/xbpt_config_sync_830891.tmp,xbpt_config_sync_830891.tmp,.tmp,407328,2026-05-16 16:52:01.5979372,2022-02-07 07:16:33.0361865,2026-05-16 16:51:56.6473939,2026-05-16 16:52:01.5979372,test/elvis_dir_index_149423,0x722,test/elvis_dir_index_149423,0x722,0x8,,Archive,5176748164,BUILTIN\Administrators (S-1-5-32-544),Domain Users (S-1-5-21-3829591975-2821165226-2477612932-513),4 ACE(s): ALLOWED:BUILTIN\Administrators (S-1-5-32-544):FULL_CONTROL | ALLOWED:SYSTEM (S-1-5-18):FULL_CONTROL | ALLOWED:Authenticated Users (S-1-5-11):MODIFY | ALLOWED:BUILTIN\Users (S-1-5-32-545):READ_EXECUTE,False,,embedded,extents,False,False,False,False,False,False,1,,,,,,False,409600,,False,LOW:CREATE_GT_MODIFY
0x722:0x4,test/elvis_dir_index_149423/xbpt_draft_india_626576.tmp,xbpt_draft_india_626576.tmp,.tmp,308061,2026-05-16 16:51:58.9909167,2026-05-16 16:51:58.9909167,2026-05-16 16:51:58.9909167,2026-05-16 16:51:58.9909167,test/elvis_dir_index_149423,0x722,test/elvis_dir_index_149423,0x722,0x4,,Archive,5176748164,BUILTIN\Administrators (S-1-5-32-544),Domain Users (S-1-5-21-3829591975-2821165226-2477612932-513),4 ACE(s): ALLOWED:BUILTIN\Administrators (S-1-5-32-544):FULL_CONTROL | ALLOWED:SYSTEM (S-1-5-18):FULL_CONTROL | ALLOWED:Authenticated Users (S-1-5-11):MODIFY | ALLOWED:BUILTIN\Users (S-1-5-32-545):READ_EXECUTE,False,,embedded,extents,False,False,False,False,False,False,1,,,,,,False,311296,,False,
0x710:0x9,test/elvis_dir_index_149423/xbpt_draft_record_749595.cfg,xbpt_draft_record_749595.cfg,.cfg,239973,2026-05-16 16:51:54.9297515,2026-05-16 16:51:54.8200316,2026-05-16 16:51:58.9240998,2026-05-16 16:51:54.9297515,test/elvis_dir_index_149423,0x722,test/elvis_dir_papa_805353/elvis_dir_november_478580,0x710,0x9,,Archive,5176748164,BUILTIN\Administrators (S-1-5-32-544),Domain Users (S-1-5-21-3829591975-2821165226-2477612932-513),4 ACE(s): ALLOWED:BUILTIN\Administrators (S-1-5-32-544):FULL_CONTROL | ALLOWED:SYSTEM (S-1-5-18):FULL_CONTROL | ALLOWED:Authenticated Users (S-1-5-11):MODIFY | ALLOWED:BUILTIN\Users (S-1-5-32-545):READ_EXECUTE,False,,split,extents,False,False,False,False,False,False,1,,,,,,False,241664,,True,
0x722:0x3,test/elvis_dir_index_149423/xbpt_kilo_draft_550251.bin,xbpt_kilo_draft_550251.bin,.bin,505381,2026-05-16 16:51:58.9296685,2026-05-16 16:51:56.3444502,2026-05-16 16:51:56.3444502,2026-05-16 16:51:58.9300992,test/elvis_dir_index_149423,0x722,test/elvis_dir_index_149423,0x722,0x3,,Archive,5176748164,BUILTIN\Administrators (S-1-5-32-544),Domain Users (S-1-5-21-3829591975-2821165226-2477612932-513),4 ACE(s): ALLOWED:BUILTIN\Administrators (S-1-5-32-544):FULL_CONTROL | ALLOWED:SYSTEM (S-1-5-18):FULL_CONTROL | ALLOWED:Authenticated Users (S-1-5-11):MODIFY | ALLOWED:BUILTIN\Users (S-1-5-32-545):READ_EXECUTE,False,,embedded,extents,False,False,False,False,False,False,1,,,,,,False,507904,,False,
0x722:0x9,test/elvis_dir_index_149423/xbpt_papa_papa_899322.md,xbpt_papa_papa_899322.md,.md,297647,2026-05-16 16:52:01.8436449,2026-05-16 16:52:01.8436449,2026-05-16 16:52:01.8436449,2026-05-16 16:52:01.8436449,test/elvis_dir_index_149423,0x722,test/elvis_dir_index_149423,0x722,0x9,,Archive,5176748164,BUILTIN\Administrators (S-1-5-32-544),Domain Users (S-1-5-21-3829591975-2821165226-2477612932-513),4 ACE(s): ALLOWED:BUILTIN\Administrators (S-1-5-32-544):FULL_CONTROL | ALLOWED:SYSTEM (S-1-5-18):FULL_CONTROL | ALLOWED:Authenticated Users (S-1-5-11):MODIFY | ALLOWED:BUILTIN\Users (S-1-5-32-545):READ_EXECUTE,False,,embedded,extents,False,False,False,False,False,False,1,,,,,,False,299008,,False,
0x722:0x6,test/elvis_dir_index_149423/xbpt_quebec_kilo_982841.tmp,xbpt_quebec_kilo_982841.tmp,.tmp,312142,2026-05-16 16:52:00.0015497,2026-05-16 16:52:00.0025463,2026-05-16 16:52:00.0025463,2026-05-16 16:52:00.0025463,test/elvis_dir_index_149423,0x722,test/elvis_dir_index_149423,0x722,0x6,,Archive,5176748164,BUILTIN\Administrators (S-1-5-32-544),Domain Users (S-1-5-21-3829591975-2821165226-2477612932-513),4 ACE(s): ALLOWED:BUILTIN\Administrators (S-1-5-32-544):FULL_CONTROL | ALLOWED:SYSTEM (S-1-5-18):FULL_CONTROL | ALLOWED:Authenticated Users (S-1-5-11):MODIFY | ALLOWED:BUILTIN\Users (S-1-5-32-545):READ_EXECUTE,False,,embedded,extents,False,False,False,False,False,False,1,,,,,,False,315392,,False,
0x722:0x7,test/elvis_dir_index_149423/xbpt_sync_output_795963.bin,xbpt_sync_output_795963.bin,.bin,376478,2026-05-16 16:52:00.2713239,2026-05-16 16:52:00.1454009,2026-05-16 16:52:00.1454009,2026-05-16 16:52:00.3047349,test/elvis_dir_index_149423,0x722,test/elvis_dir_index_149423,0x722,0x7,,Archive,5176748164,BUILTIN\Administrators (S-1-5-32-544),Domain Users (S-1-5-21-3829591975-2821165226-2477612932-513),4 ACE(s): ALLOWED:BUILTIN\Administrators (S-1-5-32-544):FULL_CONTROL | ALLOWED:SYSTEM (S-1-5-18):FULL_CONTROL | ALLOWED:Authenticated Users (S-1-5-11):MODIFY | ALLOWED:BUILTIN\Users (S-1-5-32-545):READ_EXECUTE,False,,embedded,extents,False,False,False,False,False,False,1,,,,,,False,376832,,False,
0x706:0x12,test/elvis_dir_index_149423/xbpt_victor_gamma_564302.csv,xbpt_victor_gamma_564302.csv,.csv,306493,2026-05-16 16:51:56.6647916,2026-05-16 16:51:52.2042216,2026-05-16 16:51:59.8461292,2026-05-16 16:51:56.6647916,test/elvis_dir_index_149423,0x722,test/elvis_dir_record_449015/elvis_dir_papa_104235/elvis_dir_sync_718743/elvis_dir_gamma_109016,0x706,0x12,,Archive,5176748164,BUILTIN\Administrators (S-1-5-32-544),Domain Users (S-1-5-21-3829591975-2821165226-2477612932-513),4 ACE(s): ALLOWED:BUILTIN\Administrators (S-1-5-32-544):FULL_CONTROL | ALLOWED:SYSTEM (S-1-5-18):FULL_CONTROL | ALLOWED:Authenticated Users (S-1-5-11):MODIFY | ALLOWED:BUILTIN\Users (S-1-5-32-545):READ_EXECUTE,False,,split,extents,False,False,False,False,False,False,1,,,,,,False,307200,,True,
0x722:0xa,test/elvis_dir_index_149423/xbpt_yankee_draft_816830.dat,xbpt_yankee_draft_816830.dat,.dat,261891,2026-05-16 16:52:02.2040260,2026-05-16 16:52:02.2090360,2026-05-16 16:52:02.2090360,2026-05-16 16:52:02.2090360,test/elvis_dir_index_149423,0x722,test/elvis_dir_index_149423,0x722,0xa,,Archive,5176748164,BUILTIN\Administrators (S-1-5-32-544),Domain Users (S-1-5-21-3829591975-2821165226-2477612932-513),4 ACE(s): ALLOWED:BUILTIN\Administrators (S-1-5-32-544):FULL_CONTROL | ALLOWED:SYSTEM (S-1-5-18):FULL_CONTROL | ALLOWED:Authenticated Users (S-1-5-11):MODIFY | ALLOWED:BUILTIN\Users (S-1-5-32-545):READ_EXECUTE,False,,embedded,extents,False,False,False,False,False,False,1,,,,,,False,262144,,False,
0x711:0x5,test/elvis_dir_index_149423/xbpt_zulu_kilo_319858.csv,xbpt_zulu_kilo_319858.csv,.csv,457030,2022-05-20 07:16:16.7264974,2022-05-20 07:16:16.7264974,2026-05-16 16:51:57.4717275,2022-05-20 07:16:16.7264974,test/elvis_dir_index_149423,0x722,test/elvis_dir_record_449015/elvis_dir_lima_252141/elvis_dir_oscar_306778,0x711,0x5,,Archive,5176748164,BUILTIN\Administrators (S-1-5-32-544),Domain Users (S-1-5-21-3829591975-2821165226-2477612932-513),4 ACE(s): ALLOWED:BUILTIN\Administrators (S-1-5-32-544):FULL_CONTROL | ALLOWED:SYSTEM (S-1-5-18):FULL_CONTROL | ALLOWED:Authenticated Users (S-1-5-11):MODIFY | ALLOWED:BUILTIN\Users (S-1-5-32-545):READ_EXECUTE,False,,split,extents,False,False,False,False,False,False,1,,,,,,False,458752,,True,MEDIUM:CHANGE_LATE|PRE_FORMAT
0x723,test/elvis_dir_india_800575,elvis_dir_india_800575,,0,2026-05-16 16:51:57.3173431,2026-05-16 16:52:02.9894867,2026-05-16 16:52:02.9894867,2026-05-16 16:52:03.0808570,test,0x702,,,,,Directory_Internal,4831861536,BUILTIN\Administrators (S-1-5-32-544),Domain Users (S-1-5-21-3829591975-2821165226-2477612932-513),7 ACE(s): ALLOWED:BUILTIN\Administrators (S-1-5-32-544):FULL_CONTROL | ALLOWED:SYSTEM (S-1-5-18):FULL_CONTROL | ALLOWED:SYSTEM (S-1-5-18):GENERIC_ALL | ALLOWED:Authenticated Users (S-1-5-11):MODIFY | ALLOWED:Authenticated Users (S-1-5-11):DELETE|GENERIC_EXECUTE|GENERIC_WRITE|GENERIC_READ | ALLOWED:BUILTIN\Users (S-1-5-32-545):READ_EXECUTE | …,False,,,,False,True,False,False,False,False,,,,,,,False,,,False,
0x723:0x2,test/elvis_dir_india_800575/xbpt_beta_archive_202282.json,xbpt_beta_archive_202282.json,.json,480555,2026-05-16 16:51:57.4437488,2026-05-16 16:52:02.7888781,2026-05-16 16:52:02.7888781,2026-05-16 16:52:02.7888781,test/elvis_dir_india_800575,0x723,test/elvis_dir_india_800575,0x723,0x2,,Archive,5176748164,BUILTIN\Administrators (S-1-5-32-544),Domain Users (S-1-5-21-3829591975-2821165226-2477612932-513),4 ACE(s): ALLOWED:BUILTIN\Administrators (S-1-5-32-544):FULL_CONTROL | ALLOWED:SYSTEM (S-1-5-18):FULL_CONTROL | ALLOWED:Authenticated Users (S-1-5-11):MODIFY | ALLOWED:BUILTIN\Users (S-1-5-32-545):READ_EXECUTE,False,,embedded,extents,False,False,False,False,False,False,1,,,,,,False,483328,,False,
0x723:0xe,test/elvis_dir_india_800575/xbpt_cache_index_408825.bin,xbpt_cache_index_408825.bin,.bin,59633,2026-05-16 16:52:02.7084286,2026-05-16 16:51:57.0523357,2026-05-16 16:51:57.0523357,2026-05-16 16:52:02.7084286,test/elvis_dir_india_800575,0x723,test/elvis_dir_india_800575,0x723,0xe,,Archive,5176748164,BUILTIN\Administrators (S-1-5-32-544),Domain Users (S-1-5-21-3829591975-2821165226-2477612932-513),4 ACE(s): ALLOWED:BUILTIN\Administrators (S-1-5-32-544):FULL_CONTROL | ALLOWED:SYSTEM (S-1-5-18):FULL_CONTROL | ALLOWED:Authenticated Users (S-1-5-11):MODIFY | ALLOWED:BUILTIN\Users (S-1-5-32-545):READ_EXECUTE,False,,embedded,extents,False,False,False,False,False,False,1,,,,,,False,61440,,False,
0x723:0xc,test/elvis_dir_india_800575/xbpt_cache_lima_454391.txt,xbpt_cache_lima_454391.txt,.txt,388287,2026-05-16 16:52:01.9296326,2026-05-16 16:52:01.9306317,2026-05-16 16:52:01.9306317,2026-05-16 16:52:01.9306317,test/elvis_dir_india_800575,0x723,test/elvis_dir_india_800575,0x723,0xc,,Archive,5176748164,BUILTIN\Administrators (S-1-5-32-544),Domain Users (S-1-5-21-3829591975-2821165226-2477612932-513),4 ACE(s): ALLOWED:BUILTIN\Administrators (S-1-5-32-544):FULL_CONTROL | ALLOWED:SYSTEM (S-1-5-18):FULL_CONTROL | ALLOWED:Authenticated Users (S-1-5-11):MODIFY | ALLOWED:BUILTIN\Users (S-1-5-32-545):READ_EXECUTE,False,,embedded,extents,False,False,False,False,False,False,1,,,,,,False,389120,,False,
0x723:0xd,test/elvis_dir_india_800575/xbpt_delta_lima_807650.tmp,xbpt_delta_lima_807650.tmp,.tmp,271776,2026-05-16 16:52:02.1954809,2026-05-16 16:52:02.1964852,2026-05-16 16:52:02.1964852,2026-05-16 16:52:02.1964852,test/elvis_dir_india_800575,0x723,test/elvis_dir_india_800575,0x723,0xd,,Archive,5176748164,BUILTIN\Administrators (S-1-5-32-544),Domain Users (S-1-5-21-3829591975-2821165226-2477612932-513),4 ACE(s): ALLOWED:BUILTIN\Administrators (S-1-5-32-544):FULL_CONTROL | ALLOWED:SYSTEM (S-1-5-18):FULL_CONTROL | ALLOWED:Authenticated Users (S-1-5-11):MODIFY | ALLOWED:BUILTIN\Users (S-1-5-32-545):READ_EXECUTE,False,,embedded,extents,False,False,False,False,False,False,1,,,,,,False,274432,,False,
0x70f:0xf,test/elvis_dir_india_800575/xbpt_foxtrot_zulu_156856.csv,xbpt_foxtrot_zulu_156856.csv,.csv,130777,2026-05-16 16:51:57.0603594,2026-05-16 16:51:57.0603594,2026-05-16 16:51:58.6454818,2026-05-16 16:51:57.0603594,test/elvis_dir_india_800575,0x723,test/elvis_dir_record_449015,0x70f,0xf,,Archive,5176748164,BUILTIN\Administrators (S-1-5-32-544),Domain Users (S-1-5-21-3829591975-2821165226-2477612932-513),4 ACE(s): ALLOWED:BUILTIN\Administrators (S-1-5-32-544):FULL_CONTROL | ALLOWED:SYSTEM (S-1-5-18):FULL_CONTROL | ALLOWED:Authenticated Users (S-1-5-11):MODIFY | ALLOWED:BUILTIN\Users (S-1-5-32-545):READ_EXECUTE,False,,split,extents,False,False,False,False,False,False,1,,,,,,False,131072,,True,
0x723:0x5,test/elvis_dir_india_800575/xbpt_kilo_config_292054.json,xbpt_kilo_config_292054.json,.json,453499,2026-05-16 16:51:58.2356631,2026-05-16 16:51:59.5137259,2026-05-16 16:51:59.5137259,2026-05-16 16:51:59.5137259,test/elvis_dir_india_800575,0x723,test/elvis_dir_india_800575,0x723,0x5,,Archive,5176748164,BUILTIN\Administrators (S-1-5-32-544),Domain Users (S-1-5-21-3829591975-2821165226-2477612932-513),4 ACE(s): ALLOWED:BUILTIN\Administrators (S-1-5-32-544):FULL_CONTROL | ALLOWED:SYSTEM (S-1-5-18):FULL_CONTROL | ALLOWED:Authenticated Users (S-1-5-11):MODIFY | ALLOWED:BUILTIN\Users (S-1-5-32-545):READ_EXECUTE,False,,embedded,extents,False,False,False,False,False,False,1,,,,,,False,454656,,False,
0x723:0xf,test/elvis_dir_india_800575/xbpt_large_2mb_report_507726.txt,xbpt_large_2mb_report_507726.txt,.txt,2097152,2026-05-16 16:52:02.9894867,2026-05-16 16:52:02.9894867,2026-05-16 16:52:02.9894867,2026-05-16 16:52:02.9894867,test/elvis_dir_india_800575,0x723,test/elvis_dir_india_800575,0x723,0xf,,Archive,5176748164,BUILTIN\Administrators (S-1-5-32-544),Domain Users (S-1-5-21-3829591975-2821165226-2477612932-513),4 ACE(s): ALLOWED:BUILTIN\Administrators (S-1-5-32-544):FULL_CONTROL | ALLOWED:SYSTEM (S-1-5-18):FULL_CONTROL | ALLOWED:Authenticated Users (S-1-5-11):MODIFY | ALLOWED:BUILTIN\Users (S-1-5-32-545):READ_EXECUTE,False,,embedded,extents,False,False,False,False,False,False,1,,,,,,False,2097152,,False,
0x723:0xa,test/elvis_dir_india_800575/xbpt_log_beta_973172.txt,xbpt_log_beta_973172.txt,.txt,171788,2026-05-16 16:52:00.5150051,2026-05-16 16:52:02.6404187,2026-05-16 16:52:02.6404187,2026-05-16 16:52:02.6404187,test/elvis_dir_india_800575,0x723,test/elvis_dir_india_800575,0x723,0xa,,Archive,5176748164,BUILTIN\Administrators (S-1-5-32-544),Domain Users (S-1-5-21-3829591975-2821165226-2477612932-513),4 ACE(s): ALLOWED:BUILTIN\Administrators (S-1-5-32-544):FULL_CONTROL | ALLOWED:SYSTEM (S-1-5-18):FULL_CONTROL | ALLOWED:Authenticated Users (S-1-5-11):MODIFY | ALLOWED:BUILTIN\Users (S-1-5-32-545):READ_EXECUTE,False,,embedded,extents,False,False,False,False,False,False,1,,,,,,False,172032,,False,
0x723:0x8,test/elvis_dir_india_800575/xbpt_oscar_backup_284025.json,xbpt_oscar_backup_284025.json,.json,467882,2026-05-16 16:52:00.1744471,2026-05-16 16:52:00.1744471,2026-05-16 16:52:00.1744471,2026-05-16 16:52:00.1744471,test/elvis_dir_india_800575,0x723,test/elvis_dir_india_800575,0x723,0x8,,Archive,5176748164,BUILTIN\Administrators (S-1-5-32-544),Domain Users (S-1-5-21-3829591975-2821165226-2477612932-513),4 ACE(s): ALLOWED:BUILTIN\Administrators (S-1-5-32-544):FULL_CONTROL | ALLOWED:SYSTEM (S-1-5-18):FULL_CONTROL | ALLOWED:Authenticated Users (S-1-5-11):MODIFY | ALLOWED:BUILTIN\Users (S-1-5-32-545):READ_EXECUTE,False,,embedded,extents,False,False,False,False,False,False,1,,,,,,False,471040,,False,
0x723:0x6,test/elvis_dir_india_800575/xbpt_output_config_975939.bak,xbpt_output_config_975939.bak,.bak,92647,2026-05-16 16:51:58.8180360,2026-05-16 16:51:58.8180360,2026-05-16 16:51:58.8180360,2026-05-16 16:51:58.8180360,test/elvis_dir_india_800575,0x723,test/elvis_dir_india_800575,0x723,0x6,,Archive,5176748164,BUILTIN\Administrators (S-1-5-32-544),Domain Users (S-1-5-21-3829591975-2821165226-2477612932-513),4 ACE(s): ALLOWED:BUILTIN\Administrators (S-1-5-32-544):FULL_CONTROL | ALLOWED:SYSTEM (S-1-5-18):FULL_CONTROL | ALLOWED:Authenticated Users (S-1-5-11):MODIFY | ALLOWED:BUILTIN\Users (S-1-5-32-545):READ_EXECUTE,False,,embedded,extents,False,False,False,False,False,False,1,,,,,,False,94208,,False,
0x723:0x9,test/elvis_dir_india_800575/xbpt_output_victor_198806.ini,xbpt_output_victor_198806.ini,.ini,412745,2026-05-16 16:52:00.3652125,2026-05-16 16:52:00.3652125,2026-05-16 16:52:00.3652125,2026-05-16 16:52:00.3652125,test/elvis_dir_india_800575,0x723,test/elvis_dir_india_800575,0x723,0x9,,Archive,5176748164,BUILTIN\Administrators (S-1-5-32-544),Domain Users (S-1-5-21-3829591975-2821165226-2477612932-513),4 ACE(s): ALLOWED:BUILTIN\Administrators (S-1-5-32-544):FULL_CONTROL | ALLOWED:SYSTEM (S-1-5-18):FULL_CONTROL | ALLOWED:Authenticated Users (S-1-5-11):MODIFY | ALLOWED:BUILTIN\Users (S-1-5-32-545):READ_EXECUTE,False,,embedded,extents,False,False,False,False,False,False,1,,,,,,False,413696,,False,
0x723:0xb,test/elvis_dir_india_800575/xbpt_report_temp_854937.tmp,xbpt_report_temp_854937.tmp,.tmp,407328,2026-05-16 16:52:01.6975926,2022-02-07 07:16:33.0361865,2026-05-16 16:51:56.6473939,2026-05-16 16:52:01.6975926,test/elvis_dir_india_800575,0x723,test/elvis_dir_india_800575,0x723,0xb,,Archive,5176748164,BUILTIN\Administrators (S-1-5-32-544),Domain Users (S-1-5-21-3829591975-2821165226-2477612932-513),4 ACE(s): ALLOWED:BUILTIN\Administrators (S-1-5-32-544):FULL_CONTROL | ALLOWED:SYSTEM (S-1-5-18):FULL_CONTROL | ALLOWED:Authenticated Users (S-1-5-11):MODIFY | ALLOWED:BUILTIN\Users (S-1-5-32-545):READ_EXECUTE,False,,embedded,extents,False,False,False,False,False,False,1,,,,,,False,409600,,False,LOW:CREATE_GT_MODIFY
0x723:0x4,test/elvis_dir_india_800575/xbpt_sierra_beta_228555.dat,xbpt_sierra_beta_228555.dat,.dat,340231,2026-05-16 16:51:57.7878617,2026-05-16 16:51:53.1249699,2026-05-16 16:51:53.1249699,2026-05-16 16:51:57.7888639,test/elvis_dir_india_800575,0x723,test/elvis_dir_india_800575,0x723,0x4,,Archive,5176748164,BUILTIN\Administrators (S-1-5-32-544),Domain Users (S-1-5-21-3829591975-2821165226-2477612932-513),4 ACE(s): ALLOWED:BUILTIN\Administrators (S-1-5-32-544):FULL_CONTROL | ALLOWED:SYSTEM (S-1-5-18):FULL_CONTROL | ALLOWED:Authenticated Users (S-1-5-11):MODIFY | ALLOWED:BUILTIN\Users (S-1-5-32-545):READ_EXECUTE,False,,embedded,extents,False,False,False,False,False,False,1,,,,,,False,344064,,False,
0x723:0x7,test/elvis_dir_india_800575/xbpt_sierra_data_271533.bin,xbpt_sierra_data_271533.bin,.bin,507751,2026-05-16 16:51:59.6167034,2026-05-16 16:52:00.1794541,2026-05-16 16:52:00.1794541,2026-05-16 16:52:00.1794541,test/elvis_dir_india_800575,0x723,test/elvis_dir_india_800575,0x723,0x7,,Archive,5176748164,BUILTIN\Administrators (S-1-5-32-544),Domain Users (S-1-5-21-3829591975-2821165226-2477612932-513),4 ACE(s): ALLOWED:BUILTIN\Administrators (S-1-5-32-544):FULL_CONTROL | ALLOWED:SYSTEM (S-1-5-18):FULL_CONTROL | ALLOWED:Authenticated Users (S-1-5-11):MODIFY | ALLOWED:BUILTIN\Users (S-1-5-32-545):READ_EXECUTE,False,,embedded,extents,False,False,False,False,False,False,1,,,,,,False,507904,,False,
0x702:0x13,test/elvis_dir_india_800575/xbpt_uniform_lima_155750.md,xbpt_uniform_lima_155750.md,.md,145250,2026-05-16 16:51:54.4564403,2026-05-16 16:51:54.4564403,2026-05-16 16:52:01.5533647,2026-05-16 16:51:54.4564403,test/elvis_dir_india_800575,0x723,test,0x702,0x13,,Archive,5176748164,BUILTIN\Administrators (S-1-5-32-544),Domain Users (S-1-5-21-3829591975-2821165226-2477612932-513),4 ACE(s): ALLOWED:BUILTIN\Administrators (S-1-5-32-544):FULL_CONTROL | ALLOWED:SYSTEM (S-1-5-18):FULL_CONTROL | ALLOWED:Authenticated Users (S-1-5-11):MODIFY | ALLOWED:BUILTIN\Users (S-1-5-32-545):READ_EXECUTE,False,,split,extents,False,False,False,False,False,False,1,,,,,,False,147456,,True,
0x725,test/elvis_dir_papa_805353,elvis_dir_papa_805353,,0,2026-05-16 16:51:57.7390196,2026-05-16 16:52:02.4584309,2026-05-16 16:52:02.5175463,2026-05-16 16:52:02.4584309,test,0x702,,,,,Directory_Internal,4831861536,BUILTIN\Administrators (S-1-5-32-544),Domain Users (S-1-5-21-3829591975-2821165226-2477612932-513),7 ACE(s): ALLOWED:BUILTIN\Administrators (S-1-5-32-544):FULL_CONTROL | ALLOWED:SYSTEM (S-1-5-18):FULL_CONTROL | ALLOWED:SYSTEM (S-1-5-18):GENERIC_ALL | ALLOWED:Authenticated Users (S-1-5-11):MODIFY | ALLOWED:Authenticated Users (S-1-5-11):DELETE|GENERIC_EXECUTE|GENERIC_WRITE|GENERIC_READ | ALLOWED:BUILTIN\Users (S-1-5-32-545):READ_EXECUTE | …,False,,,,False,True,False,False,False,False,,,,,,,False,,,False,
0x710,test/elvis_dir_papa_805353/elvis_dir_november_478580,elvis_dir_november_478580,,0,2026-05-16 16:51:52.5457841,2026-05-16 16:52:02.9691461,2026-05-16 16:52:02.9691461,2026-05-16 16:52:02.9691461,test/elvis_dir_papa_805353,0x725,,,,,Directory_Internal,4831861536,BUILTIN\Administrators (S-1-5-32-544),Domain Users (S-1-5-21-3829591975-2821165226-2477612932-513),7 ACE(s): ALLOWED:BUILTIN\Administrators (S-1-5-32-544):FULL_CONTROL | ALLOWED:SYSTEM (S-1-5-18):FULL_CONTROL | ALLOWED:SYSTEM (S-1-5-18):GENERIC_ALL | ALLOWED:Authenticated Users (S-1-5-11):MODIFY | ALLOWED:Authenticated Users (S-1-5-11):DELETE|GENERIC_EXECUTE|GENERIC_WRITE|GENERIC_READ | ALLOWED:BUILTIN\Users (S-1-5-32-545):READ_EXECUTE | …,False,,,,False,True,False,False,False,False,,,,,,,False,,,False,
0x739,test/elvis_dir_papa_805353/elvis_dir_november_478580/elvis_dir_kilo_751807,elvis_dir_kilo_751807,,0,2026-05-16 16:52:02.5846040,2026-05-16 16:52:02.7523504,2026-05-16 16:52:02.9691461,2026-05-16 16:52:02.7523504,test/elvis_dir_papa_805353/elvis_dir_november_478580,0x710,,,,,Directory_Internal,4831861536,BUILTIN\Administrators (S-1-5-32-544),Domain Users (S-1-5-21-3829591975-2821165226-2477612932-513),7 ACE(s): ALLOWED:BUILTIN\Administrators (S-1-5-32-544):FULL_CONTROL | ALLOWED:SYSTEM (S-1-5-18):FULL_CONTROL | ALLOWED:SYSTEM (S-1-5-18):GENERIC_ALL | ALLOWED:Authenticated Users (S-1-5-11):MODIFY | ALLOWED:Authenticated Users (S-1-5-11):DELETE|GENERIC_EXECUTE|GENERIC_WRITE|GENERIC_READ | ALLOWED:BUILTIN\Users (S-1-5-32-545):READ_EXECUTE | …,False,,,,False,True,False,False,False,False,,,,,,,False,,,False,
0x702:0x14,test/elvis_dir_papa_805353/elvis_dir_november_478580/elvis_dir_kilo_751807/xbpt_delta_zulu_595944.bak,xbpt_delta_zulu_595944.bak,.bak,100455,2026-05-16 16:51:54.4659066,2026-05-16 16:51:58.3998852,2026-05-16 16:52:02.7523504,2026-05-16 16:51:58.3998852,test/elvis_dir_papa_805353/elvis_dir_november_478580/elvis_dir_kilo_751807,0x739,test,0x702,0x14,,Archive,5176748164,BUILTIN\Administrators (S-1-5-32-544),Domain Users (S-1-5-21-3829591975-2821165226-2477612932-513),4 ACE(s): ALLOWED:BUILTIN\Administrators (S-1-5-32-544):FULL_CONTROL | ALLOWED:SYSTEM (S-1-5-18):FULL_CONTROL | ALLOWED:Authenticated Users (S-1-5-11):MODIFY | ALLOWED:BUILTIN\Users (S-1-5-32-545):READ_EXECUTE,False,,split,extents,False,False,False,False,False,False,1,,,,,,False,102400,,True,
0x739:0x2,test/elvis_dir_papa_805353/elvis_dir_november_478580/elvis_dir_kilo_751807/xbpt_temp_backup_816270.cfg,xbpt_temp_backup_816270.cfg,.cfg,185084,2026-05-16 16:52:02.6658226,2026-05-16 16:51:59.3740544,2026-05-16 16:51:59.3740544,2026-05-16 16:52:02.6702519,test/elvis_dir_papa_805353/elvis_dir_november_478580/elvis_dir_kilo_751807,0x739,test/elvis_dir_papa_805353/elvis_dir_november_478580/elvis_dir_kilo_751807,0x739,0x2,,Archive,5176748164,BUILTIN\Administrators (S-1-5-32-544),Domain Users (S-1-5-21-3829591975-2821165226-2477612932-513),4 ACE(s): ALLOWED:BUILTIN\Administrators (S-1-5-32-544):FULL_CONTROL | ALLOWED:SYSTEM (S-1-5-18):FULL_CONTROL | ALLOWED:Authenticated Users (S-1-5-11):MODIFY | ALLOWED:BUILTIN\Users (S-1-5-32-545):READ_EXECUTE,False,,embedded,extents,False,False,False,False,False,False,1,,,,,,False,188416,,False,
0x710:0x1c,test/elvis_dir_papa_805353/elvis_dir_november_478580/xbpt_alpha_cache_742120.dat,xbpt_alpha_cache_742120.dat,.dat,401806,2026-05-16 16:52:02.3167280,2026-05-16 16:51:59.5451599,2026-05-16 16:51:59.5451599,2026-05-16 16:52:02.3177364,test/elvis_dir_papa_805353/elvis_dir_november_478580,0x710,test/elvis_dir_papa_805353/elvis_dir_november_478580,0x710,0x1c,,Archive,5176748164,BUILTIN\Administrators (S-1-5-32-544),Domain Users (S-1-5-21-3829591975-2821165226-2477612932-513),4 ACE(s): ALLOWED:BUILTIN\Administrators (S-1-5-32-544):FULL_CONTROL | ALLOWED:SYSTEM (S-1-5-18):FULL_CONTROL | ALLOWED:Authenticated Users (S-1-5-11):MODIFY | ALLOWED:BUILTIN\Users (S-1-5-32-545):READ_EXECUTE,False,,embedded,extents,False,False,False,False,False,False,1,,,,,,False,405504,,False,
0x710:0x12,test/elvis_dir_papa_805353/elvis_dir_november_478580/xbpt_archive_trace_798923.cfg,xbpt_archive_trace_798923.cfg,.cfg,474347,2026-05-16 16:51:59.7434103,2026-05-16 16:51:53.4908147,2026-05-16 16:51:56.1228807,2026-05-16 16:51:59.7434103,test/elvis_dir_papa_805353/elvis_dir_november_478580,0x710,test/elvis_dir_papa_805353/elvis_dir_november_478580,0x710,0x12,,Archive,5176748164,BUILTIN\Administrators (S-1-5-32-544),Domain Users (S-1-5-21-3829591975-2821165226-2477612932-513),4 ACE(s): ALLOWED:BUILTIN\Administrators (S-1-5-32-544):FULL_CONTROL | ALLOWED:SYSTEM (S-1-5-18):FULL_CONTROL | ALLOWED:Authenticated Users (S-1-5-11):MODIFY | ALLOWED:BUILTIN\Users (S-1-5-32-545):READ_EXECUTE,False,,embedded,extents,False,False,False,False,False,False,1,,,,,,False,475136,,False,
0x710:0x17,test/elvis_dir_papa_805353/elvis_dir_november_478580/xbpt_audit_sync_528794.xml,xbpt_audit_sync_528794.xml,.xml,283618,2026-05-16 16:52:00.8209187,2026-05-16 16:52:00.8219237,2026-05-16 16:52:00.8219237,2026-05-16 16:52:00.8219237,test/elvis_dir_papa_805353/elvis_dir_november_478580,0x710,test/elvis_dir_papa_805353/elvis_dir_november_478580,0x710,0x17,,Archive,5176748164,BUILTIN\Administrators (S-1-5-32-544),Domain Users (S-1-5-21-3829591975-2821165226-2477612932-513),4 ACE(s): ALLOWED:BUILTIN\Administrators (S-1-5-32-544):FULL_CONTROL | ALLOWED:SYSTEM (S-1-5-18):FULL_CONTROL | ALLOWED:Authenticated Users (S-1-5-11):MODIFY | ALLOWED:BUILTIN\Users (S-1-5-32-545):READ_EXECUTE,False,,embedded,extents,False,False,False,False,False,False,1,,,,,,False,286720,,False,
0x702:0x3,test/elvis_dir_papa_805353/elvis_dir_november_478580/xbpt_backup_mike_407434.log,xbpt_backup_mike_407434.log,.log,140609,2021-05-18 07:16:04.9990009,2026-05-16 16:51:54.0313191,2026-05-16 16:51:58.7189188,2026-05-16 16:51:54.0313191,test/elvis_dir_papa_805353/elvis_dir_november_478580,0x710,test,0x702,0x3,,Archive,5176748164,BUILTIN\Administrators (S-1-5-32-544),Domain Users (S-1-5-21-3829591975-2821165226-2477612932-513),4 ACE(s): ALLOWED:BUILTIN\Administrators (S-1-5-32-544):FULL_CONTROL | ALLOWED:SYSTEM (S-1-5-18):FULL_CONTROL | ALLOWED:Authenticated Users (S-1-5-11):MODIFY | ALLOWED:BUILTIN\Users (S-1-5-32-545):READ_EXECUTE,False,,split,extents,False,False,False,False,False,False,1,,,,,,False,143360,,True,MEDIUM:PRE_FORMAT
0x710:0x15,test/elvis_dir_papa_805353/elvis_dir_november_478580/xbpt_beta_echo_977425.bin,xbpt_beta_echo_977425.bin,.bin,60673,2026-05-16 16:52:00.3977193,2026-05-16 16:52:00.3987186,2026-05-16 16:52:00.3987186,2026-05-16 16:52:00.3987186,test/elvis_dir_papa_805353/elvis_dir_november_478580,0x710,test/elvis_dir_papa_805353/elvis_dir_november_478580,0x710,0x15,,Archive,5176748164,BUILTIN\Administrators (S-1-5-32-544),Domain Users (S-1-5-21-3829591975-2821165226-2477612932-513),4 ACE(s): ALLOWED:BUILTIN\Administrators (S-1-5-32-544):FULL_CONTROL | ALLOWED:SYSTEM (S-1-5-18):FULL_CONTROL | ALLOWED:Authenticated Users (S-1-5-11):MODIFY | ALLOWED:BUILTIN\Users (S-1-5-32-545):READ_EXECUTE,False,,embedded,extents,False,False,False,False,False,False,1,,,,,,False,61440,,False,
0x710:0x16,test/elvis_dir_papa_805353/elvis_dir_november_478580/xbpt_config_log_890790.bak,xbpt_config_log_890790.bak,.bak,216460,2026-05-16 16:52:00.7964424,2026-05-16 16:52:00.7984588,2026-05-16 16:52:00.7984588,2026-05-16 16:52:00.7984588,test/elvis_dir_papa_805353/elvis_dir_november_478580,0x710,test/elvis_dir_papa_805353/elvis_dir_november_478580,0x710,0x16,,Archive,5176748164,BUILTIN\Administrators (S-1-5-32-544),Domain Users (S-1-5-21-3829591975-2821165226-2477612932-513),4 ACE(s): ALLOWED:BUILTIN\Administrators (S-1-5-32-544):FULL_CONTROL | ALLOWED:SYSTEM (S-1-5-18):FULL_CONTROL | ALLOWED:Authenticated Users (S-1-5-11):MODIFY | ALLOWED:BUILTIN\Users (S-1-5-32-545):READ_EXECUTE,False,,embedded,extents,False,False,False,False,False,False,1,,,,,,False,217088,,False,
0x710:0xe,test/elvis_dir_papa_805353/elvis_dir_november_478580/xbpt_delta_echo_268401.csv,xbpt_delta_echo_268401.csv,.csv,516104,2024-01-13 07:17:04.4473965,2024-01-13 07:17:04.4473965,2026-05-16 16:52:00.2422138,2024-01-13 07:17:04.4473965,test/elvis_dir_papa_805353/elvis_dir_november_478580,0x710,test/elvis_dir_papa_805353/elvis_dir_november_478580,0x710,0xe,,Archive,5176748164,BUILTIN\Administrators (S-1-5-32-544),Domain Users (S-1-5-21-3829591975-2821165226-2477612932-513),4 ACE(s): ALLOWED:BUILTIN\Administrators (S-1-5-32-544):FULL_CONTROL | ALLOWED:SYSTEM (S-1-5-18):FULL_CONTROL | ALLOWED:Authenticated Users (S-1-5-11):MODIFY | ALLOWED:BUILTIN\Users (S-1-5-32-545):READ_EXECUTE,False,,embedded,extents,False,False,False,False,False,False,1,,,,,,False,520192,,False,MEDIUM:CHANGE_LATE|PRE_FORMAT
0x710:0xd,test/elvis_dir_papa_805353/elvis_dir_november_478580/xbpt_delta_report_275249.dat,xbpt_delta_report_275249.dat,.dat,173269,2026-05-16 16:51:59.0002403,2026-05-16 16:51:56.8793586,2026-05-16 16:51:56.8793586,2026-05-16 16:51:59.0012703,test/elvis_dir_papa_805353/elvis_dir_november_478580,0x710,test/elvis_dir_papa_805353/elvis_dir_november_478580,0x710,0xd,,Archive,5176748164,BUILTIN\Administrators (S-1-5-32-544),Domain Users (S-1-5-21-3829591975-2821165226-2477612932-513),4 ACE(s): ALLOWED:BUILTIN\Administrators (S-1-5-32-544):FULL_CONTROL | ALLOWED:SYSTEM (S-1-5-18):FULL_CONTROL | ALLOWED:Authenticated Users (S-1-5-11):MODIFY | ALLOWED:BUILTIN\Users (S-1-5-32-545):READ_EXECUTE,False,,embedded,extents,False,False,False,False,False,False,1,,,,,,False,176128,,False,
0x70f:0xb,test/elvis_dir_papa_805353/elvis_dir_november_478580/xbpt_hardlink_echo_387599.ini,xbpt_hardlink_echo_387599.ini,.ini,237968,2025-02-09 07:17:09.6819863,2026-05-16 16:52:02.5020831,2026-05-16 16:52:02.5020831,2026-05-16 16:52:02.5020831,test/elvis_dir_papa_805353/elvis_dir_november_478580,0x710,test/elvis_dir_record_449015,0x70f,0xb,,Archive,5176748164,BUILTIN\Administrators (S-1-5-32-544),Domain Users (S-1-5-21-3829591975-2821165226-2477612932-513),4 ACE(s): ALLOWED:BUILTIN\Administrators (S-1-5-32-544):FULL_CONTROL | ALLOWED:SYSTEM (S-1-5-18):FULL_CONTROL | ALLOWED:Authenticated Users (S-1-5-11):MODIFY | ALLOWED:BUILTIN\Users (S-1-5-32-545):READ_EXECUTE,False,,split,extents,False,False,False,False,False,False,1,,,,,,False,241664,,True,MEDIUM:PRE_FORMAT
0x711:0xb,test/elvis_dir_papa_805353/elvis_dir_november_478580/xbpt_hotel_kilo_705007.cfg,xbpt_hotel_kilo_705007.cfg,.cfg,239973,2026-05-16 16:51:58.4206967,2026-05-16 16:51:54.8200316,2026-05-16 16:52:01.3040075,2026-05-16 16:51:58.4216998,test/elvis_dir_papa_805353/elvis_dir_november_478580,0x710,test/elvis_dir_record_449015/elvis_dir_lima_252141/elvis_dir_oscar_306778,0x711,0xb,,Archive,5176748164,BUILTIN\Administrators (S-1-5-32-544),Domain Users (S-1-5-21-3829591975-2821165226-2477612932-513),4 ACE(s): ALLOWED:BUILTIN\Administrators (S-1-5-32-544):FULL_CONTROL | ALLOWED:SYSTEM (S-1-5-18):FULL_CONTROL | ALLOWED:Authenticated Users (S-1-5-11):MODIFY | ALLOWED:BUILTIN\Users (S-1-5-32-545):READ_EXECUTE,False,,split,extents,False,False,False,False,False,False,1,,,,,,False,241664,,True,
0x72f:0x3,test/elvis_dir_papa_805353/elvis_dir_november_478580/xbpt_index_index_579494.cfg,xbpt_index_index_579494.cfg,.cfg,113106,2026-05-16 16:52:00.9791764,2026-05-16 16:52:00.9812382,2026-05-16 16:52:02.9531271,2026-05-16 16:52:00.9812382,test/elvis_dir_papa_805353/elvis_dir_november_478580,0x710,test/elvis_dir_index_149423/elvis_dir_victor_121923,0x72f,0x3,,Archive,5176748164,BUILTIN\Administrators (S-1-5-32-544),Domain Users (S-1-5-21-3829591975-2821165226-2477612932-513),4 ACE(s): ALLOWED:BUILTIN\Administrators (S-1-5-32-544):FULL_CONTROL | ALLOWED:SYSTEM (S-1-5-18):FULL_CONTROL | ALLOWED:Authenticated Users (S-1-5-11):MODIFY | ALLOWED:BUILTIN\Users (S-1-5-32-545):READ_EXECUTE,False,,split,extents,False,False,False,False,False,False,1,,,,,,False,114688,,True,
0x710:0x2,test/elvis_dir_papa_805353/elvis_dir_november_478580/xbpt_kilo_output_350111.log,xbpt_kilo_output_350111.log,.log,333522,2026-05-16 16:51:52.5557898,2026-05-16 16:52:01.4367195,2026-05-16 16:52:01.4367195,2026-05-16 16:52:01.4367195,test/elvis_dir_papa_805353/elvis_dir_november_478580,0x710,test/elvis_dir_papa_805353/elvis_dir_november_478580,0x710,0x2,,Archive,5176748164,BUILTIN\Administrators (S-1-5-32-544),Domain Users (S-1-5-21-3829591975-2821165226-2477612932-513),4 ACE(s): ALLOWED:BUILTIN\Administrators (S-1-5-32-544):FULL_CONTROL | ALLOWED:SYSTEM (S-1-5-18):FULL_CONTROL | ALLOWED:Authenticated Users (S-1-5-11):MODIFY | ALLOWED:BUILTIN\Users (S-1-5-32-545):READ_EXECUTE,False,,embedded,extents,False,False,False,False,False,False,1,,,,,,False,335872,,False,
0x710:0xa,test/elvis_dir_papa_805353/elvis_dir_november_478580/xbpt_lima_temp_514782.csv,xbpt_lima_temp_514782.csv,.csv,552331,2026-05-16 16:51:55.1920731,2026-05-16 16:51:58.7259186,2026-05-16 16:51:58.7259186,2026-05-16 16:51:58.7259186,test/elvis_dir_papa_805353/elvis_dir_november_478580,0x710,test/elvis_dir_papa_805353/elvis_dir_november_478580,0x710,0xa,,Archive,5176748164,BUILTIN\Administrators (S-1-5-32-544),Domain Users (S-1-5-21-3829591975-2821165226-2477612932-513),4 ACE(s): ALLOWED:BUILTIN\Administrators (S-1-5-32-544):FULL_CONTROL | ALLOWED:SYSTEM (S-1-5-18):FULL_CONTROL | ALLOWED:Authenticated Users (S-1-5-11):MODIFY | ALLOWED:BUILTIN\Users (S-1-5-32-545):READ_EXECUTE,False,,embedded,extents,False,False,False,False,False,False,1,,,,,,False,552960,,False,
0x710:0x1d,test/elvis_dir_papa_805353/elvis_dir_november_478580/xbpt_lima_victor_941030.cfg,xbpt_lima_victor_941030.cfg,.cfg,516237,2025-07-16 07:17:35.7846153,2025-07-16 07:17:35.7846153,2026-05-16 16:52:02.7808786,2025-07-16 07:17:35.7846153,test/elvis_dir_papa_805353/elvis_dir_november_478580,0x710,test/elvis_dir_papa_805353/elvis_dir_november_478580,0x710,0x1d,,Archive,5176748164,BUILTIN\Administrators (S-1-5-32-544),Domain Users (S-1-5-21-3829591975-2821165226-2477612932-513),4 ACE(s): ALLOWED:BUILTIN\Administrators (S-1-5-32-544):FULL_CONTROL | ALLOWED:SYSTEM (S-1-5-18):FULL_CONTROL | ALLOWED:Authenticated Users (S-1-5-11):MODIFY | ALLOWED:BUILTIN\Users (S-1-5-32-545):READ_EXECUTE,False,,embedded,extents,False,False,False,False,False,False,1,,,,,,False,520192,,False,MEDIUM:CHANGE_LATE|PRE_FORMAT
0x711:0x4,test/elvis_dir_papa_805353/elvis_dir_november_478580/xbpt_log_output_579275.dat,xbpt_log_output_579275.dat,.dat,123468,2026-05-16 16:51:53.1239603,2026-05-16 16:52:00.9852562,2026-05-16 16:52:00.9852562,2026-05-16 16:52:00.9852562,test/elvis_dir_papa_805353/elvis_dir_november_478580,0x710,test/elvis_dir_record_449015/elvis_dir_lima_252141/elvis_dir_oscar_306778,0x711,0x4,,Archive,5176748164,BUILTIN\Administrators (S-1-5-32-544),Domain Users (S-1-5-21-3829591975-2821165226-2477612932-513),4 ACE(s): ALLOWED:BUILTIN\Administrators (S-1-5-32-544):FULL_CONTROL | ALLOWED:SYSTEM (S-1-5-18):FULL_CONTROL | ALLOWED:Authenticated Users (S-1-5-11):MODIFY | ALLOWED:BUILTIN\Users (S-1-5-32-545):READ_EXECUTE,False,,split,extents,False,False,False,False,False,False,1,,,,,,False,126976,,True,
0x710:0x1b,test/elvis_dir_papa_805353/elvis_dir_november_478580/xbpt_oscar_archive_384713.txt,xbpt_oscar_archive_384713.txt,.txt,163402,2026-05-16 16:52:01.9036176,2026-05-16 16:52:01.9046194,2026-05-16 16:52:01.9046194,2026-05-16 16:52:01.9046194,test/elvis_dir_papa_805353/elvis_dir_november_478580,0x710,test/elvis_dir_papa_805353/elvis_dir_november_478580,0x710,0x1b,,Archive,5176748164,BUILTIN\Administrators (S-1-5-32-544),Domain Users (S-1-5-21-3829591975-2821165226-2477612932-513),4 ACE(s): ALLOWED:BUILTIN\Administrators (S-1-5-32-544):FULL_CONTROL | ALLOWED:SYSTEM (S-1-5-18):FULL_CONTROL | ALLOWED:Authenticated Users (S-1-5-11):MODIFY | ALLOWED:BUILTIN\Users (S-1-5-32-545):READ_EXECUTE,False,,embedded,extents,False,False,False,False,False,False,1,,,,,,False,163840,,False,
0x710:0x7,test/elvis_dir_papa_805353/elvis_dir_november_478580/xbpt_oscar_foxtrot_635028.xml,xbpt_oscar_foxtrot_635028.xml,.xml,392164,2026-05-16 16:51:54.2169570,2026-05-16 16:52:00.1404045,2026-05-16 16:52:00.1404045,2026-05-16 16:52:00.1404045,test/elvis_dir_papa_805353/elvis_dir_november_478580,0x710,test/elvis_dir_papa_805353/elvis_dir_november_478580,0x710,0x7,,Archive,5176748164,BUILTIN\Administrators (S-1-5-32-544),Domain Users (S-1-5-21-3829591975-2821165226-2477612932-513),4 ACE(s): ALLOWED:BUILTIN\Administrators (S-1-5-32-544):FULL_CONTROL | ALLOWED:SYSTEM (S-1-5-18):FULL_CONTROL | ALLOWED:Authenticated Users (S-1-5-11):MODIFY | ALLOWED:BUILTIN\Users (S-1-5-32-545):READ_EXECUTE,False,,embedded,extents,False,False,False,False,False,False,1,,,,,,False,393216,,False,
0x710:0x18,test/elvis_dir_papa_805353/elvis_dir_november_478580/xbpt_papa_index_238422.csv,xbpt_papa_index_238422.csv,.csv,188129,2026-05-16 16:52:01.0661606,2026-05-16 16:52:01.0671653,2026-05-16 16:52:01.0671653,2026-05-16 16:52:01.0671653,test/elvis_dir_papa_805353/elvis_dir_november_478580,0x710,test/elvis_dir_papa_805353/elvis_dir_november_478580,0x710,0x18,,Archive,5176748164,BUILTIN\Administrators (S-1-5-32-544),Domain Users (S-1-5-21-3829591975-2821165226-2477612932-513),4 ACE(s): ALLOWED:BUILTIN\Administrators (S-1-5-32-544):FULL_CONTROL | ALLOWED:SYSTEM (S-1-5-18):FULL_CONTROL | ALLOWED:Authenticated Users (S-1-5-11):MODIFY | ALLOWED:BUILTIN\Users (S-1-5-32-545):READ_EXECUTE,False,,embedded,extents,False,False,False,False,False,False,1,,,,,,False,188416,,False,
0x702:0x22,test/elvis_dir_papa_805353/elvis_dir_november_478580/xbpt_quebec_papa_978800.txt,xbpt_quebec_papa_978800.txt,.txt,30711,2026-05-16 16:52:01.4437170,2026-05-16 16:52:02.6967051,2026-05-16 16:52:02.7970894,2026-05-16 16:52:02.6967051,test/elvis_dir_papa_805353/elvis_dir_november_478580,0x710,test,0x702,0x22,,Archive,5176748164,BUILTIN\Administrators (S-1-5-32-544),Domain Users (S-1-5-21-3829591975-2821165226-2477612932-513),4 ACE(s): ALLOWED:BUILTIN\Administrators (S-1-5-32-544):FULL_CONTROL | ALLOWED:SYSTEM (S-1-5-18):FULL_CONTROL | ALLOWED:Authenticated Users (S-1-5-11):MODIFY | ALLOWED:BUILTIN\Users (S-1-5-32-545):READ_EXECUTE,False,,split,extents,False,False,False,False,False,False,1,,,,,,False,32768,,True,
0x715:0x6,test/elvis_dir_papa_805353/elvis_dir_november_478580/xbpt_sierra_echo_921063.xml,xbpt_sierra_echo_921063.xml,.xml,546650,2025-04-02 07:16:24.8031332,2026-05-16 16:51:55.6924101,2026-05-16 16:51:59.3490525,2026-05-16 16:51:55.6924101,test/elvis_dir_papa_805353/elvis_dir_november_478580,0x710,test/elvis_dir_record_449015/elvis_dir_papa_104235/elvis_dir_sync_718743/elvis_dir_gamma_109016/elvis_dir_zulu_984398/elvis_dir_cache_558805/elvis_dir_sierra_850083,0x715,0x6,,Archive,5176748164,BUILTIN\Administrators (S-1-5-32-544),Domain Users (S-1-5-21-3829591975-2821165226-2477612932-513),4 ACE(s): ALLOWED:BUILTIN\Administrators (S-1-5-32-544):FULL_CONTROL | ALLOWED:SYSTEM (S-1-5-18):FULL_CONTROL | ALLOWED:Authenticated Users (S-1-5-11):MODIFY | ALLOWED:BUILTIN\Users (S-1-5-32-545):READ_EXECUTE,False,,split,extents,False,False,False,False,False,False,1,,,,,,False,548864,,True,MEDIUM:PRE_FORMAT
0x711:0x3,test/elvis_dir_papa_805353/elvis_dir_november_478580/xbpt_tango_echo_291736.csv,xbpt_tango_echo_291736.csv,.csv,219586,2025-04-01 07:16:26.2947244,2026-05-16 16:52:01.3685448,2026-05-16 16:52:01.3685448,2026-05-16 16:52:01.3685448,test/elvis_dir_papa_805353/elvis_dir_november_478580,0x710,test/elvis_dir_record_449015/elvis_dir_lima_252141/elvis_dir_oscar_306778,0x711,0x3,,Archive,5176748164,BUILTIN\Administrators (S-1-5-32-544),Domain Users (S-1-5-21-3829591975-2821165226-2477612932-513),4 ACE(s): ALLOWED:BUILTIN\Administrators (S-1-5-32-544):FULL_CONTROL | ALLOWED:SYSTEM (S-1-5-18):FULL_CONTROL | ALLOWED:Authenticated Users (S-1-5-11):MODIFY | ALLOWED:BUILTIN\Users (S-1-5-32-545):READ_EXECUTE,False,,split,extents,False,False,False,False,False,False,1,,,,,,False,221184,,True,MEDIUM:PRE_FORMAT
0x710:0x8,test/elvis_dir_papa_805353/elvis_dir_november_478580/xbpt_temp_sierra_130629.tmp,xbpt_temp_sierra_130629.tmp,.tmp,407328,2022-02-07 07:16:33.0361865,2022-02-07 07:16:33.0361865,2026-05-16 16:51:56.6473939,2022-02-07 07:16:33.0361865,test/elvis_dir_papa_805353/elvis_dir_november_478580,0x710,test/elvis_dir_papa_805353/elvis_dir_november_478580,0x710,0x8,,Archive,5176748164,BUILTIN\Administrators (S-1-5-32-544),Domain Users (S-1-5-21-3829591975-2821165226-2477612932-513),4 ACE(s): ALLOWED:BUILTIN\Administrators (S-1-5-32-544):FULL_CONTROL | ALLOWED:SYSTEM (S-1-5-18):FULL_CONTROL | ALLOWED:Authenticated Users (S-1-5-11):MODIFY | ALLOWED:BUILTIN\Users (S-1-5-32-545):READ_EXECUTE,False,,embedded,extents,False,False,False,False,False,False,1,,,,,,False,409600,,False,MEDIUM:CHANGE_LATE|PRE_FORMAT
0x710:0x19,test/elvis_dir_papa_805353/elvis_dir_november_478580/xbpt_trace_gamma_651618.dat,xbpt_trace_gamma_651618.dat,.dat,462545,2026-05-16 16:52:01.1238478,2021-10-19 07:16:21.7425212,2026-05-16 16:51:56.1011982,2026-05-16 16:52:01.1238478,test/elvis_dir_papa_805353/elvis_dir_november_478580,0x710,test/elvis_dir_papa_805353/elvis_dir_november_478580,0x710,0x19,,Archive,5176748164,BUILTIN\Administrators (S-1-5-32-544),Domain Users (S-1-5-21-3829591975-2821165226-2477612932-513),4 ACE(s): ALLOWED:BUILTIN\Administrators (S-1-5-32-544):FULL_CONTROL | ALLOWED:SYSTEM (S-1-5-18):FULL_CONTROL | ALLOWED:Authenticated Users (S-1-5-11):MODIFY | ALLOWED:BUILTIN\Users (S-1-5-32-545):READ_EXECUTE,False,,embedded,extents,False,False,False,False,False,False,1,,,,,,False,462848,,False,LOW:CREATE_GT_MODIFY
0x718:0x4,test/elvis_dir_papa_805353/elvis_dir_november_478580/xbpt_victor_tango_152379.bin,xbpt_victor_tango_152379.bin,.bin,505381,2026-05-16 16:51:56.3444502,2026-05-16 16:51:56.3444502,2026-05-16 16:52:00.0718777,2026-05-16 16:51:56.3444502,test/elvis_dir_papa_805353/elvis_dir_november_478580,0x710,test/elvis_dir_record_449015/elvis_dir_papa_104235/elvis_dir_sync_718743/elvis_dir_gamma_109016/elvis_dir_zulu_984398,0x718,0x4,,Archive,5176748164,BUILTIN\Administrators (S-1-5-32-544),Domain Users (S-1-5-21-3829591975-2821165226-2477612932-513),4 ACE(s): ALLOWED:BUILTIN\Administrators (S-1-5-32-544):FULL_CONTROL | ALLOWED:SYSTEM (S-1-5-18):FULL_CONTROL | ALLOWED:Authenticated Users (S-1-5-11):MODIFY | ALLOWED:BUILTIN\Users (S-1-5-32-545):READ_EXECUTE,False,,split,extents,False,False,False,False,False,False,1,,,,,,False,507904,,True,
0x710:0x10,test/elvis_dir_papa_805353/elvis_dir_november_478580/xbpt_yankee_victor_114004.ini,xbpt_yankee_victor_114004.ini,.ini,142209,2026-05-16 16:51:59.6394480,2026-05-16 16:51:59.6418176,2026-05-16 16:51:59.6418176,2026-05-16 16:51:59.6418176,test/elvis_dir_papa_805353/elvis_dir_november_478580,0x710,test/elvis_dir_papa_805353/elvis_dir_november_478580,0x710,0x10,,Archive,5176748164,BUILTIN\Administrators (S-1-5-32-544),Domain Users (S-1-5-21-3829591975-2821165226-2477612932-513),4 ACE(s): ALLOWED:BUILTIN\Administrators (S-1-5-32-544):FULL_CONTROL | ALLOWED:SYSTEM (S-1-5-18):FULL_CONTROL | ALLOWED:Authenticated Users (S-1-5-11):MODIFY | ALLOWED:BUILTIN\Users (S-1-5-32-545):READ_EXECUTE,False,,embedded,extents,False,False,False,False,False,False,1,,,,,,False,143360,,False,
0x725:0x6,test/elvis_dir_papa_805353/xbpt_audit_index_229436.csv,xbpt_audit_index_229436.csv,.csv,307397,2026-05-16 16:52:01.4195412,2026-05-16 16:52:01.4195412,2026-05-16 16:52:01.4195412,2026-05-16 16:52:01.4195412,test/elvis_dir_papa_805353,0x725,test/elvis_dir_papa_805353,0x725,0x6,,Archive,5176748164,BUILTIN\Administrators (S-1-5-32-544),Domain Users (S-1-5-21-3829591975-2821165226-2477612932-513),4 ACE(s): ALLOWED:BUILTIN\Administrators (S-1-5-32-544):FULL_CONTROL | ALLOWED:SYSTEM (S-1-5-18):FULL_CONTROL | ALLOWED:Authenticated Users (S-1-5-11):MODIFY | ALLOWED:BUILTIN\Users (S-1-5-32-545):READ_EXECUTE,False,,embedded,extents,False,False,False,False,False,False,1,,,,,,False,311296,,False,
0x725:0x2,test/elvis_dir_papa_805353/xbpt_mike_oscar_154118.csv,xbpt_mike_oscar_154118.csv,.csv,179320,2026-05-16 16:51:58.3348675,2026-05-16 16:52:00.0075507,2026-05-16 16:52:00.0075507,2026-05-16 16:52:00.0075507,test/elvis_dir_papa_805353,0x725,test/elvis_dir_papa_805353,0x725,0x2,,Archive,5176748164,BUILTIN\Administrators (S-1-5-32-544),Domain Users (S-1-5-21-3829591975-2821165226-2477612932-513),4 ACE(s): ALLOWED:BUILTIN\Administrators (S-1-5-32-544):FULL_CONTROL | ALLOWED:SYSTEM (S-1-5-18):FULL_CONTROL | ALLOWED:Authenticated Users (S-1-5-11):MODIFY | ALLOWED:BUILTIN\Users (S-1-5-32-545):READ_EXECUTE,False,,embedded,extents,False,False,False,False,False,False,1,,,,,,False,180224,,False,
0x725:0x8,test/elvis_dir_papa_805353/xbpt_november_hotel_509136.md,xbpt_november_hotel_509136.md,.md,219663,2026-05-16 16:52:02.0464867,2026-05-16 16:52:02.0464867,2026-05-16 16:52:02.0464867,2026-05-16 16:52:02.0464867,test/elvis_dir_papa_805353,0x725,test/elvis_dir_papa_805353,0x725,0x8,,Archive,5176748164,BUILTIN\Administrators (S-1-5-32-544),Domain Users (S-1-5-21-3829591975-2821165226-2477612932-513),4 ACE(s): ALLOWED:BUILTIN\Administrators (S-1-5-32-544):FULL_CONTROL | ALLOWED:SYSTEM (S-1-5-18):FULL_CONTROL | ALLOWED:Authenticated Users (S-1-5-11):MODIFY | ALLOWED:BUILTIN\Users (S-1-5-32-545):READ_EXECUTE,False,,embedded,extents,False,False,False,False,False,False,1,,,,,,False,221184,,False,
0x725:0x4,test/elvis_dir_papa_805353/xbpt_november_record_124675.bak,xbpt_november_record_124675.bak,.bak,151966,2026-05-16 16:51:59.3012524,2026-05-16 16:51:55.9074605,2026-05-16 16:51:55.9074605,2026-05-16 16:51:59.3012524,test/elvis_dir_papa_805353,0x725,test/elvis_dir_papa_805353,0x725,0x4,,Archive,5176748164,BUILTIN\Administrators (S-1-5-32-544),Domain Users (S-1-5-21-3829591975-2821165226-2477612932-513),4 ACE(s): ALLOWED:BUILTIN\Administrators (S-1-5-32-544):FULL_CONTROL | ALLOWED:SYSTEM (S-1-5-18):FULL_CONTROL | ALLOWED:Authenticated Users (S-1-5-11):MODIFY | ALLOWED:BUILTIN\Users (S-1-5-32-545):READ_EXECUTE,False,,embedded,extents,False,False,False,False,False,False,1,,,,,,False,155648,,False,
0x725:0x5,test/elvis_dir_papa_805353/xbpt_november_sierra_312346.xml,xbpt_november_sierra_312346.xml,.xml,50327,2026-05-16 16:52:01.1432052,2026-05-16 16:52:01.1432052,2026-05-16 16:52:01.1432052,2026-05-16 16:52:01.1432052,test/elvis_dir_papa_805353,0x725,test/elvis_dir_papa_805353,0x725,0x5,,Archive,5176748164,BUILTIN\Administrators (S-1-5-32-544),Domain Users (S-1-5-21-3829591975-2821165226-2477612932-513),4 ACE(s): ALLOWED:BUILTIN\Administrators (S-1-5-32-544):FULL_CONTROL | ALLOWED:SYSTEM (S-1-5-18):FULL_CONTROL | ALLOWED:Authenticated Users (S-1-5-11):MODIFY | ALLOWED:BUILTIN\Users (S-1-5-32-545):READ_EXECUTE,False,,embedded,extents,False,False,False,False,False,False,1,,,,,,False,53248,,False,
0x725:0x7,test/elvis_dir_papa_805353/xbpt_oscar_archive_362034.json,xbpt_oscar_archive_362034.json,.json,191641,2026-05-16 16:52:01.6500459,2026-05-16 16:52:01.6500459,2026-05-16 16:52:01.6500459,2026-05-16 16:52:01.6500459,test/elvis_dir_papa_805353,0x725,test/elvis_dir_papa_805353,0x725,0x7,,Archive,5176748164,BUILTIN\Administrators (S-1-5-32-544),Domain Users (S-1-5-21-3829591975-2821165226-2477612932-513),4 ACE(s): ALLOWED:BUILTIN\Administrators (S-1-5-32-544):FULL_CONTROL | ALLOWED:SYSTEM (S-1-5-18):FULL_CONTROL | ALLOWED:Authenticated Users (S-1-5-11):MODIFY | ALLOWED:BUILTIN\Users (S-1-5-32-545):READ_EXECUTE,False,,embedded,extents,False,False,False,False,False,False,1,,,,,,False,192512,,False,
0x725:0xa,test/elvis_dir_papa_805353/xbpt_papa_victor_656146.log,xbpt_papa_victor_656146.log,.log,214551,2026-05-16 16:52:02.4584309,2026-05-16 16:52:02.4584309,2026-05-16 16:52:02.4584309,2026-05-16 16:52:02.4584309,test/elvis_dir_papa_805353,0x725,test/elvis_dir_papa_805353,0x725,0xa,,Archive,5176748164,BUILTIN\Administrators (S-1-5-32-544),Domain Users (S-1-5-21-3829591975-2821165226-2477612932-513),4 ACE(s): ALLOWED:BUILTIN\Administrators (S-1-5-32-544):FULL_CONTROL | ALLOWED:SYSTEM (S-1-5-18):FULL_CONTROL | ALLOWED:Authenticated Users (S-1-5-11):MODIFY | ALLOWED:BUILTIN\Users (S-1-5-32-545):READ_EXECUTE,False,,embedded,extents,False,False,False,False,False,False,1,,,,,,False,217088,,False,
0x725:0x9,test/elvis_dir_papa_805353/xbpt_temp_data_294711.md,xbpt_temp_data_294711.md,.md,187614,2026-05-16 16:52:02.2591332,2026-05-16 16:52:02.8637959,2026-05-16 16:52:02.8637959,2026-05-16 16:52:02.8637959,test/elvis_dir_papa_805353,0x725,test/elvis_dir_papa_805353,0x725,0x9,,Archive,5176748164,BUILTIN\Administrators (S-1-5-32-544),Domain Users (S-1-5-21-3829591975-2821165226-2477612932-513),4 ACE(s): ALLOWED:BUILTIN\Administrators (S-1-5-32-544):FULL_CONTROL | ALLOWED:SYSTEM (S-1-5-18):FULL_CONTROL | ALLOWED:Authenticated Users (S-1-5-11):MODIFY | ALLOWED:BUILTIN\Users (S-1-5-32-545):READ_EXECUTE,False,,embedded,extents,False,False,False,False,False,False,1,,,,,,False,188416,,False,
0x710:0xc,test/elvis_dir_papa_805353/xbpt_temp_log_141240.cfg,xbpt_temp_log_141240.cfg,.cfg,185084,2026-05-16 16:51:58.8829889,2026-05-16 16:51:59.3740544,2026-05-16 16:51:59.3740544,2026-05-16 16:51:59.3740544,test/elvis_dir_papa_805353,0x725,test/elvis_dir_papa_805353/elvis_dir_november_478580,0x710,0xc,,Archive,5176748164,BUILTIN\Administrators (S-1-5-32-544),Domain Users (S-1-5-21-3829591975-2821165226-2477612932-513),4 ACE(s): ALLOWED:BUILTIN\Administrators (S-1-5-32-544):FULL_CONTROL | ALLOWED:SYSTEM (S-1-5-18):FULL_CONTROL | ALLOWED:Authenticated Users (S-1-5-11):MODIFY | ALLOWED:BUILTIN\Users (S-1-5-32-545):READ_EXECUTE,False,,split,extents,False,False,False,False,False,False,1,,,,,,False,188416,,True,
0x70f,test/elvis_dir_record_449015,elvis_dir_record_449015,,0,2026-05-16 16:51:52.4741306,2026-05-16 16:52:03.0519904,2026-05-16 16:52:03.0519904,2026-05-16 16:52:03.0878593,test,0x702,,,,,Directory_Internal,4831861536,BUILTIN\Administrators (S-1-5-32-544),Domain Users (S-1-5-21-3829591975-2821165226-2477612932-513),7 ACE(s): ALLOWED:BUILTIN\Administrators (S-1-5-32-544):FULL_CONTROL | ALLOWED:SYSTEM (S-1-5-18):FULL_CONTROL | ALLOWED:SYSTEM (S-1-5-18):GENERIC_ALL | ALLOWED:Authenticated Users (S-1-5-11):MODIFY | ALLOWED:Authenticated Users (S-1-5-11):DELETE|GENERIC_EXECUTE|GENERIC_WRITE|GENERIC_READ | ALLOWED:BUILTIN\Users (S-1-5-32-545):READ_EXECUTE | …,False,,,,False,True,False,False,False,False,,,,,,,False,,,False,
0x72a,test/elvis_dir_record_449015/elvis_dir_lima_252141,elvis_dir_lima_252141,,0,2026-05-16 16:51:59.0605457,2026-05-16 16:52:02.7362117,2026-05-16 16:52:02.7362117,2026-05-16 16:52:02.9224036,test/elvis_dir_record_449015,0x70f,,,,,Directory_Internal,4831861536,BUILTIN\Administrators (S-1-5-32-544),Domain Users (S-1-5-21-3829591975-2821165226-2477612932-513),7 ACE(s): ALLOWED:BUILTIN\Administrators (S-1-5-32-544):FULL_CONTROL | ALLOWED:SYSTEM (S-1-5-18):FULL_CONTROL | ALLOWED:SYSTEM (S-1-5-18):GENERIC_ALL | ALLOWED:Authenticated Users (S-1-5-11):MODIFY | ALLOWED:Authenticated Users (S-1-5-11):DELETE|GENERIC_EXECUTE|GENERIC_WRITE|GENERIC_READ | ALLOWED:BUILTIN\Users (S-1-5-32-545):READ_EXECUTE | …,False,,,,False,True,False,False,False,False,,,,,,,False,,,False,
0x711,test/elvis_dir_record_449015/elvis_dir_lima_252141/elvis_dir_oscar_306778,elvis_dir_oscar_306778,,0,2026-05-16 16:51:52.6018207,2026-05-16 16:52:03.0050156,2026-05-16 16:52:03.0050156,2026-05-16 16:52:03.0983105,test/elvis_dir_record_449015/elvis_dir_lima_252141,0x72a,,,,,Directory_Internal,4831861536,BUILTIN\Administrators (S-1-5-32-544),Domain Users (S-1-5-21-3829591975-2821165226-2477612932-513),7 ACE(s): ALLOWED:BUILTIN\Administrators (S-1-5-32-544):FULL_CONTROL | ALLOWED:SYSTEM (S-1-5-18):FULL_CONTROL | ALLOWED:SYSTEM (S-1-5-18):GENERIC_ALL | ALLOWED:Authenticated Users (S-1-5-11):MODIFY | ALLOWED:Authenticated Users (S-1-5-11):DELETE|GENERIC_EXECUTE|GENERIC_WRITE|GENERIC_READ | ALLOWED:BUILTIN\Users (S-1-5-32-545):READ_EXECUTE | …,False,,,,False,True,False,False,False,False,,,,,,,False,,,False,
0x70d,test/elvis_dir_record_449015/elvis_dir_lima_252141/elvis_dir_oscar_306778/elvis_dir_beta_984608,elvis_dir_beta_984608,,0,2026-05-16 16:51:52.1302537,2026-05-16 16:52:00.3192465,2026-05-16 16:52:00.3192465,2026-05-16 16:52:00.3192465,test/elvis_dir_record_449015/elvis_dir_lima_252141/elvis_dir_oscar_306778,0x711,,,,,Directory_Internal,4831861536,BUILTIN\Administrators (S-1-5-32-544),Domain Users (S-1-5-21-3829591975-2821165226-2477612932-513),7 ACE(s): ALLOWED:BUILTIN\Administrators (S-1-5-32-544):FULL_CONTROL | ALLOWED:SYSTEM (S-1-5-18):FULL_CONTROL | ALLOWED:SYSTEM (S-1-5-18):GENERIC_ALL | ALLOWED:Authenticated Users (S-1-5-11):MODIFY | ALLOWED:Authenticated Users (S-1-5-11):DELETE|GENERIC_EXECUTE|GENERIC_WRITE|GENERIC_READ | ALLOWED:BUILTIN\Users (S-1-5-32-545):READ_EXECUTE | …,False,,,,False,True,False,False,False,False,,,,,,,False,,,False,
0x704:0x6,test/elvis_dir_record_449015/elvis_dir_lima_252141/elvis_dir_oscar_306778/elvis_dir_beta_984608/xbpt_cache_zulu_259753.dat,xbpt_cache_zulu_259753.dat,.dat,407804,2026-03-01 07:16:07.6076372,2026-03-01 07:16:07.6076372,2026-05-16 16:52:00.3192465,2026-03-01 07:16:07.6076372,test/elvis_dir_record_449015/elvis_dir_lima_252141/elvis_dir_oscar_306778/elvis_dir_beta_984608,0x70d,test/elvis_dir_record_449015/elvis_dir_papa_104235/elvis_dir_sync_718743/elvis_dir_gamma_109016/elvis_dir_config_541148,0x704,0x6,,Archive,5176748164,BUILTIN\Administrators (S-1-5-32-544),Domain Users (S-1-5-21-3829591975-2821165226-2477612932-513),4 ACE(s): ALLOWED:BUILTIN\Administrators (S-1-5-32-544):FULL_CONTROL | ALLOWED:SYSTEM (S-1-5-18):FULL_CONTROL | ALLOWED:Authenticated Users (S-1-5-11):MODIFY | ALLOWED:BUILTIN\Users (S-1-5-32-545):READ_EXECUTE,False,,split,extents,False,False,False,False,False,False,1,,,,,,False,409600,,True,MEDIUM:CHANGE_LATE|PRE_FORMAT
0x70d:0x3,test/elvis_dir_record_449015/elvis_dir_lima_252141/elvis_dir_oscar_306778/elvis_dir_beta_984608/xbpt_delta_india_877880.dat,xbpt_delta_india_877880.dat,.dat,401806,2026-05-16 16:51:52.2247091,2026-05-16 16:51:59.5451599,2026-05-16 16:51:59.5451599,2026-05-16 16:51:59.5451599,test/elvis_dir_record_449015/elvis_dir_lima_252141/elvis_dir_oscar_306778/elvis_dir_beta_984608,0x70d,test/elvis_dir_record_449015/elvis_dir_lima_252141/elvis_dir_oscar_306778/elvis_dir_beta_984608,0x70d,0x3,,Archive,5176748164,BUILTIN\Administrators (S-1-5-32-544),Domain Users (S-1-5-21-3829591975-2821165226-2477612932-513),4 ACE(s): ALLOWED:BUILTIN\Administrators (S-1-5-32-544):FULL_CONTROL | ALLOWED:SYSTEM (S-1-5-18):FULL_CONTROL | ALLOWED:Authenticated Users (S-1-5-11):MODIFY | ALLOWED:BUILTIN\Users (S-1-5-32-545):READ_EXECUTE,False,,embedded,extents,False,False,False,False,False,False,1,,,,,,False,405504,,False,
0x70b:0x3,test/elvis_dir_record_449015/elvis_dir_lima_252141/elvis_dir_oscar_306778/elvis_dir_beta_984608/xbpt_delta_temp_981764.tmp,xbpt_delta_temp_981764.tmp,.tmp,408171,2023-08-26 07:16:12.5023383,2023-08-26 07:16:12.5023383,2026-05-16 16:51:52.9574721,2023-08-26 07:16:12.5023383,test/elvis_dir_record_449015/elvis_dir_lima_252141/elvis_dir_oscar_306778/elvis_dir_beta_984608,0x70d,test/elvis_dir_record_449015/elvis_dir_papa_104235/elvis_dir_sync_718743/elvis_dir_gamma_109016/elvis_dir_zulu_984398/elvis_dir_cache_558805,0x70b,0x3,,Archive,5176748164,BUILTIN\Administrators (S-1-5-32-544),Domain Users (S-1-5-21-3829591975-2821165226-2477612932-513),4 ACE(s): ALLOWED:BUILTIN\Administrators (S-1-5-32-544):FULL_CONTROL | ALLOWED:SYSTEM (S-1-5-18):FULL_CONTROL | ALLOWED:Authenticated Users (S-1-5-11):MODIFY | ALLOWED:BUILTIN\Users (S-1-5-32-545):READ_EXECUTE,False,,split,extents,False,False,False,False,False,False,1,,,,,,False,409600,,True,MEDIUM:CHANGE_LATE|PRE_FORMAT
0x70d:0x4,test/elvis_dir_record_449015/elvis_dir_lima_252141/elvis_dir_oscar_306778/elvis_dir_beta_984608/xbpt_mike_quebec_329740.dat,xbpt_mike_quebec_329740.dat,.dat,11844,2026-05-16 16:51:52.3220422,2026-05-16 16:51:57.0083018,2026-05-16 16:51:57.0083018,2026-05-16 16:51:57.0083018,test/elvis_dir_record_449015/elvis_dir_lima_252141/elvis_dir_oscar_306778/elvis_dir_beta_984608,0x70d,test/elvis_dir_record_449015/elvis_dir_lima_252141/elvis_dir_oscar_306778/elvis_dir_beta_984608,0x70d,0x4,,Archive,5176748164,BUILTIN\Administrators (S-1-5-32-544),Domain Users (S-1-5-21-3829591975-2821165226-2477612932-513),4 ACE(s): ALLOWED:BUILTIN\Administrators (S-1-5-32-544):FULL_CONTROL | ALLOWED:SYSTEM (S-1-5-18):FULL_CONTROL | ALLOWED:Authenticated Users (S-1-5-11):MODIFY | ALLOWED:BUILTIN\Users (S-1-5-32-545):READ_EXECUTE,False,,embedded,extents,False,False,False,False,False,False,1,,,,,,False,12288,,False,
0x719,test/elvis_dir_record_449015/elvis_dir_lima_252141/elvis_dir_oscar_306778/elvis_dir_cache_505509,elvis_dir_cache_505509,,0,2026-05-16 16:51:54.8284328,2026-05-16 16:52:01.8313774,2026-05-16 16:52:01.8313774,2026-05-16 16:52:01.8313774,test/elvis_dir_record_449015/elvis_dir_lima_252141/elvis_dir_oscar_306778,0x711,,,,,Directory_Internal,4831861536,BUILTIN\Administrators (S-1-5-32-544),Domain Users (S-1-5-21-3829591975-2821165226-2477612932-513),7 ACE(s): ALLOWED:BUILTIN\Administrators (S-1-5-32-544):FULL_CONTROL | ALLOWED:SYSTEM (S-1-5-18):FULL_CONTROL | ALLOWED:SYSTEM (S-1-5-18):GENERIC_ALL | ALLOWED:Authenticated Users (S-1-5-11):MODIFY | ALLOWED:Authenticated Users (S-1-5-11):DELETE|GENERIC_EXECUTE|GENERIC_WRITE|GENERIC_READ | ALLOWED:BUILTIN\Users (S-1-5-32-545):READ_EXECUTE | …,False,,,,False,True,False,False,False,False,,,,,,,False,,,False,
0x719:0x3,test/elvis_dir_record_449015/elvis_dir_lima_252141/elvis_dir_oscar_306778/elvis_dir_cache_505509/xbpt_mike_trace_701071.dat,xbpt_mike_trace_701071.dat,.dat,8103,2026-05-16 16:51:55.6442296,2026-05-16 16:51:55.6442296,2026-05-16 16:51:59.2023192,2026-05-16 16:51:55.6442296,test/elvis_dir_record_449015/elvis_dir_lima_252141/elvis_dir_oscar_306778/elvis_dir_cache_505509,0x719,test/elvis_dir_record_449015/elvis_dir_lima_252141/elvis_dir_oscar_306778/elvis_dir_cache_505509,0x719,0x3,,Archive,5176748164,BUILTIN\Administrators (S-1-5-32-544),Domain Users (S-1-5-21-3829591975-2821165226-2477612932-513),4 ACE(s): ALLOWED:BUILTIN\Administrators (S-1-5-32-544):FULL_CONTROL | ALLOWED:SYSTEM (S-1-5-18):FULL_CONTROL | ALLOWED:Authenticated Users (S-1-5-11):MODIFY | ALLOWED:BUILTIN\Users (S-1-5-32-545):READ_EXECUTE,False,,embedded,extents,False,False,False,False,False,False,1,,,,,,False,8192,,False,
0x712,test/elvis_dir_record_449015/elvis_dir_lima_252141/elvis_dir_oscar_306778/elvis_dir_record_901264,elvis_dir_record_901264,,0,2026-05-16 16:51:52.7357903,2026-05-16 16:51:57.4138828,2026-05-16 16:51:57.4138828,2026-05-16 16:51:57.4138828,test/elvis_dir_record_449015/elvis_dir_lima_252141/elvis_dir_oscar_306778,0x711,,,,,Directory_Internal,4831861536,BUILTIN\Administrators (S-1-5-32-544),Domain Users (S-1-5-21-3829591975-2821165226-2477612932-513),7 ACE(s): ALLOWED:BUILTIN\Administrators (S-1-5-32-544):FULL_CONTROL | ALLOWED:SYSTEM (S-1-5-18):FULL_CONTROL | ALLOWED:SYSTEM (S-1-5-18):GENERIC_ALL | ALLOWED:Authenticated Users (S-1-5-11):MODIFY | ALLOWED:Authenticated Users (S-1-5-11):DELETE|GENERIC_EXECUTE|GENERIC_WRITE|GENERIC_READ | ALLOWED:BUILTIN\Users (S-1-5-32-545):READ_EXECUTE | …,False,,,,False,True,False,False,False,False,,,,,,,False,,,False,
0x703:0x5,test/elvis_dir_record_449015/elvis_dir_lima_252141/elvis_dir_oscar_306778/elvis_dir_record_901264/xbpt_audit_config_255291.dat,xbpt_audit_config_255291.dat,.dat,462545,2021-10-19 07:16:21.7425212,2021-10-19 07:16:21.7425212,2026-05-16 16:51:56.1011982,2021-10-19 07:16:21.7425212,test/elvis_dir_record_449015/elvis_dir_lima_252141/elvis_dir_oscar_306778/elvis_dir_record_901264,0x712,test/elvis_dir_record_449015/elvis_dir_papa_104235/elvis_dir_sync_718743/elvis_dir_gamma_603462,0x703,0x5,,Archive,5176748164,BUILTIN\Administrators (S-1-5-32-544),Domain Users (S-1-5-21-3829591975-2821165226-2477612932-513),4 ACE(s): ALLOWED:BUILTIN\Administrators (S-1-5-32-544):FULL_CONTROL | ALLOWED:SYSTEM (S-1-5-18):FULL_CONTROL | ALLOWED:Authenticated Users (S-1-5-11):MODIFY | ALLOWED:BUILTIN\Users (S-1-5-32-545):READ_EXECUTE,False,,split,extents,False,False,False,False,False,False,1,,,,,,False,462848,,True,MEDIUM:CHANGE_LATE|PRE_FORMAT
0x712:0x5,test/elvis_dir_record_449015/elvis_dir_lima_252141/elvis_dir_oscar_306778/elvis_dir_record_901264/xbpt_beta_report_756229.csv,xbpt_beta_report_756229.csv,.csv,184020,2026-05-16 16:51:56.2971810,2026-05-16 16:52:00.1218908,2026-05-16 16:52:00.1218908,2026-05-16 16:52:00.1218908,test/elvis_dir_record_449015/elvis_dir_lima_252141/elvis_dir_oscar_306778/elvis_dir_record_901264,0x712,test/elvis_dir_record_449015/elvis_dir_lima_252141/elvis_dir_oscar_306778/elvis_dir_record_901264,0x712,0x5,,Archive,5176748164,BUILTIN\Administrators (S-1-5-32-544),Domain Users (S-1-5-21-3829591975-2821165226-2477612932-513),4 ACE(s): ALLOWED:BUILTIN\Administrators (S-1-5-32-544):FULL_CONTROL | ALLOWED:SYSTEM (S-1-5-18):FULL_CONTROL | ALLOWED:Authenticated Users (S-1-5-11):MODIFY | ALLOWED:BUILTIN\Users (S-1-5-32-545):READ_EXECUTE,False,,embedded,extents,False,False,False,False,False,False,1,,,,,,False,184320,,False,
0x712:0x2,test/elvis_dir_record_449015/elvis_dir_lima_252141/elvis_dir_oscar_306778/elvis_dir_record_901264/xbpt_november_cache_127869.dat,xbpt_november_cache_127869.dat,.dat,173269,2026-05-16 16:51:53.1729692,2026-05-16 16:51:56.8793586,2026-05-16 16:51:56.8793586,2026-05-16 16:51:56.8793586,test/elvis_dir_record_449015/elvis_dir_lima_252141/elvis_dir_oscar_306778/elvis_dir_record_901264,0x712,test/elvis_dir_record_449015/elvis_dir_lima_252141/elvis_dir_oscar_306778/elvis_dir_record_901264,0x712,0x2,,Archive,5176748164,BUILTIN\Administrators (S-1-5-32-544),Domain Users (S-1-5-21-3829591975-2821165226-2477612932-513),4 ACE(s): ALLOWED:BUILTIN\Administrators (S-1-5-32-544):FULL_CONTROL | ALLOWED:SYSTEM (S-1-5-18):FULL_CONTROL | ALLOWED:Authenticated Users (S-1-5-11):MODIFY | ALLOWED:BUILTIN\Users (S-1-5-32-545):READ_EXECUTE,False,,embedded,extents,False,False,False,False,False,False,1,,,,,,False,176128,,False,
0x712:0x3,test/elvis_dir_record_449015/elvis_dir_lima_252141/elvis_dir_oscar_306778/elvis_dir_record_901264/xbpt_zulu_trace_481495.md,xbpt_zulu_trace_481495.md,.md,429380,2024-06-07 07:17:11.2423573,2024-06-07 07:17:11.2423573,2026-05-16 16:52:00.9154031,2024-06-07 07:17:11.2423573,test/elvis_dir_record_449015/elvis_dir_lima_252141/elvis_dir_oscar_306778/elvis_dir_record_901264,0x712,test/elvis_dir_record_449015/elvis_dir_lima_252141/elvis_dir_oscar_306778/elvis_dir_record_901264,0x712,0x3,,Archive,5176748164,BUILTIN\Administrators (S-1-5-32-544),Domain Users (S-1-5-21-3829591975-2821165226-2477612932-513),4 ACE(s): ALLOWED:BUILTIN\Administrators (S-1-5-32-544):FULL_CONTROL | ALLOWED:SYSTEM (S-1-5-18):FULL_CONTROL | ALLOWED:Authenticated Users (S-1-5-11):MODIFY | ALLOWED:BUILTIN\Users (S-1-5-32-545):READ_EXECUTE,False,,embedded,extents,False,False,False,False,False,False,1,,,,,,False,430080,,False,MEDIUM:CHANGE_LATE|PRE_FORMAT
0x711:0x6,test/elvis_dir_record_449015/elvis_dir_lima_252141/elvis_dir_oscar_306778/xbpt_backup_echo_585708.csv,xbpt_backup_echo_585708.csv,.csv,219827,2022-06-17 07:16:38.2016426,2022-06-17 07:16:38.2016426,2026-05-16 16:51:57.3830335,2022-06-17 07:16:38.2016426,test/elvis_dir_record_449015/elvis_dir_lima_252141/elvis_dir_oscar_306778,0x711,test/elvis_dir_record_449015/elvis_dir_lima_252141/elvis_dir_oscar_306778,0x711,0x6,,Archive,5176748164,BUILTIN\Administrators (S-1-5-32-544),Domain Users (S-1-5-21-3829591975-2821165226-2477612932-513),4 ACE(s): ALLOWED:BUILTIN\Administrators (S-1-5-32-544):FULL_CONTROL | ALLOWED:SYSTEM (S-1-5-18):FULL_CONTROL | ALLOWED:Authenticated Users (S-1-5-11):MODIFY | ALLOWED:BUILTIN\Users (S-1-5-32-545):READ_EXECUTE,False,,embedded,extents,False,False,False,False,False,False,1,,,,,,False,221184,,False,MEDIUM:CHANGE_LATE|PRE_FORMAT
0x711:0x7,test/elvis_dir_record_449015/elvis_dir_lima_252141/elvis_dir_oscar_306778/xbpt_beta_archive_448246.ini,xbpt_beta_archive_448246.ini,.ini,371711,2026-05-16 16:51:54.8887235,2026-05-16 16:51:58.7087232,2026-05-16 16:52:00.1918042,2026-05-16 16:51:58.7087232,test/elvis_dir_record_449015/elvis_dir_lima_252141/elvis_dir_oscar_306778,0x711,test/elvis_dir_record_449015/elvis_dir_lima_252141/elvis_dir_oscar_306778,0x711,0x7,,Archive,5176748164,BUILTIN\Administrators (S-1-5-32-544),Domain Users (S-1-5-21-3829591975-2821165226-2477612932-513),4 ACE(s): ALLOWED:BUILTIN\Administrators (S-1-5-32-544):FULL_CONTROL | ALLOWED:SYSTEM (S-1-5-18):FULL_CONTROL | ALLOWED:Authenticated Users (S-1-5-11):MODIFY | ALLOWED:BUILTIN\Users (S-1-5-32-545):READ_EXECUTE,False,,embedded,extents,False,False,False,False,False,False,1,,,,,,False,372736,,False,
0x711:0x2,test/elvis_dir_record_449015/elvis_dir_lima_252141/elvis_dir_oscar_306778/xbpt_draft_oscar_719333.tmp,xbpt_draft_oscar_719333.tmp,.tmp,408171,2026-05-16 16:51:52.6447094,2026-05-16 16:51:52.1957001,2026-05-16 16:52:00.6958759,2026-05-16 16:51:52.6458548,test/elvis_dir_record_449015/elvis_dir_lima_252141/elvis_dir_oscar_306778,0x711,test/elvis_dir_record_449015/elvis_dir_lima_252141/elvis_dir_oscar_306778,0x711,0x2,,Archive,5176748164,BUILTIN\Administrators (S-1-5-32-544),Domain Users (S-1-5-21-3829591975-2821165226-2477612932-513),4 ACE(s): ALLOWED:BUILTIN\Administrators (S-1-5-32-544):FULL_CONTROL | ALLOWED:SYSTEM (S-1-5-18):FULL_CONTROL | ALLOWED:Authenticated Users (S-1-5-11):MODIFY | ALLOWED:BUILTIN\Users (S-1-5-32-545):READ_EXECUTE,False,,embedded,extents,False,False,False,False,False,False,1,,,,,,False,409600,,False,
0x711:0x12,test/elvis_dir_record_449015/elvis_dir_lima_252141/elvis_dir_oscar_306778/xbpt_kilo_beta_246643.bin,xbpt_kilo_beta_246643.bin,.bin,96238,2026-05-16 16:52:02.2859834,2026-05-16 16:52:02.2869877,2026-05-16 16:52:02.2869877,2026-05-16 16:52:02.2869877,test/elvis_dir_record_449015/elvis_dir_lima_252141/elvis_dir_oscar_306778,0x711,test/elvis_dir_record_449015/elvis_dir_lima_252141/elvis_dir_oscar_306778,0x711,0x12,,Archive,5176748164,BUILTIN\Administrators (S-1-5-32-544),Domain Users (S-1-5-21-3829591975-2821165226-2477612932-513),4 ACE(s): ALLOWED:BUILTIN\Administrators (S-1-5-32-544):FULL_CONTROL | ALLOWED:SYSTEM (S-1-5-18):FULL_CONTROL | ALLOWED:Authenticated Users (S-1-5-11):MODIFY | ALLOWED:BUILTIN\Users (S-1-5-32-545):READ_EXECUTE,False,,embedded,extents,False,False,False,False,False,False,1,,,,,,False,98304,,False,
0x711:0x14,test/elvis_dir_record_449015/elvis_dir_lima_252141/elvis_dir_oscar_306778/xbpt_large_7mb_india_845613.txt,xbpt_large_7mb_india_845613.txt,.txt,7340032,2026-05-16 16:52:03.0050156,2026-05-16 16:52:03.0050156,2026-05-16 16:52:03.0050156,2026-05-16 16:52:03.0050156,test/elvis_dir_record_449015/elvis_dir_lima_252141/elvis_dir_oscar_306778,0x711,test/elvis_dir_record_449015/elvis_dir_lima_252141/elvis_dir_oscar_306778,0x711,0x14,,Archive,5176748164,BUILTIN\Administrators (S-1-5-32-544),Domain Users (S-1-5-21-3829591975-2821165226-2477612932-513),4 ACE(s): ALLOWED:BUILTIN\Administrators (S-1-5-32-544):FULL_CONTROL | ALLOWED:SYSTEM (S-1-5-18):FULL_CONTROL | ALLOWED:Authenticated Users (S-1-5-11):MODIFY | ALLOWED:BUILTIN\Users (S-1-5-32-545):READ_EXECUTE,False,,embedded,extents,False,False,False,False,False,False,1,,,,,,False,7340032,,False,
0x711:0x13,test/elvis_dir_record_449015/elvis_dir_lima_252141/elvis_dir_oscar_306778/xbpt_large_86mb_india_568540.txt,xbpt_large_86mb_india_568540.txt,.txt,90177536,2026-05-16 16:52:03.0000252,2026-05-16 16:52:03.0011361,2026-05-16 16:52:03.0011361,2026-05-16 16:52:03.0011361,test/elvis_dir_record_449015/elvis_dir_lima_252141/elvis_dir_oscar_306778,0x711,test/elvis_dir_record_449015/elvis_dir_lima_252141/elvis_dir_oscar_306778,0x711,0x13,,Archive,5176748164,BUILTIN\Administrators (S-1-5-32-544),Domain Users (S-1-5-21-3829591975-2821165226-2477612932-513),4 ACE(s): ALLOWED:BUILTIN\Administrators (S-1-5-32-544):FULL_CONTROL | ALLOWED:SYSTEM (S-1-5-18):FULL_CONTROL | ALLOWED:Authenticated Users (S-1-5-11):MODIFY | ALLOWED:BUILTIN\Users (S-1-5-32-545):READ_EXECUTE,False,,embedded,extents,False,False,False,False,False,False,1,,,,,,False,90177536,,False,
0x711:0xe,test/elvis_dir_record_449015/elvis_dir_lima_252141/elvis_dir_oscar_306778/xbpt_log_romeo_319918.txt,xbpt_log_romeo_319918.txt,.txt,8137,2026-05-16 16:51:59.8757242,2026-05-16 16:51:59.8757242,2026-05-16 16:51:59.8757242,2026-05-16 16:51:59.8757242,test/elvis_dir_record_449015/elvis_dir_lima_252141/elvis_dir_oscar_306778,0x711,test/elvis_dir_record_449015/elvis_dir_lima_252141/elvis_dir_oscar_306778,0x711,0xe,,Archive,5176748164,BUILTIN\Administrators (S-1-5-32-544),Domain Users (S-1-5-21-3829591975-2821165226-2477612932-513),4 ACE(s): ALLOWED:BUILTIN\Administrators (S-1-5-32-544):FULL_CONTROL | ALLOWED:SYSTEM (S-1-5-18):FULL_CONTROL | ALLOWED:Authenticated Users (S-1-5-11):MODIFY | ALLOWED:BUILTIN\Users (S-1-5-32-545):READ_EXECUTE,False,,embedded,extents,False,False,False,False,False,False,1,,,,,,False,8192,,False,
0x711:0xa,test/elvis_dir_record_449015/elvis_dir_lima_252141/elvis_dir_oscar_306778/xbpt_mike_trace_484217.ini,xbpt_mike_trace_484217.ini,.ini,363952,2026-05-16 16:51:58.0162654,2026-05-16 16:51:58.0182916,2026-05-16 16:51:58.0182916,2026-05-16 16:51:58.0182916,test/elvis_dir_record_449015/elvis_dir_lima_252141/elvis_dir_oscar_306778,0x711,test/elvis_dir_record_449015/elvis_dir_lima_252141/elvis_dir_oscar_306778,0x711,0xa,,Archive,5176748164,BUILTIN\Administrators (S-1-5-32-544),Domain Users (S-1-5-21-3829591975-2821165226-2477612932-513),4 ACE(s): ALLOWED:BUILTIN\Administrators (S-1-5-32-544):FULL_CONTROL | ALLOWED:SYSTEM (S-1-5-18):FULL_CONTROL | ALLOWED:Authenticated Users (S-1-5-11):MODIFY | ALLOWED:BUILTIN\Users (S-1-5-32-545):READ_EXECUTE,False,,embedded,extents,False,False,False,False,False,False,1,,,,,,False,364544,,False,
0x703:0x9,test/elvis_dir_record_449015/elvis_dir_lima_252141/elvis_dir_oscar_306778/xbpt_mike_uniform_215836.txt,xbpt_mike_uniform_215836.txt,.txt,236094,2026-05-16 16:51:51.2509347,2026-05-16 16:51:52.3594981,2026-05-16 16:51:53.9495787,2026-05-16 16:51:52.3594981,test/elvis_dir_record_449015/elvis_dir_lima_252141/elvis_dir_oscar_306778,0x711,test/elvis_dir_record_449015/elvis_dir_papa_104235/elvis_dir_sync_718743/elvis_dir_gamma_603462,0x703,0x9,,Archive,5176748164,BUILTIN\Administrators (S-1-5-32-544),Domain Users (S-1-5-21-3829591975-2821165226-2477612932-513),4 ACE(s): ALLOWED:BUILTIN\Administrators (S-1-5-32-544):FULL_CONTROL | ALLOWED:SYSTEM (S-1-5-18):FULL_CONTROL | ALLOWED:Authenticated Users (S-1-5-11):MODIFY | ALLOWED:BUILTIN\Users (S-1-5-32-545):READ_EXECUTE,False,,split,extents,False,False,False,False,False,False,1,,,,,,False,237568,,True,
0x711:0x10,test/elvis_dir_record_449015/elvis_dir_lima_252141/elvis_dir_oscar_306778/xbpt_report_india_560484.txt,xbpt_report_india_560484.txt,.txt,318104,2026-05-16 16:52:01.6855932,2026-05-16 16:52:01.6865956,2026-05-16 16:52:01.6865956,2026-05-16 16:52:01.6865956,test/elvis_dir_record_449015/elvis_dir_lima_252141/elvis_dir_oscar_306778,0x711,test/elvis_dir_record_449015/elvis_dir_lima_252141/elvis_dir_oscar_306778,0x711,0x10,,Archive,5176748164,BUILTIN\Administrators (S-1-5-32-544),Domain Users (S-1-5-21-3829591975-2821165226-2477612932-513),4 ACE(s): ALLOWED:BUILTIN\Administrators (S-1-5-32-544):FULL_CONTROL | ALLOWED:SYSTEM (S-1-5-18):FULL_CONTROL | ALLOWED:Authenticated Users (S-1-5-11):MODIFY | ALLOWED:BUILTIN\Users (S-1-5-32-545):READ_EXECUTE,False,,embedded,extents,False,False,False,False,False,False,1,,,,,,False,319488,,False,
0x703:0x8,test/elvis_dir_record_449015/elvis_dir_lima_252141/elvis_dir_oscar_306778/xbpt_romeo_output_531365.cfg,xbpt_romeo_output_531365.cfg,.cfg,97673,2022-08-02 07:16:28.1705690,2026-05-16 16:51:56.2599612,2026-05-16 16:51:56.4199355,2026-05-16 16:51:56.2599612,test/elvis_dir_record_449015/elvis_dir_lima_252141/elvis_dir_oscar_306778,0x711,test/elvis_dir_record_449015/elvis_dir_papa_104235/elvis_dir_sync_718743/elvis_dir_gamma_603462,0x703,0x8,,Archive,5176748164,BUILTIN\Administrators (S-1-5-32-544),Domain Users (S-1-5-21-3829591975-2821165226-2477612932-513),4 ACE(s): ALLOWED:BUILTIN\Administrators (S-1-5-32-544):FULL_CONTROL | ALLOWED:SYSTEM (S-1-5-18):FULL_CONTROL | ALLOWED:Authenticated Users (S-1-5-11):MODIFY | ALLOWED:BUILTIN\Users (S-1-5-32-545):READ_EXECUTE,False,,split,extents,False,False,False,False,False,False,2,test/elvis_dir_record_449015/elvis_dir_lima_252141/elvis_dir_oscar_306778/xbpt_romeo_output_531365.cfg;test/elvis_dir_record_449015/elvis_dir_papa_104235/elvis_dir_sync_718743/elvis_dir_gamma_109016/elvis_dir_zulu_984398/elvis_dir_cache_558805/xbpt_hardlink_audit_219848.cfg,,,,,False,98304,,False,HIGH:HARDLINK_MACB_MISMATCH|PRE_FORMAT
0x711:0xf,test/elvis_dir_record_449015/elvis_dir_lima_252141/elvis_dir_oscar_306778/xbpt_sync_echo_156375.ini,xbpt_sync_echo_156375.ini,.ini,166671,2026-05-16 16:52:00.1684498,2026-05-16 16:51:57.6902672,2026-05-16 16:51:57.6902672,2026-05-16 16:52:00.1694580,test/elvis_dir_record_449015/elvis_dir_lima_252141/elvis_dir_oscar_306778,0x711,test/elvis_dir_record_449015/elvis_dir_lima_252141/elvis_dir_oscar_306778,0x711,0xf,,Archive,5176748164,BUILTIN\Administrators (S-1-5-32-544),Domain Users (S-1-5-21-3829591975-2821165226-2477612932-513),4 ACE(s): ALLOWED:BUILTIN\Administrators (S-1-5-32-544):FULL_CONTROL | ALLOWED:SYSTEM (S-1-5-18):FULL_CONTROL | ALLOWED:Authenticated Users (S-1-5-11):MODIFY | ALLOWED:BUILTIN\Users (S-1-5-32-545):READ_EXECUTE,False,,embedded,extents,False,False,False,False,False,False,1,,,,,,False,167936,,False,
0x711:0xd,test/elvis_dir_record_449015/elvis_dir_lima_252141/elvis_dir_oscar_306778/xbpt_temp_mike_134457.bak,xbpt_temp_mike_134457.bak,.bak,129835,2025-12-30 07:17:16.4645071,2025-12-30 07:17:16.4645071,2026-05-16 16:52:01.2545106,2025-12-30 07:17:16.4645071,test/elvis_dir_record_449015/elvis_dir_lima_252141/elvis_dir_oscar_306778,0x711,test/elvis_dir_record_449015/elvis_dir_lima_252141/elvis_dir_oscar_306778,0x711,0xd,,Archive,5176748164,BUILTIN\Administrators (S-1-5-32-544),Domain Users (S-1-5-21-3829591975-2821165226-2477612932-513),4 ACE(s): ALLOWED:BUILTIN\Administrators (S-1-5-32-544):FULL_CONTROL | ALLOWED:SYSTEM (S-1-5-18):FULL_CONTROL | ALLOWED:Authenticated Users (S-1-5-11):MODIFY | ALLOWED:BUILTIN\Users (S-1-5-32-545):READ_EXECUTE,False,,embedded,extents,False,False,False,False,False,False,1,,,,,,False,131072,,False,MEDIUM:CHANGE_LATE|PRE_FORMAT
0x711:0x11,test/elvis_dir_record_449015/elvis_dir_lima_252141/elvis_dir_oscar_306778/xbpt_trace_delta_811163.txt,xbpt_trace_delta_811163.txt,.txt,500541,2026-05-16 16:52:01.7831332,2026-05-16 16:52:01.7831332,2026-05-16 16:52:01.7831332,2026-05-16 16:52:01.7831332,test/elvis_dir_record_449015/elvis_dir_lima_252141/elvis_dir_oscar_306778,0x711,test/elvis_dir_record_449015/elvis_dir_lima_252141/elvis_dir_oscar_306778,0x711,0x11,,Archive,5176748164,BUILTIN\Administrators (S-1-5-32-544),Domain Users (S-1-5-21-3829591975-2821165226-2477612932-513),4 ACE(s): ALLOWED:BUILTIN\Administrators (S-1-5-32-544):FULL_CONTROL | ALLOWED:SYSTEM (S-1-5-18):FULL_CONTROL | ALLOWED:Authenticated Users (S-1-5-11):MODIFY | ALLOWED:BUILTIN\Users (S-1-5-32-545):READ_EXECUTE,False,,embedded,extents,False,False,False,False,False,False,1,,,,,,False,503808,,False,
0x711:0xc,test/elvis_dir_record_449015/elvis_dir_lima_252141/elvis_dir_oscar_306778/xbpt_yankee_tango_103961.bin,xbpt_yankee_tango_103961.bin,.bin,490481,2026-05-16 16:51:58.8963637,2026-05-16 16:51:58.8973563,2026-05-16 16:51:58.8973563,2026-05-16 16:51:58.8973563,test/elvis_dir_record_449015/elvis_dir_lima_252141/elvis_dir_oscar_306778,0x711,test/elvis_dir_record_449015/elvis_dir_lima_252141/elvis_dir_oscar_306778,0x711,0xc,,Archive,5176748164,BUILTIN\Administrators (S-1-5-32-544),Domain Users (S-1-5-21-3829591975-2821165226-2477612932-513),4 ACE(s): ALLOWED:BUILTIN\Administrators (S-1-5-32-544):FULL_CONTROL | ALLOWED:SYSTEM (S-1-5-18):FULL_CONTROL | ALLOWED:Authenticated Users (S-1-5-11):MODIFY | ALLOWED:BUILTIN\Users (S-1-5-32-545):READ_EXECUTE,False,,embedded,extents,False,False,False,False,False,False,1,,,,,,False,491520,,False,
0x715:0x7,test/elvis_dir_record_449015/elvis_dir_lima_252141/elvis_dir_oscar_306778/xbpt_zulu_hotel_433348.log,xbpt_zulu_hotel_433348.log,.log,283500,2026-05-16 16:51:54.5705165,2026-05-16 16:51:53.3972742,2026-05-16 16:51:56.8998872,2026-05-16 16:51:54.5769486,test/elvis_dir_record_449015/elvis_dir_lima_252141/elvis_dir_oscar_306778,0x711,test/elvis_dir_record_449015/elvis_dir_papa_104235/elvis_dir_sync_718743/elvis_dir_gamma_109016/elvis_dir_zulu_984398/elvis_dir_cache_558805/elvis_dir_sierra_850083,0x715,0x7,,Archive,5176748164,BUILTIN\Administrators (S-1-5-32-544),Domain Users (S-1-5-21-3829591975-2821165226-2477612932-513),4 ACE(s): ALLOWED:BUILTIN\Administrators (S-1-5-32-544):FULL_CONTROL | ALLOWED:SYSTEM (S-1-5-18):FULL_CONTROL | ALLOWED:Authenticated Users (S-1-5-11):MODIFY | ALLOWED:BUILTIN\Users (S-1-5-32-545):READ_EXECUTE,False,,split,extents,False,False,False,False,False,False,1,,,,,,False,286720,,True,
0x73a,test/elvis_dir_record_449015/elvis_dir_lima_252141/elvis_dir_report_664539,elvis_dir_report_664539,,0,2026-05-16 16:52:02.7197855,2026-05-16 16:52:02.7197855,2026-05-16 16:52:02.7197855,2026-05-16 16:52:02.7197855,test/elvis_dir_record_449015/elvis_dir_lima_252141,0x72a,,,,,Directory_Internal,4831861536,BUILTIN\Administrators (S-1-5-32-544),Domain Users (S-1-5-21-3829591975-2821165226-2477612932-513),7 ACE(s): ALLOWED:BUILTIN\Administrators (S-1-5-32-544):FULL_CONTROL | ALLOWED:SYSTEM (S-1-5-18):FULL_CONTROL | ALLOWED:SYSTEM (S-1-5-18):GENERIC_ALL | ALLOWED:Authenticated Users (S-1-5-11):MODIFY | ALLOWED:Authenticated Users (S-1-5-11):DELETE|GENERIC_EXECUTE|GENERIC_WRITE|GENERIC_READ | ALLOWED:BUILTIN\Users (S-1-5-32-545):READ_EXECUTE | …,False,,,,False,True,False,False,False,False,,,,,,,False,,,False,
0x72a:0x7,test/elvis_dir_record_449015/elvis_dir_lima_252141/xbpt_alpha_delta_877195.json,xbpt_alpha_delta_877195.json,.json,355665,2026-05-16 16:52:00.5301978,2026-05-16 16:52:00.5311993,2026-05-16 16:52:00.5311993,2026-05-16 16:52:00.5311993,test/elvis_dir_record_449015/elvis_dir_lima_252141,0x72a,test/elvis_dir_record_449015/elvis_dir_lima_252141,0x72a,0x7,,Archive,5176748164,BUILTIN\Administrators (S-1-5-32-544),Domain Users (S-1-5-21-3829591975-2821165226-2477612932-513),4 ACE(s): ALLOWED:BUILTIN\Administrators (S-1-5-32-544):FULL_CONTROL | ALLOWED:SYSTEM (S-1-5-18):FULL_CONTROL | ALLOWED:Authenticated Users (S-1-5-11):MODIFY | ALLOWED:BUILTIN\Users (S-1-5-32-545):READ_EXECUTE,False,,embedded,extents,False,False,False,False,False,False,1,,,,,,False,356352,,False,
0x70f:0xd,test/elvis_dir_record_449015/elvis_dir_lima_252141/xbpt_index_draft_129088.bin,xbpt_index_draft_129088.bin,.bin,159126,2026-05-16 16:51:56.4373386,2026-05-16 16:51:56.3213420,2026-05-16 16:52:02.5070920,2026-05-16 16:51:56.4712004,test/elvis_dir_record_449015/elvis_dir_lima_252141,0x72a,test/elvis_dir_record_449015,0x70f,0xd,,Archive,5176748164,BUILTIN\Administrators (S-1-5-32-544),Domain Users (S-1-5-21-3829591975-2821165226-2477612932-513),4 ACE(s): ALLOWED:BUILTIN\Administrators (S-1-5-32-544):FULL_CONTROL | ALLOWED:SYSTEM (S-1-5-18):FULL_CONTROL | ALLOWED:Authenticated Users (S-1-5-11):MODIFY | ALLOWED:BUILTIN\Users (S-1-5-32-545):READ_EXECUTE,False,,split,extents,False,False,False,False,False,False,1,,,,,,False,159744,,True,
0x72a:0x8,test/elvis_dir_record_449015/elvis_dir_lima_252141/xbpt_kilo_quebec_845728.bak,xbpt_kilo_quebec_845728.bak,.bak,163770,2026-05-16 16:52:01.4565633,2026-05-16 16:52:01.4575604,2026-05-16 16:52:01.4575604,2026-05-16 16:52:01.4575604,test/elvis_dir_record_449015/elvis_dir_lima_252141,0x72a,test/elvis_dir_record_449015/elvis_dir_lima_252141,0x72a,0x8,,Archive,5176748164,BUILTIN\Administrators (S-1-5-32-544),Domain Users (S-1-5-21-3829591975-2821165226-2477612932-513),4 ACE(s): ALLOWED:BUILTIN\Administrators (S-1-5-32-544):FULL_CONTROL | ALLOWED:SYSTEM (S-1-5-18):FULL_CONTROL | ALLOWED:Authenticated Users (S-1-5-11):MODIFY | ALLOWED:BUILTIN\Users (S-1-5-32-545):READ_EXECUTE,False,,embedded,extents,False,False,False,False,False,False,1,,,,,,False,163840,,False,
0x72a:0x6,test/elvis_dir_record_449015/elvis_dir_lima_252141/xbpt_tango_record_232127.csv,xbpt_tango_record_232127.csv,.csv,296805,2026-05-16 16:51:59.9815922,2026-05-16 16:51:59.9825903,2026-05-16 16:51:59.9825903,2026-05-16 16:51:59.9825903,test/elvis_dir_record_449015/elvis_dir_lima_252141,0x72a,test/elvis_dir_record_449015/elvis_dir_lima_252141,0x72a,0x6,,Archive,5176748164,BUILTIN\Administrators (S-1-5-32-544),Domain Users (S-1-5-21-3829591975-2821165226-2477612932-513),4 ACE(s): ALLOWED:BUILTIN\Administrators (S-1-5-32-544):FULL_CONTROL | ALLOWED:SYSTEM (S-1-5-18):FULL_CONTROL | ALLOWED:Authenticated Users (S-1-5-11):MODIFY | ALLOWED:BUILTIN\Users (S-1-5-32-545):READ_EXECUTE,False,,embedded,extents,False,False,False,False,False,False,1,,,,,,False,299008,,False,
0x72a:0x2,test/elvis_dir_record_449015/elvis_dir_lima_252141/xbpt_temp_index_659152.xml,xbpt_temp_index_659152.xml,.xml,317120,2026-05-16 16:51:59.0799552,2026-05-16 16:52:02.9234140,2026-05-16 16:52:02.9234140,2026-05-16 16:52:02.9234140,test/elvis_dir_record_449015/elvis_dir_lima_252141,0x72a,test/elvis_dir_record_449015/elvis_dir_lima_252141,0x72a,0x2,,Archive,5176748164,BUILTIN\Administrators (S-1-5-32-544),Domain Users (S-1-5-21-3829591975-2821165226-2477612932-513),4 ACE(s): ALLOWED:BUILTIN\Administrators (S-1-5-32-544):FULL_CONTROL | ALLOWED:SYSTEM (S-1-5-18):FULL_CONTROL | ALLOWED:Authenticated Users (S-1-5-11):MODIFY | ALLOWED:BUILTIN\Users (S-1-5-32-545):READ_EXECUTE,False,,embedded,extents,False,False,False,False,False,False,1,,,,,,False,319488,,False,
0x72a:0x3,test/elvis_dir_record_449015/elvis_dir_lima_252141/xbpt_uniform_mike_713257.xml,xbpt_uniform_mike_713257.xml,.xml,217733,2026-05-16 16:51:59.3995386,2026-05-16 16:51:59.3995386,2026-05-16 16:51:59.3995386,2026-05-16 16:51:59.3995386,test/elvis_dir_record_449015/elvis_dir_lima_252141,0x72a,test/elvis_dir_record_449015/elvis_dir_lima_252141,0x72a,0x3,,Archive,5176748164,BUILTIN\Administrators (S-1-5-32-544),Domain Users (S-1-5-21-3829591975-2821165226-2477612932-513),4 ACE(s): ALLOWED:BUILTIN\Administrators (S-1-5-32-544):FULL_CONTROL | ALLOWED:SYSTEM (S-1-5-18):FULL_CONTROL | ALLOWED:Authenticated Users (S-1-5-11):MODIFY | ALLOWED:BUILTIN\Users (S-1-5-32-545):READ_EXECUTE,False,,embedded,extents,False,False,False,False,False,False,1,,,,,,False,221184,,False,
0x72a:0x4,test/elvis_dir_record_449015/elvis_dir_lima_252141/xbpt_yankee_report_288078.log,xbpt_yankee_report_288078.log,.log,2590,2026-05-16 16:51:59.5247233,2026-05-16 16:51:59.5257260,2026-05-16 16:51:59.5257260,2026-05-16 16:51:59.5257260,test/elvis_dir_record_449015/elvis_dir_lima_252141,0x72a,test/elvis_dir_record_449015/elvis_dir_lima_252141,0x72a,0x4,,Archive,5176748164,BUILTIN\Administrators (S-1-5-32-544),Domain Users (S-1-5-21-3829591975-2821165226-2477612932-513),4 ACE(s): ALLOWED:BUILTIN\Administrators (S-1-5-32-544):FULL_CONTROL | ALLOWED:SYSTEM (S-1-5-18):FULL_CONTROL | ALLOWED:Authenticated Users (S-1-5-11):MODIFY | ALLOWED:BUILTIN\Users (S-1-5-32-545):READ_EXECUTE,False,,embedded,extents,False,False,False,False,False,False,1,,,,,,False,4096,,False,
0x721,test/elvis_dir_record_449015/elvis_dir_papa_104235,elvis_dir_papa_104235,,0,2026-05-16 16:51:56.7689313,2026-05-16 16:52:02.9366825,2026-05-16 16:52:02.9366825,2026-05-16 16:52:03.1097471,test/elvis_dir_record_449015,0x70f,,,,,Directory_Internal,4831861536,BUILTIN\Administrators (S-1-5-32-544),Domain Users (S-1-5-21-3829591975-2821165226-2477612932-513),7 ACE(s): ALLOWED:BUILTIN\Administrators (S-1-5-32-544):FULL_CONTROL | ALLOWED:SYSTEM (S-1-5-18):FULL_CONTROL | ALLOWED:SYSTEM (S-1-5-18):GENERIC_ALL | ALLOWED:Authenticated Users (S-1-5-11):MODIFY | ALLOWED:Authenticated Users (S-1-5-11):DELETE|GENERIC_EXECUTE|GENERIC_WRITE|GENERIC_READ | ALLOWED:BUILTIN\Users (S-1-5-32-545):READ_EXECUTE | …,False,,,,False,True,False,False,False,False,,,,,,,False,,,False,
0x707,test/elvis_dir_record_449015/elvis_dir_papa_104235/elvis_dir_sync_718743,elvis_dir_sync_718743,,0,2026-05-16 16:51:51.2569313,2026-05-16 16:52:02.8030861,2026-05-16 16:52:02.8030861,2026-05-16 16:52:03.1137504,test/elvis_dir_record_449015/elvis_dir_papa_104235,0x721,,,,,Directory_Internal,4831861536,BUILTIN\Administrators (S-1-5-32-544),Domain Users (S-1-5-21-3829591975-2821165226-2477612932-513),7 ACE(s): ALLOWED:BUILTIN\Administrators (S-1-5-32-544):FULL_CONTROL | ALLOWED:SYSTEM (S-1-5-18):FULL_CONTROL | ALLOWED:SYSTEM (S-1-5-18):GENERIC_ALL | ALLOWED:Authenticated Users (S-1-5-11):MODIFY | ALLOWED:Authenticated Users (S-1-5-11):DELETE|GENERIC_EXECUTE|GENERIC_WRITE|GENERIC_READ | ALLOWED:BUILTIN\Users (S-1-5-32-545):READ_EXECUTE | …,False,,,,False,True,False,False,False,False,,,,,,,False,,,False,
0x706,test/elvis_dir_record_449015/elvis_dir_papa_104235/elvis_dir_sync_718743/elvis_dir_gamma_109016,elvis_dir_gamma_109016,,0,2026-05-16 16:51:51.1209477,2026-05-16 16:52:02.8793299,2026-05-16 16:52:02.8793299,2026-05-16 16:52:02.9446852,test/elvis_dir_record_449015/elvis_dir_papa_104235/elvis_dir_sync_718743,0x707,,,,,Directory_Internal,4831861536,BUILTIN\Administrators (S-1-5-32-544),Domain Users (S-1-5-21-3829591975-2821165226-2477612932-513),7 ACE(s): ALLOWED:BUILTIN\Administrators (S-1-5-32-544):FULL_CONTROL | ALLOWED:SYSTEM (S-1-5-18):FULL_CONTROL | ALLOWED:SYSTEM (S-1-5-18):GENERIC_ALL | ALLOWED:Authenticated Users (S-1-5-11):MODIFY | ALLOWED:Authenticated Users (S-1-5-11):DELETE|GENERIC_EXECUTE|GENERIC_WRITE|GENERIC_READ | ALLOWED:BUILTIN\Users (S-1-5-32-545):READ_EXECUTE | …,False,,,,False,True,False,False,False,False,,,,,,,False,,,False,
0x724,test/elvis_dir_record_449015/elvis_dir_papa_104235/elvis_dir_sync_718743/elvis_dir_gamma_109016/elvis_dir_archive_704644,elvis_dir_archive_704644,,0,2026-05-16 16:51:57.5551279,2026-05-16 16:51:57.5789147,2026-05-16 16:51:57.6491243,2026-05-16 16:51:57.5789147,test/elvis_dir_record_449015/elvis_dir_papa_104235/elvis_dir_sync_718743/elvis_dir_gamma_109016,0x706,,,,,Directory_Internal,4831861536,BUILTIN\Administrators (S-1-5-32-544),Domain Users (S-1-5-21-3829591975-2821165226-2477612932-513),7 ACE(s): ALLOWED:BUILTIN\Administrators (S-1-5-32-544):FULL_CONTROL | ALLOWED:SYSTEM (S-1-5-18):FULL_CONTROL | ALLOWED:SYSTEM (S-1-5-18):GENERIC_ALL | ALLOWED:Authenticated Users (S-1-5-11):MODIFY | ALLOWED:Authenticated Users (S-1-5-11):DELETE|GENERIC_EXECUTE|GENERIC_WRITE|GENERIC_READ | ALLOWED:BUILTIN\Users (S-1-5-32-545):READ_EXECUTE | …,False,,,,False,True,False,False,False,False,,,,,,,False,,,False,
0x724:0x2,test/elvis_dir_record_449015/elvis_dir_papa_104235/elvis_dir_sync_718743/elvis_dir_gamma_109016/elvis_dir_archive_704644/xbpt_uniform_oscar_320878.log,xbpt_uniform_oscar_320878.log,.log,170417,2026-05-16 16:51:57.5789147,2026-05-16 16:51:57.5789147,2026-05-16 16:51:57.5789147,2026-05-16 16:51:57.5789147,test/elvis_dir_record_449015/elvis_dir_papa_104235/elvis_dir_sync_718743/elvis_dir_gamma_109016/elvis_dir_archive_704644,0x724,test/elvis_dir_record_449015/elvis_dir_papa_104235/elvis_dir_sync_718743/elvis_dir_gamma_109016/elvis_dir_archive_704644,0x724,0x2,,Archive,5176748164,BUILTIN\Administrators (S-1-5-32-544),Domain Users (S-1-5-21-3829591975-2821165226-2477612932-513),4 ACE(s): ALLOWED:BUILTIN\Administrators (S-1-5-32-544):FULL_CONTROL | ALLOWED:SYSTEM (S-1-5-18):FULL_CONTROL | ALLOWED:Authenticated Users (S-1-5-11):MODIFY | ALLOWED:BUILTIN\Users (S-1-5-32-545):READ_EXECUTE,False,,embedded,extents,False,False,False,False,False,False,1,,,,,,False,172032,,False,
0x704,test/elvis_dir_record_449015/elvis_dir_papa_104235/elvis_dir_sync_718743/elvis_dir_gamma_109016/elvis_dir_config_541148,elvis_dir_config_541148,,0,2026-05-16 16:51:50.7744405,2026-05-16 16:52:02.7838852,2026-05-16 16:52:02.7838852,2026-05-16 16:52:02.9107463,test/elvis_dir_record_449015/elvis_dir_papa_104235/elvis_dir_sync_718743/elvis_dir_gamma_109016,0x706,,,,,Directory_Internal,4831861536,BUILTIN\Administrators (S-1-5-32-544),Domain Users (S-1-5-21-3829591975-2821165226-2477612932-513),7 ACE(s): ALLOWED:BUILTIN\Administrators (S-1-5-32-544):FULL_CONTROL | ALLOWED:SYSTEM (S-1-5-18):FULL_CONTROL | ALLOWED:SYSTEM (S-1-5-18):GENERIC_ALL | ALLOWED:Authenticated Users (S-1-5-11):MODIFY | ALLOWED:Authenticated Users (S-1-5-11):DELETE|GENERIC_EXECUTE|GENERIC_WRITE|GENERIC_READ | ALLOWED:BUILTIN\Users (S-1-5-32-545):READ_EXECUTE | …,False,,,,False,True,False,False,False,False,,,,,,,False,,,False,
0x704:0x16,test/elvis_dir_record_449015/elvis_dir_papa_104235/elvis_dir_sync_718743/elvis_dir_gamma_109016/elvis_dir_config_541148/xbpt_config_archive_855545.dat,xbpt_config_archive_855545.dat,.dat,340231,2026-05-16 16:51:55.4425105,2026-05-16 16:51:53.1249699,2026-05-16 16:51:53.1249699,2026-05-16 16:51:55.4425105,test/elvis_dir_record_449015/elvis_dir_papa_104235/elvis_dir_sync_718743/elvis_dir_gamma_109016/elvis_dir_config_541148,0x704,test/elvis_dir_record_449015/elvis_dir_papa_104235/elvis_dir_sync_718743/elvis_dir_gamma_109016/elvis_dir_config_541148,0x704,0x16,,Archive,5176748164,BUILTIN\Administrators (S-1-5-32-544),Domain Users (S-1-5-21-3829591975-2821165226-2477612932-513),4 ACE(s): ALLOWED:BUILTIN\Administrators (S-1-5-32-544):FULL_CONTROL | ALLOWED:SYSTEM (S-1-5-18):FULL_CONTROL | ALLOWED:Authenticated Users (S-1-5-11):MODIFY | ALLOWED:BUILTIN\Users (S-1-5-32-545):READ_EXECUTE,False,,embedded,extents,False,False,False,False,False,False,1,,,,,,False,344064,,False,
0x704:0x14,test/elvis_dir_record_449015/elvis_dir_papa_104235/elvis_dir_sync_718743/elvis_dir_gamma_109016/elvis_dir_config_541148/xbpt_data_victor_588744.ini,xbpt_data_victor_588744.ini,.ini,498204,2026-05-16 16:51:54.1455490,2026-05-16 16:51:54.9092643,2026-05-16 16:51:59.7675238,2026-05-16 16:51:54.9092643,test/elvis_dir_record_449015/elvis_dir_papa_104235/elvis_dir_sync_718743/elvis_dir_gamma_109016/elvis_dir_config_541148,0x704,test/elvis_dir_record_449015/elvis_dir_papa_104235/elvis_dir_sync_718743/elvis_dir_gamma_109016/elvis_dir_config_541148,0x704,0x14,,Archive,5176748164,BUILTIN\Administrators (S-1-5-32-544),Domain Users (S-1-5-21-3829591975-2821165226-2477612932-513),4 ACE(s): ALLOWED:BUILTIN\Administrators (S-1-5-32-544):FULL_CONTROL | ALLOWED:SYSTEM (S-1-5-18):FULL_CONTROL | ALLOWED:Authenticated Users (S-1-5-11):MODIFY | ALLOWED:BUILTIN\Users (S-1-5-32-545):READ_EXECUTE,False,,embedded,extents,False,False,False,False,False,False,1,,,,,,False,499712,,False,
0x704:0x1a,test/elvis_dir_record_449015/elvis_dir_papa_104235/elvis_dir_sync_718743/elvis_dir_gamma_109016/elvis_dir_config_541148/xbpt_delta_sierra_216359.bin,xbpt_delta_sierra_216359.bin,.bin,193275,2024-04-04 07:17:02.6780853,2026-05-16 16:52:02.9107463,2026-05-16 16:52:02.9107463,2026-05-16 16:52:02.9107463,test/elvis_dir_record_449015/elvis_dir_papa_104235/elvis_dir_sync_718743/elvis_dir_gamma_109016/elvis_dir_config_541148,0x704,test/elvis_dir_record_449015/elvis_dir_papa_104235/elvis_dir_sync_718743/elvis_dir_gamma_109016/elvis_dir_config_541148,0x704,0x1a,,Archive,5176748164,BUILTIN\Administrators (S-1-5-32-544),Domain Users (S-1-5-21-3829591975-2821165226-2477612932-513),4 ACE(s): ALLOWED:BUILTIN\Administrators (S-1-5-32-544):FULL_CONTROL | ALLOWED:SYSTEM (S-1-5-18):FULL_CONTROL | ALLOWED:Authenticated Users (S-1-5-11):MODIFY | ALLOWED:BUILTIN\Users (S-1-5-32-545):READ_EXECUTE,False,,embedded,extents,False,False,False,False,False,False,1,,,,,,False,196608,,False,MEDIUM:PRE_FORMAT
0x704:0x7,test/elvis_dir_record_449015/elvis_dir_papa_104235/elvis_dir_sync_718743/elvis_dir_gamma_109016/elvis_dir_config_541148/xbpt_hotel_data_899354.bak,xbpt_hotel_data_899354.bak,.bak,499196,2026-05-16 16:51:51.5249123,2026-05-16 16:52:02.1739285,2026-05-16 16:52:02.1739285,2026-05-16 16:52:02.1739285,test/elvis_dir_record_449015/elvis_dir_papa_104235/elvis_dir_sync_718743/elvis_dir_gamma_109016/elvis_dir_config_541148,0x704,test/elvis_dir_record_449015/elvis_dir_papa_104235/elvis_dir_sync_718743/elvis_dir_gamma_109016/elvis_dir_config_541148,0x704,0x7,,Archive,5176748164,BUILTIN\Administrators (S-1-5-32-544),Domain Users (S-1-5-21-3829591975-2821165226-2477612932-513),4 ACE(s): ALLOWED:BUILTIN\Administrators (S-1-5-32-544):FULL_CONTROL | ALLOWED:SYSTEM (S-1-5-18):FULL_CONTROL | ALLOWED:Authenticated Users (S-1-5-11):MODIFY | ALLOWED:BUILTIN\Users (S-1-5-32-545):READ_EXECUTE,False,,embedded,extents,False,False,False,False,False,False,1,,,,,,False,499712,,False,
0x704:0xa,test/elvis_dir_record_449015/elvis_dir_papa_104235/elvis_dir_sync_718743/elvis_dir_gamma_109016/elvis_dir_config_541148/xbpt_index_zulu_828859.bak,xbpt_index_zulu_828859.bak,.bak,23113,2026-05-16 16:51:51.9559191,2026-05-16 16:51:52.5083371,2026-05-16 16:51:52.9127577,2026-05-16 16:51:52.5083371,test/elvis_dir_record_449015/elvis_dir_papa_104235/elvis_dir_sync_718743/elvis_dir_gamma_109016/elvis_dir_config_541148,0x704,test/elvis_dir_record_449015/elvis_dir_papa_104235/elvis_dir_sync_718743/elvis_dir_gamma_109016/elvis_dir_config_541148,0x704,0xa,,Archive,5176748164,BUILTIN\Administrators (S-1-5-32-544),Domain Users (S-1-5-21-3829591975-2821165226-2477612932-513),4 ACE(s): ALLOWED:BUILTIN\Administrators (S-1-5-32-544):FULL_CONTROL | ALLOWED:SYSTEM (S-1-5-18):FULL_CONTROL | ALLOWED:Authenticated Users (S-1-5-11):MODIFY | ALLOWED:BUILTIN\Users (S-1-5-32-545):READ_EXECUTE,False,,embedded,extents,False,False,False,False,False,False,1,,,,,,False,24576,,False,
0x704:0x1b,test/elvis_dir_record_449015/elvis_dir_papa_104235/elvis_dir_sync_718743/elvis_dir_gamma_109016/elvis_dir_config_541148/xbpt_lima_mike_622053.csv,xbpt_lima_mike_622053.csv,.csv,442099,2026-05-16 16:51:56.5863356,2026-05-16 16:51:56.5873352,2026-05-16 16:51:56.5873352,2026-05-16 16:51:56.5873352,test/elvis_dir_record_449015/elvis_dir_papa_104235/elvis_dir_sync_718743/elvis_dir_gamma_109016/elvis_dir_config_541148,0x704,test/elvis_dir_record_449015/elvis_dir_papa_104235/elvis_dir_sync_718743/elvis_dir_gamma_109016/elvis_dir_config_541148,0x704,0x1b,,Archive,5176748164,BUILTIN\Administrators (S-1-5-32-544),Domain Users (S-1-5-21-3829591975-2821165226-2477612932-513),4 ACE(s): ALLOWED:BUILTIN\Administrators (S-1-5-32-544):FULL_CONTROL | ALLOWED:SYSTEM (S-1-5-18):FULL_CONTROL | ALLOWED:Authenticated Users (S-1-5-11):MODIFY | ALLOWED:BUILTIN\Users (S-1-5-32-545):READ_EXECUTE,False,,embedded,extents,False,False,False,False,False,False,1,,,,,,False,442368,,False,
0x704:0x12,test/elvis_dir_record_449015/elvis_dir_papa_104235/elvis_dir_sync_718743/elvis_dir_gamma_109016/elvis_dir_config_541148/xbpt_papa_audit_649170.md,xbpt_papa_audit_649170.md,.md,238043,2026-05-16 16:51:53.5147337,2026-05-16 16:51:53.5157311,2026-05-16 16:51:53.5157311,2026-05-16 16:51:53.5157311,test/elvis_dir_record_449015/elvis_dir_papa_104235/elvis_dir_sync_718743/elvis_dir_gamma_109016/elvis_dir_config_541148,0x704,test/elvis_dir_record_449015/elvis_dir_papa_104235/elvis_dir_sync_718743/elvis_dir_gamma_109016/elvis_dir_config_541148,0x704,0x12,,Archive,5176748164,BUILTIN\Administrators (S-1-5-32-544),Domain Users (S-1-5-21-3829591975-2821165226-2477612932-513),4 ACE(s): ALLOWED:BUILTIN\Administrators (S-1-5-32-544):FULL_CONTROL | ALLOWED:SYSTEM (S-1-5-18):FULL_CONTROL | ALLOWED:Authenticated Users (S-1-5-11):MODIFY | ALLOWED:BUILTIN\Users (S-1-5-32-545):READ_EXECUTE,False,,embedded,extents,False,False,False,False,False,False,1,,,,,,False,241664,,False,
0x704:0xc,test/elvis_dir_record_449015/elvis_dir_papa_104235/elvis_dir_sync_718743/elvis_dir_gamma_109016/elvis_dir_config_541148/xbpt_sierra_log_210965.log,xbpt_sierra_log_210965.log,.log,116615,2026-05-16 16:51:52.2545882,2026-05-16 16:51:52.4095765,2026-05-16 16:52:00.7745815,2026-05-16 16:51:52.4095765,test/elvis_dir_record_449015/elvis_dir_papa_104235/elvis_dir_sync_718743/elvis_dir_gamma_109016/elvis_dir_config_541148,0x704,test/elvis_dir_record_449015/elvis_dir_papa_104235/elvis_dir_sync_718743/elvis_dir_gamma_109016/elvis_dir_config_541148,0x704,0xc,,Archive,5176748164,BUILTIN\Administrators (S-1-5-32-544),Domain Users (S-1-5-21-3829591975-2821165226-2477612932-513),4 ACE(s): ALLOWED:BUILTIN\Administrators (S-1-5-32-544):FULL_CONTROL | ALLOWED:SYSTEM (S-1-5-18):FULL_CONTROL | ALLOWED:Authenticated Users (S-1-5-11):MODIFY | ALLOWED:BUILTIN\Users (S-1-5-32-545):READ_EXECUTE,False,,embedded,extents,False,False,False,False,False,False,1,,,,,,False,118784,,False,
0x703:0xa,test/elvis_dir_record_449015/elvis_dir_papa_104235/elvis_dir_sync_718743/elvis_dir_gamma_109016/elvis_dir_config_541148/xbpt_tango_mike_573093.dat,xbpt_tango_mike_573093.dat,.dat,414625,2026-05-16 16:51:51.3481753,2026-05-16 16:51:51.2732911,2026-05-16 16:52:01.5648322,2026-05-16 16:51:51.3589478,test/elvis_dir_record_449015/elvis_dir_papa_104235/elvis_dir_sync_718743/elvis_dir_gamma_109016/elvis_dir_config_541148,0x704,test/elvis_dir_record_449015/elvis_dir_papa_104235/elvis_dir_sync_718743/elvis_dir_gamma_603462,0x703,0xa,,Archive,5176748164,BUILTIN\Administrators (S-1-5-32-544),Domain Users (S-1-5-21-3829591975-2821165226-2477612932-513),4 ACE(s): ALLOWED:BUILTIN\Administrators (S-1-5-32-544):FULL_CONTROL | ALLOWED:SYSTEM (S-1-5-18):FULL_CONTROL | ALLOWED:Authenticated Users (S-1-5-11):MODIFY | ALLOWED:BUILTIN\Users (S-1-5-32-545):READ_EXECUTE,False,,split,extents,False,False,False,False,False,False,1,,,,,,False,417792,,True,
0x704:0xf,test/elvis_dir_record_449015/elvis_dir_papa_104235/elvis_dir_sync_718743/elvis_dir_gamma_109016/elvis_dir_config_541148/xbpt_temp_audit_764882.bak,xbpt_temp_audit_764882.bak,.bak,459389,2026-05-16 16:51:53.1073669,2026-05-16 16:51:56.7873599,2026-05-16 16:51:56.7873599,2026-05-16 16:51:56.7873599,test/elvis_dir_record_449015/elvis_dir_papa_104235/elvis_dir_sync_718743/elvis_dir_gamma_109016/elvis_dir_config_541148,0x704,test/elvis_dir_record_449015/elvis_dir_papa_104235/elvis_dir_sync_718743/elvis_dir_gamma_109016/elvis_dir_config_541148,0x704,0xf,,Archive,5176748164,BUILTIN\Administrators (S-1-5-32-544),Domain Users (S-1-5-21-3829591975-2821165226-2477612932-513),4 ACE(s): ALLOWED:BUILTIN\Administrators (S-1-5-32-544):FULL_CONTROL | ALLOWED:SYSTEM (S-1-5-18):FULL_CONTROL | ALLOWED:Authenticated Users (S-1-5-11):MODIFY | ALLOWED:BUILTIN\Users (S-1-5-32-545):READ_EXECUTE,False,,embedded,extents,False,False,False,False,False,False,1,,,,,,False,462848,,False,
0x704:0x11,test/elvis_dir_record_449015/elvis_dir_papa_104235/elvis_dir_sync_718743/elvis_dir_gamma_109016/elvis_dir_config_541148/xbpt_uniform_alpha_203203.json,xbpt_uniform_alpha_203203.json,.json,344917,2026-05-16 16:51:53.3132524,2026-05-16 16:51:53.9135559,2026-05-16 16:51:53.9135559,2026-05-16 16:51:53.9135559,test/elvis_dir_record_449015/elvis_dir_papa_104235/elvis_dir_sync_718743/elvis_dir_gamma_109016/elvis_dir_config_541148,0x704,test/elvis_dir_record_449015/elvis_dir_papa_104235/elvis_dir_sync_718743/elvis_dir_gamma_109016/elvis_dir_config_541148,0x704,0x11,,Archive,5176748164,BUILTIN\Administrators (S-1-5-32-544),Domain Users (S-1-5-21-3829591975-2821165226-2477612932-513),4 ACE(s): ALLOWED:BUILTIN\Administrators (S-1-5-32-544):FULL_CONTROL | ALLOWED:SYSTEM (S-1-5-18):FULL_CONTROL | ALLOWED:Authenticated Users (S-1-5-11):MODIFY | ALLOWED:BUILTIN\Users (S-1-5-32-545):READ_EXECUTE,False,,embedded,extents,False,False,False,False,False,False,1,,,,,,False,348160,,False,
0x704:0xd,test/elvis_dir_record_449015/elvis_dir_papa_104235/elvis_dir_sync_718743/elvis_dir_gamma_109016/elvis_dir_config_541148/xbpt_whiskey_kilo_275488.json,xbpt_whiskey_kilo_275488.json,.json,190655,2026-05-16 16:51:52.6613233,2026-05-16 16:52:01.8363875,2026-05-16 16:52:01.8363875,2026-05-16 16:52:01.8363875,test/elvis_dir_record_449015/elvis_dir_papa_104235/elvis_dir_sync_718743/elvis_dir_gamma_109016/elvis_dir_config_541148,0x704,test/elvis_dir_record_449015/elvis_dir_papa_104235/elvis_dir_sync_718743/elvis_dir_gamma_109016/elvis_dir_config_541148,0x704,0xd,,Archive,5176748164,BUILTIN\Administrators (S-1-5-32-544),Domain Users (S-1-5-21-3829591975-2821165226-2477612932-513),4 ACE(s): ALLOWED:BUILTIN\Administrators (S-1-5-32-544):FULL_CONTROL | ALLOWED:SYSTEM (S-1-5-18):FULL_CONTROL | ALLOWED:Authenticated Users (S-1-5-11):MODIFY | ALLOWED:BUILTIN\Users (S-1-5-32-545):READ_EXECUTE,False,,embedded,extents,False,False,False,False,False,False,1,,,,,,False,192512,,False,
0x704:0x18,test/elvis_dir_record_449015/elvis_dir_papa_104235/elvis_dir_sync_718743/elvis_dir_gamma_109016/elvis_dir_config_541148/xbpt_whiskey_romeo_757926.txt,xbpt_whiskey_romeo_757926.txt,.txt,192688,2026-05-16 16:51:55.7879247,2026-05-16 16:51:54.0814510,2026-05-16 16:51:55.0999713,2026-05-16 16:51:55.7997860,test/elvis_dir_record_449015/elvis_dir_papa_104235/elvis_dir_sync_718743/elvis_dir_gamma_109016/elvis_dir_config_541148,0x704,test/elvis_dir_record_449015/elvis_dir_papa_104235/elvis_dir_sync_718743/elvis_dir_gamma_109016/elvis_dir_config_541148,0x704,0x18,,Archive,5176748164,BUILTIN\Administrators (S-1-5-32-544),Domain Users (S-1-5-21-3829591975-2821165226-2477612932-513),4 ACE(s): ALLOWED:BUILTIN\Administrators (S-1-5-32-544):FULL_CONTROL | ALLOWED:SYSTEM (S-1-5-18):FULL_CONTROL | ALLOWED:Authenticated Users (S-1-5-11):MODIFY | ALLOWED:BUILTIN\Users (S-1-5-32-545):READ_EXECUTE,False,,embedded,extents,False,False,False,False,False,False,1,,,,,,False,196608,,False,
0x704:0x15,test/elvis_dir_record_449015/elvis_dir_papa_104235/elvis_dir_sync_718743/elvis_dir_gamma_109016/elvis_dir_config_541148/xbpt_yankee_foxtrot_727835.bak,xbpt_yankee_foxtrot_727835.bak,.bak,360608,2022-04-19 07:16:47.0726903,2022-04-19 07:16:47.0726903,2026-05-16 16:51:58.3038589,2022-04-19 07:16:47.0726903,test/elvis_dir_record_449015/elvis_dir_papa_104235/elvis_dir_sync_718743/elvis_dir_gamma_109016/elvis_dir_config_541148,0x704,test/elvis_dir_record_449015/elvis_dir_papa_104235/elvis_dir_sync_718743/elvis_dir_gamma_109016/elvis_dir_config_541148,0x704,0x15,,Archive,5176748164,BUILTIN\Administrators (S-1-5-32-544),Domain Users (S-1-5-21-3829591975-2821165226-2477612932-513),4 ACE(s): ALLOWED:BUILTIN\Administrators (S-1-5-32-544):FULL_CONTROL | ALLOWED:SYSTEM (S-1-5-18):FULL_CONTROL | ALLOWED:Authenticated Users (S-1-5-11):MODIFY | ALLOWED:BUILTIN\Users (S-1-5-32-545):READ_EXECUTE,False,,embedded,extents,False,False,False,False,False,False,1,,,,,,False,364544,,False,MEDIUM:CHANGE_LATE|PRE_FORMAT
0x71a,test/elvis_dir_record_449015/elvis_dir_papa_104235/elvis_dir_sync_718743/elvis_dir_gamma_109016/elvis_dir_index_592790,elvis_dir_index_592790,,0,2026-05-16 16:51:55.0246448,2026-05-16 16:52:02.7523504,2026-05-16 16:52:02.7523504,2026-05-16 16:52:03.1229840,test/elvis_dir_record_449015/elvis_dir_papa_104235/elvis_dir_sync_718743/elvis_dir_gamma_109016,0x706,,,,,Directory_Internal,4831861536,BUILTIN\Administrators (S-1-5-32-544),Domain Users (S-1-5-21-3829591975-2821165226-2477612932-513),7 ACE(s): ALLOWED:BUILTIN\Administrators (S-1-5-32-544):FULL_CONTROL | ALLOWED:SYSTEM (S-1-5-18):FULL_CONTROL | ALLOWED:SYSTEM (S-1-5-18):GENERIC_ALL | ALLOWED:Authenticated Users (S-1-5-11):MODIFY | ALLOWED:Authenticated Users (S-1-5-11):DELETE|GENERIC_EXECUTE|GENERIC_WRITE|GENERIC_READ | ALLOWED:BUILTIN\Users (S-1-5-32-545):READ_EXECUTE | …,False,,,,False,True,False,False,False,False,,,,,,,False,,,False,
0x71a:0x5,test/elvis_dir_record_449015/elvis_dir_papa_104235/elvis_dir_sync_718743/elvis_dir_gamma_109016/elvis_dir_index_592790/xbpt_delta_delta_676812.xml,xbpt_delta_delta_676812.xml,.xml,163495,2026-05-16 16:51:55.4763006,2026-05-16 16:51:59.6519970,2026-05-16 16:51:59.9701007,2026-05-16 16:51:59.6519970,test/elvis_dir_record_449015/elvis_dir_papa_104235/elvis_dir_sync_718743/elvis_dir_gamma_109016/elvis_dir_index_592790,0x71a,test/elvis_dir_record_449015/elvis_dir_papa_104235/elvis_dir_sync_718743/elvis_dir_gamma_109016/elvis_dir_index_592790,0x71a,0x5,,Archive,5176748164,BUILTIN\Administrators (S-1-5-32-544),Domain Users (S-1-5-21-3829591975-2821165226-2477612932-513),4 ACE(s): ALLOWED:BUILTIN\Administrators (S-1-5-32-544):FULL_CONTROL | ALLOWED:SYSTEM (S-1-5-18):FULL_CONTROL | ALLOWED:Authenticated Users (S-1-5-11):MODIFY | ALLOWED:BUILTIN\Users (S-1-5-32-545):READ_EXECUTE,False,,embedded,extents,False,False,False,False,False,False,1,,,,,,False,163840,,False,
0x71a:0x2,test/elvis_dir_record_449015/elvis_dir_papa_104235/elvis_dir_sync_718743/elvis_dir_gamma_109016/elvis_dir_index_592790/xbpt_draft_india_571157.ini,xbpt_draft_india_571157.ini,.ini,498204,2026-05-16 16:51:55.1240723,2026-05-16 16:51:54.9092643,2026-05-16 16:51:54.9092643,2026-05-16 16:51:55.1639732,test/elvis_dir_record_449015/elvis_dir_papa_104235/elvis_dir_sync_718743/elvis_dir_gamma_109016/elvis_dir_index_592790,0x71a,test/elvis_dir_record_449015/elvis_dir_papa_104235/elvis_dir_sync_718743/elvis_dir_gamma_109016/elvis_dir_index_592790,0x71a,0x2,,Archive,5176748164,BUILTIN\Administrators (S-1-5-32-544),Domain Users (S-1-5-21-3829591975-2821165226-2477612932-513),4 ACE(s): ALLOWED:BUILTIN\Administrators (S-1-5-32-544):FULL_CONTROL | ALLOWED:SYSTEM (S-1-5-18):FULL_CONTROL | ALLOWED:Authenticated Users (S-1-5-11):MODIFY | ALLOWED:BUILTIN\Users (S-1-5-32-545):READ_EXECUTE,False,,embedded,extents,False,False,False,False,False,False,1,,,,,,False,499712,,False,
0x718,test/elvis_dir_record_449015/elvis_dir_papa_104235/elvis_dir_sync_718743/elvis_dir_gamma_109016/elvis_dir_zulu_984398,elvis_dir_zulu_984398,,0,2026-05-16 16:51:54.4788979,2026-05-16 16:52:02.5950602,2026-05-16 16:52:02.5950602,2026-05-16 16:52:03.1239881,test/elvis_dir_record_449015/elvis_dir_papa_104235/elvis_dir_sync_718743/elvis_dir_gamma_109016,0x706,,,,,Directory_Internal,4831861536,BUILTIN\Administrators (S-1-5-32-544),Domain Users (S-1-5-21-3829591975-2821165226-2477612932-513),7 ACE(s): ALLOWED:BUILTIN\Administrators (S-1-5-32-544):FULL_CONTROL | ALLOWED:SYSTEM (S-1-5-18):FULL_CONTROL | ALLOWED:SYSTEM (S-1-5-18):GENERIC_ALL | ALLOWED:Authenticated Users (S-1-5-11):MODIFY | ALLOWED:Authenticated Users (S-1-5-11):DELETE|GENERIC_EXECUTE|GENERIC_WRITE|GENERIC_READ | ALLOWED:BUILTIN\Users (S-1-5-32-545):READ_EXECUTE | …,False,,,,False,True,False,False,False,False,,,,,,,False,,,False,
0x70b,test/elvis_dir_record_449015/elvis_dir_papa_104235/elvis_dir_sync_718743/elvis_dir_gamma_109016/elvis_dir_zulu_984398/elvis_dir_cache_558805,elvis_dir_cache_558805,,0,2026-05-16 16:51:51.8448761,2026-05-16 16:51:58.4410272,2026-05-16 16:51:58.4410272,2026-05-16 16:51:58.4410272,test/elvis_dir_record_449015/elvis_dir_papa_104235/elvis_dir_sync_718743/elvis_dir_gamma_109016/elvis_dir_zulu_984398,0x718,,,,,Directory_Internal,4831861536,BUILTIN\Administrators (S-1-5-32-544),Domain Users (S-1-5-21-3829591975-2821165226-2477612932-513),7 ACE(s): ALLOWED:BUILTIN\Administrators (S-1-5-32-544):FULL_CONTROL | ALLOWED:SYSTEM (S-1-5-18):FULL_CONTROL | ALLOWED:SYSTEM (S-1-5-18):GENERIC_ALL | ALLOWED:Authenticated Users (S-1-5-11):MODIFY | ALLOWED:Authenticated Users (S-1-5-11):DELETE|GENERIC_EXECUTE|GENERIC_WRITE|GENERIC_READ | ALLOWED:BUILTIN\Users (S-1-5-32-545):READ_EXECUTE | …,False,,,,False,True,False,False,False,False,,,,,,,False,,,False,
0x715,test/elvis_dir_record_449015/elvis_dir_papa_104235/elvis_dir_sync_718743/elvis_dir_gamma_109016/elvis_dir_zulu_984398/elvis_dir_cache_558805/elvis_dir_sierra_850083,elvis_dir_sierra_850083,,0,2026-05-16 16:51:53.4400620,2026-05-16 16:52:01.3511836,2026-05-16 16:52:01.3511836,2026-05-16 16:52:03.1269880,test/elvis_dir_record_449015/elvis_dir_papa_104235/elvis_dir_sync_718743/elvis_dir_gamma_109016/elvis_dir_zulu_984398/elvis_dir_cache_558805,0x70b,,,,,Directory_Internal,4831861536,BUILTIN\Administrators (S-1-5-32-544),Domain Users (S-1-5-21-3829591975-2821165226-2477612932-513),7 ACE(s): ALLOWED:BUILTIN\Administrators (S-1-5-32-544):FULL_CONTROL | ALLOWED:SYSTEM (S-1-5-18):FULL_CONTROL | ALLOWED:SYSTEM (S-1-5-18):GENERIC_ALL | ALLOWED:Authenticated Users (S-1-5-11):MODIFY | ALLOWED:Authenticated Users (S-1-5-11):DELETE|GENERIC_EXECUTE|GENERIC_WRITE|GENERIC_READ | ALLOWED:BUILTIN\Users (S-1-5-32-545):READ_EXECUTE | …,False,,,,False,True,False,False,False,False,,,,,,,False,,,False,
0x715:0x2,test/elvis_dir_record_449015/elvis_dir_papa_104235/elvis_dir_sync_718743/elvis_dir_gamma_109016/elvis_dir_zulu_984398/elvis_dir_cache_558805/elvis_dir_sierra_850083/xbpt_yankee_echo_729349.tmp,xbpt_yankee_echo_729349.tmp,.tmp,336685,2026-05-16 16:51:54.0625348,2026-05-16 16:51:58.0863035,2026-05-16 16:51:58.0863035,2026-05-16 16:51:58.0863035,test/elvis_dir_record_449015/elvis_dir_papa_104235/elvis_dir_sync_718743/elvis_dir_gamma_109016/elvis_dir_zulu_984398/elvis_dir_cache_558805/elvis_dir_sierra_850083,0x715,test/elvis_dir_record_449015/elvis_dir_papa_104235/elvis_dir_sync_718743/elvis_dir_gamma_109016/elvis_dir_zulu_984398/elvis_dir_cache_558805/elvis_dir_sierra_850083,0x715,0x2,,Archive,5176748164,BUILTIN\Administrators (S-1-5-32-544),Domain Users (S-1-5-21-3829591975-2821165226-2477612932-513),4 ACE(s): ALLOWED:BUILTIN\Administrators (S-1-5-32-544):FULL_CONTROL | ALLOWED:SYSTEM (S-1-5-18):FULL_CONTROL | ALLOWED:Authenticated Users (S-1-5-11):MODIFY | ALLOWED:BUILTIN\Users (S-1-5-32-545):READ_EXECUTE,False,,embedded,extents,False,False,False,False,False,False,1,,,,,,False,339968,,False,
0x70b:0x4,test/elvis_dir_record_449015/elvis_dir_papa_104235/elvis_dir_sync_718743/elvis_dir_gamma_109016/elvis_dir_zulu_984398/elvis_dir_cache_558805/xbpt_alpha_delta_830163.ini,xbpt_alpha_delta_830163.ini,.ini,330404,2026-05-16 16:51:52.5177867,2026-05-16 16:51:58.9724085,2026-05-16 16:51:58.9724085,2026-05-16 16:51:58.9724085,test/elvis_dir_record_449015/elvis_dir_papa_104235/elvis_dir_sync_718743/elvis_dir_gamma_109016/elvis_dir_zulu_984398/elvis_dir_cache_558805,0x70b,test/elvis_dir_record_449015/elvis_dir_papa_104235/elvis_dir_sync_718743/elvis_dir_gamma_109016/elvis_dir_zulu_984398/elvis_dir_cache_558805,0x70b,0x4,,Archive,5176748164,BUILTIN\Administrators (S-1-5-32-544),Domain Users (S-1-5-21-3829591975-2821165226-2477612932-513),4 ACE(s): ALLOWED:BUILTIN\Administrators (S-1-5-32-544):FULL_CONTROL | ALLOWED:SYSTEM (S-1-5-18):FULL_CONTROL | ALLOWED:Authenticated Users (S-1-5-11):MODIFY | ALLOWED:BUILTIN\Users (S-1-5-32-545):READ_EXECUTE,False,,embedded,extents,False,False,False,False,False,False,1,,,,,,False,331776,,False,
0x70b:0xc,test/elvis_dir_record_449015/elvis_dir_papa_104235/elvis_dir_sync_718743/elvis_dir_gamma_109016/elvis_dir_zulu_984398/elvis_dir_cache_558805/xbpt_backup_draft_411674.log,xbpt_backup_draft_411674.log,.log,57215,2026-05-16 16:51:54.8007305,2026-05-16 16:51:54.8017279,2026-05-16 16:51:54.8017279,2026-05-16 16:51:54.8017279,test/elvis_dir_record_449015/elvis_dir_papa_104235/elvis_dir_sync_718743/elvis_dir_gamma_109016/elvis_dir_zulu_984398/elvis_dir_cache_558805,0x70b,test/elvis_dir_record_449015/elvis_dir_papa_104235/elvis_dir_sync_718743/elvis_dir_gamma_109016/elvis_dir_zulu_984398/elvis_dir_cache_558805,0x70b,0xc,,Archive,5176748164,BUILTIN\Administrators (S-1-5-32-544),Domain Users (S-1-5-21-3829591975-2821165226-2477612932-513),4 ACE(s): ALLOWED:BUILTIN\Administrators (S-1-5-32-544):FULL_CONTROL | ALLOWED:SYSTEM (S-1-5-18):FULL_CONTROL | ALLOWED:Authenticated Users (S-1-5-11):MODIFY | ALLOWED:BUILTIN\Users (S-1-5-32-545):READ_EXECUTE,False,,embedded,extents,False,False,False,False,False,False,1,,,,,,False,57344,,False,
0x70b:0x5,test/elvis_dir_record_449015/elvis_dir_papa_104235/elvis_dir_sync_718743/elvis_dir_gamma_109016/elvis_dir_zulu_984398/elvis_dir_cache_558805/xbpt_delta_cache_147912.bin,xbpt_delta_cache_147912.bin,.bin,105712,2021-09-26 07:16:24.5409194,2026-05-16 16:52:00.8024674,2026-05-16 16:52:00.8024674,2026-05-16 16:52:00.8024674,test/elvis_dir_record_449015/elvis_dir_papa_104235/elvis_dir_sync_718743/elvis_dir_gamma_109016/elvis_dir_zulu_984398/elvis_dir_cache_558805,0x70b,test/elvis_dir_record_449015/elvis_dir_papa_104235/elvis_dir_sync_718743/elvis_dir_gamma_109016/elvis_dir_zulu_984398/elvis_dir_cache_558805,0x70b,0x5,,Archive,5176748164,BUILTIN\Administrators (S-1-5-32-544),Domain Users (S-1-5-21-3829591975-2821165226-2477612932-513),4 ACE(s): ALLOWED:BUILTIN\Administrators (S-1-5-32-544):FULL_CONTROL | ALLOWED:SYSTEM (S-1-5-18):FULL_CONTROL | ALLOWED:Authenticated Users (S-1-5-11):MODIFY | ALLOWED:BUILTIN\Users (S-1-5-32-545):READ_EXECUTE,False,,embedded,extents,False,False,False,False,False,False,1,,,,,,False,106496,,False,MEDIUM:PRE_FORMAT
0x703:0x8,test/elvis_dir_record_449015/elvis_dir_papa_104235/elvis_dir_sync_718743/elvis_dir_gamma_109016/elvis_dir_zulu_984398/elvis_dir_cache_558805/xbpt_hardlink_audit_219848.cfg,xbpt_hardlink_audit_219848.cfg,.cfg,97673,2026-05-16 16:51:51.1077294,2026-05-16 16:51:54.8200316,2026-05-16 16:51:54.8200316,2026-05-16 16:51:54.8200316,test/elvis_dir_record_449015/elvis_dir_papa_104235/elvis_dir_sync_718743/elvis_dir_gamma_109016/elvis_dir_zulu_984398/elvis_dir_cache_558805,0x70b,test/elvis_dir_record_449015/elvis_dir_papa_104235/elvis_dir_sync_718743/elvis_dir_gamma_603462,0x703,0x8,,Archive,5176748164,BUILTIN\Administrators (S-1-5-32-544),Domain Users (S-1-5-21-3829591975-2821165226-2477612932-513),4 ACE(s): ALLOWED:BUILTIN\Administrators (S-1-5-32-544):FULL_CONTROL | ALLOWED:SYSTEM (S-1-5-18):FULL_CONTROL | ALLOWED:Authenticated Users (S-1-5-11):MODIFY | ALLOWED:BUILTIN\Users (S-1-5-32-545):READ_EXECUTE,False,,split,extents,False,False,False,False,False,False,2,test/elvis_dir_record_449015/elvis_dir_lima_252141/elvis_dir_oscar_306778/xbpt_romeo_output_531365.cfg;test/elvis_dir_record_449015/elvis_dir_papa_104235/elvis_dir_sync_718743/elvis_dir_gamma_109016/elvis_dir_zulu_984398/elvis_dir_cache_558805/xbpt_hardlink_audit_219848.cfg,,,,,False,98304,,False,
0x70b:0xb,test/elvis_dir_record_449015/elvis_dir_papa_104235/elvis_dir_sync_718743/elvis_dir_gamma_109016/elvis_dir_zulu_984398/elvis_dir_cache_558805/xbpt_log_backup_939898.json,xbpt_log_backup_939898.json,.json,63909,2026-05-16 16:51:54.5635197,2026-05-16 16:51:56.8938941,2026-05-16 16:51:56.8938941,2026-05-16 16:51:56.8938941,test/elvis_dir_record_449015/elvis_dir_papa_104235/elvis_dir_sync_718743/elvis_dir_gamma_109016/elvis_dir_zulu_984398/elvis_dir_cache_558805,0x70b,test/elvis_dir_record_449015/elvis_dir_papa_104235/elvis_dir_sync_718743/elvis_dir_gamma_109016/elvis_dir_zulu_984398/elvis_dir_cache_558805,0x70b,0xb,,Archive,5176748164,BUILTIN\Administrators (S-1-5-32-544),Domain Users (S-1-5-21-3829591975-2821165226-2477612932-513),4 ACE(s): ALLOWED:BUILTIN\Administrators (S-1-5-32-544):FULL_CONTROL | ALLOWED:SYSTEM (S-1-5-18):FULL_CONTROL | ALLOWED:Authenticated Users (S-1-5-11):MODIFY | ALLOWED:BUILTIN\Users (S-1-5-32-545):READ_EXECUTE,False,,embedded,extents,False,False,False,False,False,False,1,,,,,,False,65536,,False,
0x702:0xc,test/elvis_dir_record_449015/elvis_dir_papa_104235/elvis_dir_sync_718743/elvis_dir_gamma_109016/elvis_dir_zulu_984398/elvis_dir_cache_558805/xbpt_report_audit_396522.txt,xbpt_report_audit_396522.txt,.txt,241654,2021-09-29 07:16:41.2004512,2026-05-16 16:52:00.0166595,2026-05-16 16:52:00.0166595,2026-05-16 16:52:00.0166595,test/elvis_dir_record_449015/elvis_dir_papa_104235/elvis_dir_sync_718743/elvis_dir_gamma_109016/elvis_dir_zulu_984398/elvis_dir_cache_558805,0x70b,test,0x702,0xc,,Archive,5176748164,BUILTIN\Administrators (S-1-5-32-544),Domain Users (S-1-5-21-3829591975-2821165226-2477612932-513),4 ACE(s): ALLOWED:BUILTIN\Administrators (S-1-5-32-544):FULL_CONTROL | ALLOWED:SYSTEM (S-1-5-18):FULL_CONTROL | ALLOWED:Authenticated Users (S-1-5-11):MODIFY | ALLOWED:BUILTIN\Users (S-1-5-32-545):READ_EXECUTE,False,,split,extents,False,False,False,False,False,False,1,,,,,,False,241664,,True,MEDIUM:PRE_FORMAT
0x70b:0xa,test/elvis_dir_record_449015/elvis_dir_papa_104235/elvis_dir_sync_718743/elvis_dir_gamma_109016/elvis_dir_zulu_984398/elvis_dir_cache_558805/xbpt_symlink_gamma_582874.lnk,xbpt_symlink_gamma_582874.lnk,.lnk,0,2026-05-16 16:51:53.6446165,2026-05-16 16:51:53.6446165,2026-05-16 16:51:53.6446165,2026-05-16 16:51:53.6446165,test/elvis_dir_record_449015/elvis_dir_papa_104235/elvis_dir_sync_718743/elvis_dir_gamma_109016/elvis_dir_zulu_984398/elvis_dir_cache_558805,0x70b,test/elvis_dir_record_449015/elvis_dir_papa_104235/elvis_dir_sync_718743/elvis_dir_gamma_109016/elvis_dir_zulu_984398/elvis_dir_cache_558805,0x70b,0xa,,Archive|ReparsePoint,5176748164,BUILTIN\Administrators (S-1-5-32-544),Domain Users (S-1-5-21-3829591975-2821165226-2477612932-513),4 ACE(s): ALLOWED:BUILTIN\Administrators (S-1-5-32-544):FULL_CONTROL | ALLOWED:SYSTEM (S-1-5-18):FULL_CONTROL | ALLOWED:Authenticated Users (S-1-5-11):MODIFY | ALLOWED:BUILTIN\Users (S-1-5-32-545):READ_EXECUTE,False,,embedded,inline,True,False,False,False,False,False,1,,,,IO_REPARSE_TAG_SYMLINK (0xa000000c),K:\test\xbpt_foxtrot_india_714766.ini,False,0,0x28 (RedirectionTrust),False,
0x718:0x6,test/elvis_dir_record_449015/elvis_dir_papa_104235/elvis_dir_sync_718743/elvis_dir_gamma_109016/elvis_dir_zulu_984398/xbpt_india_temp_254875.bak,xbpt_india_temp_254875.bak,.bak,259142,2026-05-16 16:51:56.5719272,2026-05-16 16:51:58.9549975,2026-05-16 16:51:58.9549975,2026-05-16 16:51:58.9549975,test/elvis_dir_record_449015/elvis_dir_papa_104235/elvis_dir_sync_718743/elvis_dir_gamma_109016/elvis_dir_zulu_984398,0x718,test/elvis_dir_record_449015/elvis_dir_papa_104235/elvis_dir_sync_718743/elvis_dir_gamma_109016/elvis_dir_zulu_984398,0x718,0x6,,Archive,5176748164,BUILTIN\Administrators (S-1-5-32-544),Domain Users (S-1-5-21-3829591975-2821165226-2477612932-513),4 ACE(s): ALLOWED:BUILTIN\Administrators (S-1-5-32-544):FULL_CONTROL | ALLOWED:SYSTEM (S-1-5-18):FULL_CONTROL | ALLOWED:Authenticated Users (S-1-5-11):MODIFY | ALLOWED:BUILTIN\Users (S-1-5-32-545):READ_EXECUTE,False,,embedded,extents,False,False,False,False,False,False,1,,,,,,False,262144,,False,
0x706:0xc,test/elvis_dir_record_449015/elvis_dir_papa_104235/elvis_dir_sync_718743/elvis_dir_gamma_109016/xbpt_alpha_victor_250409.ini,xbpt_alpha_victor_250409.ini,.ini,88203,2026-02-23 07:17:05.2859306,2026-05-16 16:52:00.3927145,2026-05-16 16:52:00.3927145,2026-05-16 16:52:00.3927145,test/elvis_dir_record_449015/elvis_dir_papa_104235/elvis_dir_sync_718743/elvis_dir_gamma_109016,0x706,test/elvis_dir_record_449015/elvis_dir_papa_104235/elvis_dir_sync_718743/elvis_dir_gamma_109016,0x706,0xc,,Archive,5176748164,BUILTIN\Administrators (S-1-5-32-544),Domain Users (S-1-5-21-3829591975-2821165226-2477612932-513),4 ACE(s): ALLOWED:BUILTIN\Administrators (S-1-5-32-544):FULL_CONTROL | ALLOWED:SYSTEM (S-1-5-18):FULL_CONTROL | ALLOWED:Authenticated Users (S-1-5-11):MODIFY | ALLOWED:BUILTIN\Users (S-1-5-32-545):READ_EXECUTE,False,,embedded,extents,False,False,False,False,False,False,1,,,,,,False,90112,,False,MEDIUM:PRE_FORMAT
0x706:0xf,test/elvis_dir_record_449015/elvis_dir_papa_104235/elvis_dir_sync_718743/elvis_dir_gamma_109016/xbpt_audit_data_566396.txt,xbpt_audit_data_566396.txt,.txt,179268,2026-05-16 16:51:55.3682622,2026-05-16 16:51:55.3682622,2026-05-16 16:51:55.3682622,2026-05-16 16:51:55.3682622,test/elvis_dir_record_449015/elvis_dir_papa_104235/elvis_dir_sync_718743/elvis_dir_gamma_109016,0x706,test/elvis_dir_record_449015/elvis_dir_papa_104235/elvis_dir_sync_718743/elvis_dir_gamma_109016,0x706,0xf,,Archive,5176748164,BUILTIN\Administrators (S-1-5-32-544),Domain Users (S-1-5-21-3829591975-2821165226-2477612932-513),4 ACE(s): ALLOWED:BUILTIN\Administrators (S-1-5-32-544):FULL_CONTROL | ALLOWED:SYSTEM (S-1-5-18):FULL_CONTROL | ALLOWED:Authenticated Users (S-1-5-11):MODIFY | ALLOWED:BUILTIN\Users (S-1-5-32-545):READ_EXECUTE,False,,embedded,extents,False,False,False,False,False,False,1,,,,,,False,180224,,False,
0x706:0xe,test/elvis_dir_record_449015/elvis_dir_papa_104235/elvis_dir_sync_718743/elvis_dir_gamma_109016/xbpt_audit_india_563500.bin,xbpt_audit_india_563500.bin,.bin,417431,2026-05-16 16:51:55.3313662,2026-05-16 16:51:56.7231057,2026-05-16 16:51:56.7231057,2026-05-16 16:51:56.7231057,test/elvis_dir_record_449015/elvis_dir_papa_104235/elvis_dir_sync_718743/elvis_dir_gamma_109016,0x706,test/elvis_dir_record_449015/elvis_dir_papa_104235/elvis_dir_sync_718743/elvis_dir_gamma_109016,0x706,0xe,,Archive,5176748164,BUILTIN\Administrators (S-1-5-32-544),Domain Users (S-1-5-21-3829591975-2821165226-2477612932-513),4 ACE(s): ALLOWED:BUILTIN\Administrators (S-1-5-32-544):FULL_CONTROL | ALLOWED:SYSTEM (S-1-5-18):FULL_CONTROL | ALLOWED:Authenticated Users (S-1-5-11):MODIFY | ALLOWED:BUILTIN\Users (S-1-5-32-545):READ_EXECUTE,False,,embedded,extents,False,False,False,False,False,False,1,,,,,,False,417792,,False,
0x706:0x14,test/elvis_dir_record_449015/elvis_dir_papa_104235/elvis_dir_sync_718743/elvis_dir_gamma_109016/xbpt_audit_log_130131.ini,xbpt_audit_log_130131.ini,.ini,208467,2021-10-14 07:17:10.8947266,2021-10-14 07:17:10.8947266,2026-05-16 16:52:00.8960979,2021-10-14 07:17:10.8947266,test/elvis_dir_record_449015/elvis_dir_papa_104235/elvis_dir_sync_718743/elvis_dir_gamma_109016,0x706,test/elvis_dir_record_449015/elvis_dir_papa_104235/elvis_dir_sync_718743/elvis_dir_gamma_109016,0x706,0x14,,Archive,5176748164,BUILTIN\Administrators (S-1-5-32-544),Domain Users (S-1-5-21-3829591975-2821165226-2477612932-513),4 ACE(s): ALLOWED:BUILTIN\Administrators (S-1-5-32-544):FULL_CONTROL | ALLOWED:SYSTEM (S-1-5-18):FULL_CONTROL | ALLOWED:Authenticated Users (S-1-5-11):MODIFY | ALLOWED:BUILTIN\Users (S-1-5-32-545):READ_EXECUTE,False,,embedded,extents,False,False,False,False,False,False,1,,,,,,False,208896,,False,MEDIUM:CHANGE_LATE|PRE_FORMAT
0x704:0x8,test/elvis_dir_record_449015/elvis_dir_papa_104235/elvis_dir_sync_718743/elvis_dir_gamma_109016/xbpt_beta_cache_861983.json,xbpt_beta_cache_861983.json,.json,308742,2025-06-11 07:16:10.1388255,2025-06-11 07:16:10.1388255,2026-05-16 16:51:57.2403319,2025-06-11 07:16:10.1388255,test/elvis_dir_record_449015/elvis_dir_papa_104235/elvis_dir_sync_718743/elvis_dir_gamma_109016,0x706,test/elvis_dir_record_449015/elvis_dir_papa_104235/elvis_dir_sync_718743/elvis_dir_gamma_109016/elvis_dir_config_541148,0x704,0x8,,Archive,5176748164,BUILTIN\Administrators (S-1-5-32-544),Domain Users (S-1-5-21-3829591975-2821165226-2477612932-513),4 ACE(s): ALLOWED:BUILTIN\Administrators (S-1-5-32-544):FULL_CONTROL | ALLOWED:SYSTEM (S-1-5-18):FULL_CONTROL | ALLOWED:Authenticated Users (S-1-5-11):MODIFY | ALLOWED:BUILTIN\Users (S-1-5-32-545):READ_EXECUTE,False,,split,extents,False,False,False,False,False,False,1,,,,,,False,311296,,True,MEDIUM:CHANGE_LATE|PRE_FORMAT
0x706:0x7,test/elvis_dir_record_449015/elvis_dir_papa_104235/elvis_dir_sync_718743/elvis_dir_gamma_109016/xbpt_lima_lima_890070.dat,xbpt_lima_lima_890070.dat,.dat,286139,2026-05-16 16:51:52.8656843,2026-05-16 16:51:57.6353400,2026-05-16 16:51:57.6353400,2026-05-16 16:51:57.6353400,test/elvis_dir_record_449015/elvis_dir_papa_104235/elvis_dir_sync_718743/elvis_dir_gamma_109016,0x706,test/elvis_dir_record_449015/elvis_dir_papa_104235/elvis_dir_sync_718743/elvis_dir_gamma_109016,0x706,0x7,,Archive,5176748164,BUILTIN\Administrators (S-1-5-32-544),Domain Users (S-1-5-21-3829591975-2821165226-2477612932-513),4 ACE(s): ALLOWED:BUILTIN\Administrators (S-1-5-32-544):FULL_CONTROL | ALLOWED:SYSTEM (S-1-5-18):FULL_CONTROL | ALLOWED:Authenticated Users (S-1-5-11):MODIFY | ALLOWED:BUILTIN\Users (S-1-5-32-545):READ_EXECUTE,False,,embedded,extents,False,False,False,False,False,False,1,,,,,,False,286720,,False,
0x706:0xa,test/elvis_dir_record_449015/elvis_dir_papa_104235/elvis_dir_sync_718743/elvis_dir_gamma_109016/xbpt_lima_oscar_843603.tmp,xbpt_lima_oscar_843603.tmp,.tmp,4780,2026-05-16 16:51:53.1903962,2026-05-16 16:52:02.9446852,2026-05-16 16:52:02.9446852,2026-05-16 16:52:02.9446852,test/elvis_dir_record_449015/elvis_dir_papa_104235/elvis_dir_sync_718743/elvis_dir_gamma_109016,0x706,test/elvis_dir_record_449015/elvis_dir_papa_104235/elvis_dir_sync_718743/elvis_dir_gamma_109016,0x706,0xa,,Archive,5176748164,BUILTIN\Administrators (S-1-5-32-544),Domain Users (S-1-5-21-3829591975-2821165226-2477612932-513),4 ACE(s): ALLOWED:BUILTIN\Administrators (S-1-5-32-544):FULL_CONTROL | ALLOWED:SYSTEM (S-1-5-18):FULL_CONTROL | ALLOWED:Authenticated Users (S-1-5-11):MODIFY | ALLOWED:BUILTIN\Users (S-1-5-32-545):READ_EXECUTE,False,,embedded,extents,False,False,False,False,False,False,1,,,,,,False,8192,,False,
0x706:0x9,test/elvis_dir_record_449015/elvis_dir_papa_104235/elvis_dir_sync_718743/elvis_dir_gamma_109016/xbpt_mike_tango_822153.dat,xbpt_mike_tango_822153.dat,.dat,498061,2026-05-16 16:51:53.0779990,2026-05-16 16:51:53.0790044,2026-05-16 16:51:53.0790044,2026-05-16 16:51:53.0790044,test/elvis_dir_record_449015/elvis_dir_papa_104235/elvis_dir_sync_718743/elvis_dir_gamma_109016,0x706,test/elvis_dir_record_449015/elvis_dir_papa_104235/elvis_dir_sync_718743/elvis_dir_gamma_109016,0x706,0x9,,Archive,5176748164,BUILTIN\Administrators (S-1-5-32-544),Domain Users (S-1-5-21-3829591975-2821165226-2477612932-513),4 ACE(s): ALLOWED:BUILTIN\Administrators (S-1-5-32-544):FULL_CONTROL | ALLOWED:SYSTEM (S-1-5-18):FULL_CONTROL | ALLOWED:Authenticated Users (S-1-5-11):MODIFY | ALLOWED:BUILTIN\Users (S-1-5-32-545):READ_EXECUTE,False,,embedded,extents,False,False,False,False,False,False,1,,,,,,False,499712,,False,
0x706:0xb,test/elvis_dir_record_449015/elvis_dir_papa_104235/elvis_dir_sync_718743/elvis_dir_gamma_109016/xbpt_romeo_gamma_831931.dat,xbpt_romeo_gamma_831931.dat,.dat,518777,2025-02-23 07:17:23.7743638,2025-02-23 07:17:23.7743638,2026-05-16 16:52:01.7901340,2025-02-23 07:17:23.7743638,test/elvis_dir_record_449015/elvis_dir_papa_104235/elvis_dir_sync_718743/elvis_dir_gamma_109016,0x706,test/elvis_dir_record_449015/elvis_dir_papa_104235/elvis_dir_sync_718743/elvis_dir_gamma_109016,0x706,0xb,,Archive,5176748164,BUILTIN\Administrators (S-1-5-32-544),Domain Users (S-1-5-21-3829591975-2821165226-2477612932-513),4 ACE(s): ALLOWED:BUILTIN\Administrators (S-1-5-32-544):FULL_CONTROL | ALLOWED:SYSTEM (S-1-5-18):FULL_CONTROL | ALLOWED:Authenticated Users (S-1-5-11):MODIFY | ALLOWED:BUILTIN\Users (S-1-5-32-545):READ_EXECUTE,True,hidden_7357,embedded,extents,False,False,False,False,False,False,1,,,,,,False,520192,,False,MEDIUM:CHANGE_LATE|PRE_FORMAT
0x706:0x11,test/elvis_dir_record_449015/elvis_dir_papa_104235/elvis_dir_sync_718743/elvis_dir_gamma_109016/xbpt_tango_victor_844323.json,xbpt_tango_victor_844323.json,.json,213498,2025-03-31 07:17:11.8319740,2025-03-31 07:17:11.8319740,2026-05-16 16:52:00.9671754,2025-03-31 07:17:11.8319740,test/elvis_dir_record_449015/elvis_dir_papa_104235/elvis_dir_sync_718743/elvis_dir_gamma_109016,0x706,test/elvis_dir_record_449015/elvis_dir_papa_104235/elvis_dir_sync_718743/elvis_dir_gamma_109016,0x706,0x11,,Archive,5176748164,BUILTIN\Administrators (S-1-5-32-544),Domain Users (S-1-5-21-3829591975-2821165226-2477612932-513),4 ACE(s): ALLOWED:BUILTIN\Administrators (S-1-5-32-544):FULL_CONTROL | ALLOWED:SYSTEM (S-1-5-18):FULL_CONTROL | ALLOWED:Authenticated Users (S-1-5-11):MODIFY | ALLOWED:BUILTIN\Users (S-1-5-32-545):READ_EXECUTE,False,,embedded,extents,False,False,False,False,False,False,1,,,,,,False,217088,,False,MEDIUM:CHANGE_LATE|PRE_FORMAT
0x706:0x13,test/elvis_dir_record_449015/elvis_dir_papa_104235/elvis_dir_sync_718743/elvis_dir_gamma_109016/xbpt_temp_output_522138.tmp,xbpt_temp_output_522138.tmp,.tmp,345054,2026-05-16 16:51:56.9409901,2026-05-16 16:51:56.9421529,2026-05-16 16:51:56.9421529,2026-05-16 16:51:56.9421529,test/elvis_dir_record_449015/elvis_dir_papa_104235/elvis_dir_sync_718743/elvis_dir_gamma_109016,0x706,test/elvis_dir_record_449015/elvis_dir_papa_104235/elvis_dir_sync_718743/elvis_dir_gamma_109016,0x706,0x13,,Archive,5176748164,BUILTIN\Administrators (S-1-5-32-544),Domain Users (S-1-5-21-3829591975-2821165226-2477612932-513),4 ACE(s): ALLOWED:BUILTIN\Administrators (S-1-5-32-544):FULL_CONTROL | ALLOWED:SYSTEM (S-1-5-18):FULL_CONTROL | ALLOWED:Authenticated Users (S-1-5-11):MODIFY | ALLOWED:BUILTIN\Users (S-1-5-32-545):READ_EXECUTE,False,,embedded,extents,False,False,False,False,False,False,1,,,,,,False,348160,,False,
0x706:0x15,test/elvis_dir_record_449015/elvis_dir_papa_104235/elvis_dir_sync_718743/elvis_dir_gamma_109016/xbpt_trace_quebec_127743.bin,xbpt_trace_quebec_127743.bin,.bin,316740,2026-05-16 16:51:57.7748159,2026-05-16 16:51:58.6772339,2026-05-16 16:51:58.6772339,2026-05-16 16:51:58.6772339,test/elvis_dir_record_449015/elvis_dir_papa_104235/elvis_dir_sync_718743/elvis_dir_gamma_109016,0x706,test/elvis_dir_record_449015/elvis_dir_papa_104235/elvis_dir_sync_718743/elvis_dir_gamma_109016,0x706,0x15,,Archive,5176748164,BUILTIN\Administrators (S-1-5-32-544),Domain Users (S-1-5-21-3829591975-2821165226-2477612932-513),4 ACE(s): ALLOWED:BUILTIN\Administrators (S-1-5-32-544):FULL_CONTROL | ALLOWED:SYSTEM (S-1-5-18):FULL_CONTROL | ALLOWED:Authenticated Users (S-1-5-11):MODIFY | ALLOWED:BUILTIN\Users (S-1-5-32-545):READ_EXECUTE,False,,embedded,extents,False,False,False,False,False,False,1,,,,,,False,319488,,False,
0x703,test/elvis_dir_record_449015/elvis_dir_papa_104235/elvis_dir_sync_718743/elvis_dir_gamma_603462,elvis_dir_gamma_603462,,0,2026-05-16 16:51:50.4528371,2026-05-16 16:51:59.2695542,2026-05-16 16:51:59.2695542,2026-05-16 16:51:59.2695542,test/elvis_dir_record_449015/elvis_dir_papa_104235/elvis_dir_sync_718743,0x707,,,,,Directory_Internal,4831861536,BUILTIN\Administrators (S-1-5-32-544),Domain Users (S-1-5-21-3829591975-2821165226-2477612932-513),7 ACE(s): ALLOWED:BUILTIN\Administrators (S-1-5-32-544):FULL_CONTROL | ALLOWED:SYSTEM (S-1-5-18):FULL_CONTROL | ALLOWED:SYSTEM (S-1-5-18):GENERIC_ALL | ALLOWED:Authenticated Users (S-1-5-11):MODIFY | ALLOWED:Authenticated Users (S-1-5-11):DELETE|GENERIC_EXECUTE|GENERIC_WRITE|GENERIC_READ | ALLOWED:BUILTIN\Users (S-1-5-32-545):READ_EXECUTE | …,False,,,,False,True,False,False,False,False,,,,,,,False,,,False,
0x708,test/elvis_dir_record_449015/elvis_dir_papa_104235/elvis_dir_sync_718743/elvis_dir_gamma_603462/elvis_dir_quebec_218899,elvis_dir_quebec_218899,,0,2026-05-16 16:51:51.3945172,2026-05-16 16:51:57.3113430,2026-05-16 16:51:58.0038686,2026-05-16 16:51:57.3113430,test/elvis_dir_record_449015/elvis_dir_papa_104235/elvis_dir_sync_718743/elvis_dir_gamma_603462,0x703,,,,,Directory_Internal,4831861536,BUILTIN\Administrators (S-1-5-32-544),Domain Users (S-1-5-21-3829591975-2821165226-2477612932-513),7 ACE(s): ALLOWED:BUILTIN\Administrators (S-1-5-32-544):FULL_CONTROL | ALLOWED:SYSTEM (S-1-5-18):FULL_CONTROL | ALLOWED:SYSTEM (S-1-5-18):GENERIC_ALL | ALLOWED:Authenticated Users (S-1-5-11):MODIFY | ALLOWED:Authenticated Users (S-1-5-11):DELETE|GENERIC_EXECUTE|GENERIC_WRITE|GENERIC_READ | ALLOWED:BUILTIN\Users (S-1-5-32-545):READ_EXECUTE | …,False,,,,False,True,False,False,False,False,,,,,,,False,,,False,
0x702:0x6,test/elvis_dir_record_449015/elvis_dir_papa_104235/elvis_dir_sync_718743/elvis_dir_gamma_603462/elvis_dir_quebec_218899/xbpt_config_record_746941.dat,xbpt_config_record_746941.dat,.dat,73763,2024-05-06 07:17:31.2960857,2024-05-06 07:17:31.2960857,2026-05-16 16:52:02.4677988,2024-05-06 07:17:31.2960857,test/elvis_dir_record_449015/elvis_dir_papa_104235/elvis_dir_sync_718743/elvis_dir_gamma_603462/elvis_dir_quebec_218899,0x708,test,0x702,0x6,,Archive,5176748164,BUILTIN\Administrators (S-1-5-32-544),Domain Users (S-1-5-21-3829591975-2821165226-2477612932-513),4 ACE(s): ALLOWED:BUILTIN\Administrators (S-1-5-32-544):FULL_CONTROL | ALLOWED:SYSTEM (S-1-5-18):FULL_CONTROL | ALLOWED:Authenticated Users (S-1-5-11):MODIFY | ALLOWED:BUILTIN\Users (S-1-5-32-545):READ_EXECUTE,False,,split,extents,False,False,False,False,False,False,1,,,,,,False,77824,,True,MEDIUM:CHANGE_LATE|PRE_FORMAT
0x703:0x10,test/elvis_dir_record_449015/elvis_dir_papa_104235/elvis_dir_sync_718743/elvis_dir_gamma_603462/xbpt_index_uniform_409576.json,xbpt_index_uniform_409576.json,.json,244817,2024-12-12 07:16:57.7860609,2026-05-16 16:52:02.2963291,2026-05-16 16:52:02.2963291,2026-05-16 16:52:02.2963291,test/elvis_dir_record_449015/elvis_dir_papa_104235/elvis_dir_sync_718743/elvis_dir_gamma_603462,0x703,test/elvis_dir_record_449015/elvis_dir_papa_104235/elvis_dir_sync_718743/elvis_dir_gamma_603462,0x703,0x10,,Archive,5176748164,BUILTIN\Administrators (S-1-5-32-544),Domain Users (S-1-5-21-3829591975-2821165226-2477612932-513),4 ACE(s): ALLOWED:BUILTIN\Administrators (S-1-5-32-544):FULL_CONTROL | ALLOWED:SYSTEM (S-1-5-18):FULL_CONTROL | ALLOWED:Authenticated Users (S-1-5-11):MODIFY | ALLOWED:BUILTIN\Users (S-1-5-32-545):READ_EXECUTE,False,,embedded,extents,False,False,False,False,False,False,1,,,,,,False,245760,,False,MEDIUM:PRE_FORMAT
0x703:0xf,test/elvis_dir_record_449015/elvis_dir_papa_104235/elvis_dir_sync_718743/elvis_dir_gamma_603462/xbpt_victor_echo_578793.cfg,xbpt_victor_echo_578793.cfg,.cfg,373180,2023-10-15 07:17:00.9306544,2023-10-15 07:17:00.9306544,2026-05-16 16:51:59.8632963,2023-10-15 07:17:00.9306544,test/elvis_dir_record_449015/elvis_dir_papa_104235/elvis_dir_sync_718743/elvis_dir_gamma_603462,0x703,test/elvis_dir_record_449015/elvis_dir_papa_104235/elvis_dir_sync_718743/elvis_dir_gamma_603462,0x703,0xf,,Archive,5176748164,BUILTIN\Administrators (S-1-5-32-544),Domain Users (S-1-5-21-3829591975-2821165226-2477612932-513),4 ACE(s): ALLOWED:BUILTIN\Administrators (S-1-5-32-544):FULL_CONTROL | ALLOWED:SYSTEM (S-1-5-18):FULL_CONTROL | ALLOWED:Authenticated Users (S-1-5-11):MODIFY | ALLOWED:BUILTIN\Users (S-1-5-32-545):READ_EXECUTE,False,,embedded,extents,False,False,False,False,False,False,1,,,,,,False,376832,,False,MEDIUM:CHANGE_LATE|PRE_FORMAT
0x703:0x6,test/elvis_dir_record_449015/elvis_dir_papa_104235/elvis_dir_sync_718743/elvis_dir_gamma_603462/xbpt_zulu_output_293634.cfg,xbpt_zulu_output_293634.cfg,.cfg,474347,2023-11-21 07:17:13.8768248,2023-11-21 07:17:13.8768248,2026-05-16 16:52:01.0971840,2023-11-21 07:17:13.8768248,test/elvis_dir_record_449015/elvis_dir_papa_104235/elvis_dir_sync_718743/elvis_dir_gamma_603462,0x703,test/elvis_dir_record_449015/elvis_dir_papa_104235/elvis_dir_sync_718743/elvis_dir_gamma_603462,0x703,0x6,,Archive,5176748164,BUILTIN\Administrators (S-1-5-32-544),Domain Users (S-1-5-21-3829591975-2821165226-2477612932-513),4 ACE(s): ALLOWED:BUILTIN\Administrators (S-1-5-32-544):FULL_CONTROL | ALLOWED:SYSTEM (S-1-5-18):FULL_CONTROL | ALLOWED:Authenticated Users (S-1-5-11):MODIFY | ALLOWED:BUILTIN\Users (S-1-5-32-545):READ_EXECUTE,False,,embedded,extents,False,False,False,False,False,False,1,,,,,,False,475136,,False,MEDIUM:CHANGE_LATE|PRE_FORMAT
0x707:0x7,test/elvis_dir_record_449015/elvis_dir_papa_104235/elvis_dir_sync_718743/xbpt_archive_whiskey_718198.csv,xbpt_archive_whiskey_718198.csv,.csv,332344,2026-05-16 16:51:52.7254277,2026-05-16 16:51:52.7264189,2026-05-16 16:51:56.0522287,2026-05-16 16:51:52.7264189,test/elvis_dir_record_449015/elvis_dir_papa_104235/elvis_dir_sync_718743,0x707,test/elvis_dir_record_449015/elvis_dir_papa_104235/elvis_dir_sync_718743,0x707,0x7,,Archive,5176748164,BUILTIN\Administrators (S-1-5-32-544),Domain Users (S-1-5-21-3829591975-2821165226-2477612932-513),4 ACE(s): ALLOWED:BUILTIN\Administrators (S-1-5-32-544):FULL_CONTROL | ALLOWED:SYSTEM (S-1-5-18):FULL_CONTROL | ALLOWED:Authenticated Users (S-1-5-11):MODIFY | ALLOWED:BUILTIN\Users (S-1-5-32-545):READ_EXECUTE,False,,embedded,extents,False,False,False,False,False,False,1,,,,,,False,335872,,False,
0x707:0x15,test/elvis_dir_record_449015/elvis_dir_papa_104235/elvis_dir_sync_718743/xbpt_audit_november_543757.cfg,xbpt_audit_november_543757.cfg,.cfg,404255,2026-05-16 16:52:02.1119363,2026-05-16 16:52:02.1129252,2026-05-16 16:52:02.1129252,2026-05-16 16:52:02.1129252,test/elvis_dir_record_449015/elvis_dir_papa_104235/elvis_dir_sync_718743,0x707,test/elvis_dir_record_449015/elvis_dir_papa_104235/elvis_dir_sync_718743,0x707,0x15,,Archive,5176748164,BUILTIN\Administrators (S-1-5-32-544),Domain Users (S-1-5-21-3829591975-2821165226-2477612932-513),4 ACE(s): ALLOWED:BUILTIN\Administrators (S-1-5-32-544):FULL_CONTROL | ALLOWED:SYSTEM (S-1-5-18):FULL_CONTROL | ALLOWED:Authenticated Users (S-1-5-11):MODIFY | ALLOWED:BUILTIN\Users (S-1-5-32-545):READ_EXECUTE,False,,embedded,extents,False,False,False,False,False,False,1,,,,,,False,405504,,False,
0x707:0x5,test/elvis_dir_record_449015/elvis_dir_papa_104235/elvis_dir_sync_718743/xbpt_cache_beta_265588.tmp,xbpt_cache_beta_265588.tmp,.tmp,277941,2022-03-06 07:16:22.2090777,2022-03-06 07:16:22.2090777,2026-05-16 16:52:01.5698313,2022-03-06 07:16:22.2090777,test/elvis_dir_record_449015/elvis_dir_papa_104235/elvis_dir_sync_718743,0x707,test/elvis_dir_record_449015/elvis_dir_papa_104235/elvis_dir_sync_718743,0x707,0x5,,Archive,5176748164,BUILTIN\Administrators (S-1-5-32-544),Domain Users (S-1-5-21-3829591975-2821165226-2477612932-513),4 ACE(s): ALLOWED:BUILTIN\Administrators (S-1-5-32-544):FULL_CONTROL | ALLOWED:SYSTEM (S-1-5-18):FULL_CONTROL | ALLOWED:Authenticated Users (S-1-5-11):MODIFY | ALLOWED:BUILTIN\Users (S-1-5-32-545):READ_EXECUTE,False,,embedded,extents,False,False,False,False,False,False,1,,,,,,False,278528,,False,MEDIUM:CHANGE_LATE|PRE_FORMAT
0x707:0x10,test/elvis_dir_record_449015/elvis_dir_papa_104235/elvis_dir_sync_718743/xbpt_config_beta_555315.bin,xbpt_config_beta_555315.bin,.bin,34068,2026-05-16 16:51:58.3939363,2026-05-16 16:51:58.3939363,2026-05-16 16:51:58.3939363,2026-05-16 16:51:58.3939363,test/elvis_dir_record_449015/elvis_dir_papa_104235/elvis_dir_sync_718743,0x707,test/elvis_dir_record_449015/elvis_dir_papa_104235/elvis_dir_sync_718743,0x707,0x10,,Archive,5176748164,BUILTIN\Administrators (S-1-5-32-544),Domain Users (S-1-5-21-3829591975-2821165226-2477612932-513),4 ACE(s): ALLOWED:BUILTIN\Administrators (S-1-5-32-544):FULL_CONTROL | ALLOWED:SYSTEM (S-1-5-18):FULL_CONTROL | ALLOWED:Authenticated Users (S-1-5-11):MODIFY | ALLOWED:BUILTIN\Users (S-1-5-32-545):READ_EXECUTE,False,,embedded,extents,False,False,False,False,False,False,1,,,,,,False,36864,,False,
0x707:0xa,test/elvis_dir_record_449015/elvis_dir_papa_104235/elvis_dir_sync_718743/xbpt_config_india_582905.json,xbpt_config_india_582905.json,.json,417040,2026-05-16 16:51:53.4274247,2026-05-16 16:51:53.4304176,2026-05-16 16:51:53.4304176,2026-05-16 16:51:53.4304176,test/elvis_dir_record_449015/elvis_dir_papa_104235/elvis_dir_sync_718743,0x707,test/elvis_dir_record_449015/elvis_dir_papa_104235/elvis_dir_sync_718743,0x707,0xa,,Archive,5176748164,BUILTIN\Administrators (S-1-5-32-544),Domain Users (S-1-5-21-3829591975-2821165226-2477612932-513),4 ACE(s): ALLOWED:BUILTIN\Administrators (S-1-5-32-544):FULL_CONTROL | ALLOWED:SYSTEM (S-1-5-18):FULL_CONTROL | ALLOWED:Authenticated Users (S-1-5-11):MODIFY | ALLOWED:BUILTIN\Users (S-1-5-32-545):READ_EXECUTE,False,,embedded,extents,False,False,False,False,False,False,1,,,,,,False,417792,,False,
0x704:0x5,test/elvis_dir_record_449015/elvis_dir_papa_104235/elvis_dir_sync_718743/xbpt_draft_beta_656043.txt,xbpt_draft_beta_656043.txt,.txt,436357,2026-05-16 16:51:51.2215113,2026-05-16 16:51:53.1309646,2026-05-16 16:51:56.7639367,2026-05-16 16:51:53.1309646,test/elvis_dir_record_449015/elvis_dir_papa_104235/elvis_dir_sync_718743,0x707,test/elvis_dir_record_449015/elvis_dir_papa_104235/elvis_dir_sync_718743/elvis_dir_gamma_109016/elvis_dir_config_541148,0x704,0x5,,Archive,5176748164,BUILTIN\Administrators (S-1-5-32-544),Domain Users (S-1-5-21-3829591975-2821165226-2477612932-513),4 ACE(s): ALLOWED:BUILTIN\Administrators (S-1-5-32-544):FULL_CONTROL | ALLOWED:SYSTEM (S-1-5-18):FULL_CONTROL | ALLOWED:Authenticated Users (S-1-5-11):MODIFY | ALLOWED:BUILTIN\Users (S-1-5-32-545):READ_EXECUTE,False,,split,extents,False,False,False,False,False,False,1,,,,,,False,438272,,True,
0x707:0x16,test/elvis_dir_record_449015/elvis_dir_papa_104235/elvis_dir_sync_718743/xbpt_gamma_victor_852781.bak,xbpt_gamma_victor_852781.bak,.bak,360128,2026-05-16 16:52:02.8020895,2026-05-16 16:52:02.8030861,2026-05-16 16:52:02.8030861,2026-05-16 16:52:02.8030861,test/elvis_dir_record_449015/elvis_dir_papa_104235/elvis_dir_sync_718743,0x707,test/elvis_dir_record_449015/elvis_dir_papa_104235/elvis_dir_sync_718743,0x707,0x16,,Archive,5176748164,BUILTIN\Administrators (S-1-5-32-544),Domain Users (S-1-5-21-3829591975-2821165226-2477612932-513),4 ACE(s): ALLOWED:BUILTIN\Administrators (S-1-5-32-544):FULL_CONTROL | ALLOWED:SYSTEM (S-1-5-18):FULL_CONTROL | ALLOWED:Authenticated Users (S-1-5-11):MODIFY | ALLOWED:BUILTIN\Users (S-1-5-32-545):READ_EXECUTE,False,,embedded,extents,False,False,False,False,False,False,1,,,,,,False,360448,,False,
0x707:0x8,test/elvis_dir_record_449015/elvis_dir_papa_104235/elvis_dir_sync_718743/xbpt_hotel_sync_810225.ini,xbpt_hotel_sync_810225.ini,.ini,166671,2026-05-16 16:51:52.7569244,2026-05-16 16:51:57.6902672,2026-05-16 16:51:57.6902672,2026-05-16 16:51:57.6902672,test/elvis_dir_record_449015/elvis_dir_papa_104235/elvis_dir_sync_718743,0x707,test/elvis_dir_record_449015/elvis_dir_papa_104235/elvis_dir_sync_718743,0x707,0x8,,Archive,5176748164,BUILTIN\Administrators (S-1-5-32-544),Domain Users (S-1-5-21-3829591975-2821165226-2477612932-513),4 ACE(s): ALLOWED:BUILTIN\Administrators (S-1-5-32-544):FULL_CONTROL | ALLOWED:SYSTEM (S-1-5-18):FULL_CONTROL | ALLOWED:Authenticated Users (S-1-5-11):MODIFY | ALLOWED:BUILTIN\Users (S-1-5-32-545):READ_EXECUTE,False,,embedded,extents,False,False,False,False,False,False,1,,,,,,False,167936,,False,
0x707:0x12,test/elvis_dir_record_449015/elvis_dir_papa_104235/elvis_dir_sync_718743/xbpt_index_temp_198731.cfg,xbpt_index_temp_198731.cfg,.cfg,264667,2022-02-28 07:17:26.7141564,2022-02-28 07:17:26.7141564,2026-05-16 16:52:02.1179262,2022-02-28 07:17:26.7141564,test/elvis_dir_record_449015/elvis_dir_papa_104235/elvis_dir_sync_718743,0x707,test/elvis_dir_record_449015/elvis_dir_papa_104235/elvis_dir_sync_718743,0x707,0x12,,Archive,5176748164,BUILTIN\Administrators (S-1-5-32-544),Domain Users (S-1-5-21-3829591975-2821165226-2477612932-513),4 ACE(s): ALLOWED:BUILTIN\Administrators (S-1-5-32-544):FULL_CONTROL | ALLOWED:SYSTEM (S-1-5-18):FULL_CONTROL | ALLOWED:Authenticated Users (S-1-5-11):MODIFY | ALLOWED:BUILTIN\Users (S-1-5-32-545):READ_EXECUTE,False,,embedded,extents,False,False,False,False,False,False,1,,,,,,False,266240,,False,MEDIUM:CHANGE_LATE|PRE_FORMAT
0x707:0xe,test/elvis_dir_record_449015/elvis_dir_papa_104235/elvis_dir_sync_718743/xbpt_india_whiskey_159747.csv,xbpt_india_whiskey_159747.csv,.csv,64539,2026-05-16 16:51:57.1469533,2026-05-16 16:51:57.9183602,2026-05-16 16:51:57.9183602,2026-05-16 16:51:57.9183602,test/elvis_dir_record_449015/elvis_dir_papa_104235/elvis_dir_sync_718743,0x707,test/elvis_dir_record_449015/elvis_dir_papa_104235/elvis_dir_sync_718743,0x707,0xe,,Archive,5176748164,BUILTIN\Administrators (S-1-5-32-544),Domain Users (S-1-5-21-3829591975-2821165226-2477612932-513),4 ACE(s): ALLOWED:BUILTIN\Administrators (S-1-5-32-544):FULL_CONTROL | ALLOWED:SYSTEM (S-1-5-18):FULL_CONTROL | ALLOWED:Authenticated Users (S-1-5-11):MODIFY | ALLOWED:BUILTIN\Users (S-1-5-32-545):READ_EXECUTE,False,,embedded,extents,False,False,False,False,False,False,1,,,,,,False,65536,,False,
0x707:0x4,test/elvis_dir_record_449015/elvis_dir_papa_104235/elvis_dir_sync_718743/xbpt_log_whiskey_169575.dat,xbpt_log_whiskey_169575.dat,.dat,407804,2022-12-26 07:16:15.5489447,2022-12-26 07:16:15.5489447,2026-05-16 16:51:53.5402893,2022-12-26 07:16:15.5489447,test/elvis_dir_record_449015/elvis_dir_papa_104235/elvis_dir_sync_718743,0x707,test/elvis_dir_record_449015/elvis_dir_papa_104235/elvis_dir_sync_718743,0x707,0x4,,Archive,5176748164,BUILTIN\Administrators (S-1-5-32-544),Domain Users (S-1-5-21-3829591975-2821165226-2477612932-513),4 ACE(s): ALLOWED:BUILTIN\Administrators (S-1-5-32-544):FULL_CONTROL | ALLOWED:SYSTEM (S-1-5-18):FULL_CONTROL | ALLOWED:Authenticated Users (S-1-5-11):MODIFY | ALLOWED:BUILTIN\Users (S-1-5-32-545):READ_EXECUTE,False,,embedded,extents,False,False,False,False,False,False,1,,,,,,False,409600,,False,MEDIUM:CHANGE_LATE|PRE_FORMAT
0x707:0x11,test/elvis_dir_record_449015/elvis_dir_papa_104235/elvis_dir_sync_718743/xbpt_mike_uniform_966879.xml,xbpt_mike_uniform_966879.xml,.xml,470735,2026-05-16 16:52:01.0303629,2026-05-16 16:52:01.0313310,2026-05-16 16:52:01.0313310,2026-05-16 16:52:01.0313310,test/elvis_dir_record_449015/elvis_dir_papa_104235/elvis_dir_sync_718743,0x707,test/elvis_dir_record_449015/elvis_dir_papa_104235/elvis_dir_sync_718743,0x707,0x11,,Archive,5176748164,BUILTIN\Administrators (S-1-5-32-544),Domain Users (S-1-5-21-3829591975-2821165226-2477612932-513),4 ACE(s): ALLOWED:BUILTIN\Administrators (S-1-5-32-544):FULL_CONTROL | ALLOWED:SYSTEM (S-1-5-18):FULL_CONTROL | ALLOWED:Authenticated Users (S-1-5-11):MODIFY | ALLOWED:BUILTIN\Users (S-1-5-32-545):READ_EXECUTE,False,,embedded,extents,False,False,False,False,False,False,1,,,,,,False,471040,,False,
0x707:0x13,test/elvis_dir_record_449015/elvis_dir_papa_104235/elvis_dir_sync_718743/xbpt_oscar_report_193920.cfg,xbpt_oscar_report_193920.cfg,.cfg,331810,2026-05-16 16:52:01.9236306,2026-05-16 16:52:01.9246232,2026-05-16 16:52:01.9246232,2026-05-16 16:52:01.9246232,test/elvis_dir_record_449015/elvis_dir_papa_104235/elvis_dir_sync_718743,0x707,test/elvis_dir_record_449015/elvis_dir_papa_104235/elvis_dir_sync_718743,0x707,0x13,,Archive,5176748164,BUILTIN\Administrators (S-1-5-32-544),Domain Users (S-1-5-21-3829591975-2821165226-2477612932-513),4 ACE(s): ALLOWED:BUILTIN\Administrators (S-1-5-32-544):FULL_CONTROL | ALLOWED:SYSTEM (S-1-5-18):FULL_CONTROL | ALLOWED:Authenticated Users (S-1-5-11):MODIFY | ALLOWED:BUILTIN\Users (S-1-5-32-545):READ_EXECUTE,False,,embedded,extents,False,False,False,False,False,False,1,,,,,,False,335872,,False,
0x707:0xd,test/elvis_dir_record_449015/elvis_dir_papa_104235/elvis_dir_sync_718743/xbpt_quebec_audit_121864.cfg,xbpt_quebec_audit_121864.cfg,.cfg,380437,2024-10-16 07:17:27.5521698,2026-05-16 16:52:02.7583496,2026-05-16 16:52:02.7583496,2026-05-16 16:52:02.7583496,test/elvis_dir_record_449015/elvis_dir_papa_104235/elvis_dir_sync_718743,0x707,test/elvis_dir_record_449015/elvis_dir_papa_104235/elvis_dir_sync_718743,0x707,0xd,,Archive,5176748164,BUILTIN\Administrators (S-1-5-32-544),Domain Users (S-1-5-21-3829591975-2821165226-2477612932-513),4 ACE(s): ALLOWED:BUILTIN\Administrators (S-1-5-32-544):FULL_CONTROL | ALLOWED:SYSTEM (S-1-5-18):FULL_CONTROL | ALLOWED:Authenticated Users (S-1-5-11):MODIFY | ALLOWED:BUILTIN\Users (S-1-5-32-545):READ_EXECUTE,False,,embedded,extents,False,False,False,False,False,False,1,,,,,,False,380928,,False,MEDIUM:PRE_FORMAT
0x70f:0xe,test/elvis_dir_record_449015/elvis_dir_papa_104235/elvis_dir_sync_718743/xbpt_record_delta_426347.json,xbpt_record_delta_426347.json,.json,364340,2026-05-16 16:51:57.0165381,2026-05-16 16:52:01.5832306,2026-05-16 16:52:01.5832306,2026-05-16 16:52:01.5832306,test/elvis_dir_record_449015/elvis_dir_papa_104235/elvis_dir_sync_718743,0x707,test/elvis_dir_record_449015,0x70f,0xe,,Archive,5176748164,BUILTIN\Administrators (S-1-5-32-544),Domain Users (S-1-5-21-3829591975-2821165226-2477612932-513),4 ACE(s): ALLOWED:BUILTIN\Administrators (S-1-5-32-544):FULL_CONTROL | ALLOWED:SYSTEM (S-1-5-18):FULL_CONTROL | ALLOWED:Authenticated Users (S-1-5-11):MODIFY | ALLOWED:BUILTIN\Users (S-1-5-32-545):READ_EXECUTE,False,,split,extents,False,False,False,False,False,False,1,,,,,,False,364544,,True,
0x71a:0x6,test/elvis_dir_record_449015/elvis_dir_papa_104235/elvis_dir_sync_718743/xbpt_record_index_307951.json,xbpt_record_index_307951.json,.json,415474,2026-05-16 16:51:55.4857064,2026-05-16 16:51:55.4867030,2026-05-16 16:52:01.2505152,2026-05-16 16:51:55.4867030,test/elvis_dir_record_449015/elvis_dir_papa_104235/elvis_dir_sync_718743,0x707,test/elvis_dir_record_449015/elvis_dir_papa_104235/elvis_dir_sync_718743/elvis_dir_gamma_109016/elvis_dir_index_592790,0x71a,0x6,,Archive,5176748164,BUILTIN\Administrators (S-1-5-32-544),Domain Users (S-1-5-21-3829591975-2821165226-2477612932-513),4 ACE(s): ALLOWED:BUILTIN\Administrators (S-1-5-32-544):FULL_CONTROL | ALLOWED:SYSTEM (S-1-5-18):FULL_CONTROL | ALLOWED:Authenticated Users (S-1-5-11):MODIFY | ALLOWED:BUILTIN\Users (S-1-5-32-545):READ_EXECUTE,False,,split,extents,False,False,False,False,False,False,1,,,,,,False,417792,,True,
0x707:0xf,test/elvis_dir_record_449015/elvis_dir_papa_104235/elvis_dir_sync_718743/xbpt_report_alpha_806856.csv,xbpt_report_alpha_806856.csv,.csv,100336,2026-05-16 16:51:57.4572324,2026-05-16 16:51:57.4572324,2026-05-16 16:51:57.4572324,2026-05-16 16:51:57.4572324,test/elvis_dir_record_449015/elvis_dir_papa_104235/elvis_dir_sync_718743,0x707,test/elvis_dir_record_449015/elvis_dir_papa_104235/elvis_dir_sync_718743,0x707,0xf,,Archive,5176748164,BUILTIN\Administrators (S-1-5-32-544),Domain Users (S-1-5-21-3829591975-2821165226-2477612932-513),4 ACE(s): ALLOWED:BUILTIN\Administrators (S-1-5-32-544):FULL_CONTROL | ALLOWED:SYSTEM (S-1-5-18):FULL_CONTROL | ALLOWED:Authenticated Users (S-1-5-11):MODIFY | ALLOWED:BUILTIN\Users (S-1-5-32-545):READ_EXECUTE,False,,embedded,extents,False,False,False,False,False,False,1,,,,,,False,102400,,False,
0x707:0xc,test/elvis_dir_record_449015/elvis_dir_papa_104235/elvis_dir_sync_718743/xbpt_temp_echo_351548.json,xbpt_temp_echo_351548.json,.json,254247,2026-05-16 16:51:56.9196148,2026-05-16 16:51:56.9206160,2026-05-16 16:51:56.9206160,2026-05-16 16:51:56.9206160,test/elvis_dir_record_449015/elvis_dir_papa_104235/elvis_dir_sync_718743,0x707,test/elvis_dir_record_449015/elvis_dir_papa_104235/elvis_dir_sync_718743,0x707,0xc,,Archive,5176748164,BUILTIN\Administrators (S-1-5-32-544),Domain Users (S-1-5-21-3829591975-2821165226-2477612932-513),4 ACE(s): ALLOWED:BUILTIN\Administrators (S-1-5-32-544):FULL_CONTROL | ALLOWED:SYSTEM (S-1-5-18):FULL_CONTROL | ALLOWED:Authenticated Users (S-1-5-11):MODIFY | ALLOWED:BUILTIN\Users (S-1-5-32-545):READ_EXECUTE,False,,embedded,extents,False,False,False,False,False,False,1,,,,,,False,258048,,False,
0x734,test/elvis_dir_record_449015/elvis_dir_papa_104235/elvis_dir_whiskey_835215,elvis_dir_whiskey_835215,,0,2026-05-16 16:52:01.3906221,2026-05-16 16:52:02.1864814,2026-05-16 16:52:02.1864814,2026-05-16 16:52:02.1864814,test/elvis_dir_record_449015/elvis_dir_papa_104235,0x721,,,,,Directory_Internal,4831861536,BUILTIN\Administrators (S-1-5-32-544),Domain Users (S-1-5-21-3829591975-2821165226-2477612932-513),7 ACE(s): ALLOWED:BUILTIN\Administrators (S-1-5-32-544):FULL_CONTROL | ALLOWED:SYSTEM (S-1-5-18):FULL_CONTROL | ALLOWED:SYSTEM (S-1-5-18):GENERIC_ALL | ALLOWED:Authenticated Users (S-1-5-11):MODIFY | ALLOWED:Authenticated Users (S-1-5-11):DELETE|GENERIC_EXECUTE|GENERIC_WRITE|GENERIC_READ | ALLOWED:BUILTIN\Users (S-1-5-32-545):READ_EXECUTE | …,False,,,,False,True,False,False,False,False,,,,,,,False,,,False,
0x706:0x16,test/elvis_dir_record_449015/elvis_dir_papa_104235/elvis_dir_whiskey_835215/xbpt_alpha_romeo_974930.bin,xbpt_alpha_romeo_974930.bin,.bin,478670,2026-05-16 16:51:58.0624433,2026-05-16 16:51:58.0634477,2026-05-16 16:52:02.1864814,2026-05-16 16:51:58.0634477,test/elvis_dir_record_449015/elvis_dir_papa_104235/elvis_dir_whiskey_835215,0x734,test/elvis_dir_record_449015/elvis_dir_papa_104235/elvis_dir_sync_718743/elvis_dir_gamma_109016,0x706,0x16,,Archive,5176748164,BUILTIN\Administrators (S-1-5-32-544),Domain Users (S-1-5-21-3829591975-2821165226-2477612932-513),4 ACE(s): ALLOWED:BUILTIN\Administrators (S-1-5-32-544):FULL_CONTROL | ALLOWED:SYSTEM (S-1-5-18):FULL_CONTROL | ALLOWED:Authenticated Users (S-1-5-11):MODIFY | ALLOWED:BUILTIN\Users (S-1-5-32-545):READ_EXECUTE,False,,split,extents,False,False,False,False,False,False,1,,,,,,False,479232,,True,
0x721:0x8,test/elvis_dir_record_449015/elvis_dir_papa_104235/xbpt_backup_sierra_949923.ini,xbpt_backup_sierra_949923.ini,.ini,192974,2026-05-16 16:51:59.8149144,2026-05-16 16:51:59.8149144,2026-05-16 16:51:59.8149144,2026-05-16 16:51:59.8149144,test/elvis_dir_record_449015/elvis_dir_papa_104235,0x721,test/elvis_dir_record_449015/elvis_dir_papa_104235,0x721,0x8,,Archive,5176748164,BUILTIN\Administrators (S-1-5-32-544),Domain Users (S-1-5-21-3829591975-2821165226-2477612932-513),4 ACE(s): ALLOWED:BUILTIN\Administrators (S-1-5-32-544):FULL_CONTROL | ALLOWED:SYSTEM (S-1-5-18):FULL_CONTROL | ALLOWED:Authenticated Users (S-1-5-11):MODIFY | ALLOWED:BUILTIN\Users (S-1-5-32-545):READ_EXECUTE,False,,embedded,extents,False,False,False,False,False,False,1,,,,,,False,196608,,False,
0x721:0xd,test/elvis_dir_record_449015/elvis_dir_papa_104235/xbpt_delta_log_234524.log,xbpt_delta_log_234524.log,.log,57215,2026-05-16 16:52:00.8777899,2026-05-16 16:51:54.8017279,2026-05-16 16:51:54.8017279,2026-05-16 16:52:00.8777899,test/elvis_dir_record_449015/elvis_dir_papa_104235,0x721,test/elvis_dir_record_449015/elvis_dir_papa_104235,0x721,0xd,,Archive,5176748164,BUILTIN\Administrators (S-1-5-32-544),Domain Users (S-1-5-21-3829591975-2821165226-2477612932-513),4 ACE(s): ALLOWED:BUILTIN\Administrators (S-1-5-32-544):FULL_CONTROL | ALLOWED:SYSTEM (S-1-5-18):FULL_CONTROL | ALLOWED:Authenticated Users (S-1-5-11):MODIFY | ALLOWED:BUILTIN\Users (S-1-5-32-545):READ_EXECUTE,False,,embedded,extents,False,False,False,False,False,False,1,,,,,,False,57344,,False,
0x702:0x1d,test/elvis_dir_record_449015/elvis_dir_papa_104235/xbpt_draft_draft_797325.txt,xbpt_draft_draft_797325.txt,.txt,396015,2026-05-16 16:51:57.7075424,2026-05-16 16:51:58.6901904,2026-05-16 16:52:02.3013346,2026-05-16 16:51:58.6901904,test/elvis_dir_record_449015/elvis_dir_papa_104235,0x721,test,0x702,0x1d,,Archive,5176748164,BUILTIN\Administrators (S-1-5-32-544),Domain Users (S-1-5-21-3829591975-2821165226-2477612932-513),4 ACE(s): ALLOWED:BUILTIN\Administrators (S-1-5-32-544):FULL_CONTROL | ALLOWED:SYSTEM (S-1-5-18):FULL_CONTROL | ALLOWED:Authenticated Users (S-1-5-11):MODIFY | ALLOWED:BUILTIN\Users (S-1-5-32-545):READ_EXECUTE,False,,split,extents,False,False,False,False,False,False,1,,,,,,False,397312,,True,
0x710:0x1a,test/elvis_dir_record_449015/elvis_dir_papa_104235/xbpt_foxtrot_cache_816969.xml,xbpt_foxtrot_cache_816969.xml,.xml,378484,2026-05-16 16:52:01.3635472,2026-05-16 16:52:02.0309720,2026-05-16 16:52:02.8135219,2026-05-16 16:52:02.0309720,test/elvis_dir_record_449015/elvis_dir_papa_104235,0x721,test/elvis_dir_papa_805353/elvis_dir_november_478580,0x710,0x1a,,Archive,5176748164,BUILTIN\Administrators (S-1-5-32-544),Domain Users (S-1-5-21-3829591975-2821165226-2477612932-513),4 ACE(s): ALLOWED:BUILTIN\Administrators (S-1-5-32-544):FULL_CONTROL | ALLOWED:SYSTEM (S-1-5-18):FULL_CONTROL | ALLOWED:Authenticated Users (S-1-5-11):MODIFY | ALLOWED:BUILTIN\Users (S-1-5-32-545):READ_EXECUTE,False,,split,extents,False,False,False,False,False,False,1,,,,,,False,380928,,True,
0x721:0x7,test/elvis_dir_record_449015/elvis_dir_papa_104235/xbpt_hotel_yankee_781098.log,xbpt_hotel_yankee_781098.log,.log,339395,2026-05-16 16:51:59.4312828,2026-05-16 16:51:59.4312828,2026-05-16 16:51:59.4312828,2026-05-16 16:51:59.4312828,test/elvis_dir_record_449015/elvis_dir_papa_104235,0x721,test/elvis_dir_record_449015/elvis_dir_papa_104235,0x721,0x7,,Archive,5176748164,BUILTIN\Administrators (S-1-5-32-544),Domain Users (S-1-5-21-3829591975-2821165226-2477612932-513),4 ACE(s): ALLOWED:BUILTIN\Administrators (S-1-5-32-544):FULL_CONTROL | ALLOWED:SYSTEM (S-1-5-18):FULL_CONTROL | ALLOWED:Authenticated Users (S-1-5-11):MODIFY | ALLOWED:BUILTIN\Users (S-1-5-32-545):READ_EXECUTE,False,,embedded,extents,False,False,False,False,False,False,1,,,,,,False,339968,,False,
0x721:0xa,test/elvis_dir_record_449015/elvis_dir_papa_104235/xbpt_kilo_sync_474043.csv,xbpt_kilo_sync_474043.csv,.csv,479405,2026-05-16 16:52:00.3855654,2026-05-16 16:52:00.3855654,2026-05-16 16:52:00.3855654,2026-05-16 16:52:00.3855654,test/elvis_dir_record_449015/elvis_dir_papa_104235,0x721,test/elvis_dir_record_449015/elvis_dir_papa_104235,0x721,0xa,,Archive,5176748164,BUILTIN\Administrators (S-1-5-32-544),Domain Users (S-1-5-21-3829591975-2821165226-2477612932-513),4 ACE(s): ALLOWED:BUILTIN\Administrators (S-1-5-32-544):FULL_CONTROL | ALLOWED:SYSTEM (S-1-5-18):FULL_CONTROL | ALLOWED:Authenticated Users (S-1-5-11):MODIFY | ALLOWED:BUILTIN\Users (S-1-5-32-545):READ_EXECUTE,False,,embedded,extents,False,False,False,False,False,False,1,,,,,,False,483328,,False,
0x721:0x9,test/elvis_dir_record_449015/elvis_dir_papa_104235/xbpt_lima_config_611703.json,xbpt_lima_config_611703.json,.json,297107,2026-05-16 16:51:59.9461751,2026-05-16 16:51:59.9471811,2026-05-16 16:51:59.9471811,2026-05-16 16:51:59.9471811,test/elvis_dir_record_449015/elvis_dir_papa_104235,0x721,test/elvis_dir_record_449015/elvis_dir_papa_104235,0x721,0x9,,Archive,5176748164,BUILTIN\Administrators (S-1-5-32-544),Domain Users (S-1-5-21-3829591975-2821165226-2477612932-513),4 ACE(s): ALLOWED:BUILTIN\Administrators (S-1-5-32-544):FULL_CONTROL | ALLOWED:SYSTEM (S-1-5-18):FULL_CONTROL | ALLOWED:Authenticated Users (S-1-5-11):MODIFY | ALLOWED:BUILTIN\Users (S-1-5-32-545):READ_EXECUTE,False,,embedded,extents,False,False,False,False,False,False,1,,,,,,False,299008,,False,
0x721:0xc,test/elvis_dir_record_449015/elvis_dir_papa_104235/xbpt_log_mike_997799.bin,xbpt_log_mike_997799.bin,.bin,302125,2026-05-16 16:52:00.6433431,2026-05-16 16:52:00.6443431,2026-05-16 16:52:00.6443431,2026-05-16 16:52:00.6443431,test/elvis_dir_record_449015/elvis_dir_papa_104235,0x721,test/elvis_dir_record_449015/elvis_dir_papa_104235,0x721,0xc,,Archive,5176748164,BUILTIN\Administrators (S-1-5-32-544),Domain Users (S-1-5-21-3829591975-2821165226-2477612932-513),4 ACE(s): ALLOWED:BUILTIN\Administrators (S-1-5-32-544):FULL_CONTROL | ALLOWED:SYSTEM (S-1-5-18):FULL_CONTROL | ALLOWED:Authenticated Users (S-1-5-11):MODIFY | ALLOWED:BUILTIN\Users (S-1-5-32-545):READ_EXECUTE,False,,embedded,extents,False,False,False,False,False,False,1,,,,,,False,303104,,False,
0x721:0xe,test/elvis_dir_record_449015/elvis_dir_papa_104235/xbpt_output_temp_864816.txt,xbpt_output_temp_864816.txt,.txt,444510,2026-05-16 16:52:01.6755289,2026-05-16 16:52:01.6755289,2026-05-16 16:52:01.6755289,2026-05-16 16:52:01.6755289,test/elvis_dir_record_449015/elvis_dir_papa_104235,0x721,test/elvis_dir_record_449015/elvis_dir_papa_104235,0x721,0xe,,Archive,5176748164,BUILTIN\Administrators (S-1-5-32-544),Domain Users (S-1-5-21-3829591975-2821165226-2477612932-513),4 ACE(s): ALLOWED:BUILTIN\Administrators (S-1-5-32-544):FULL_CONTROL | ALLOWED:SYSTEM (S-1-5-18):FULL_CONTROL | ALLOWED:Authenticated Users (S-1-5-11):MODIFY | ALLOWED:BUILTIN\Users (S-1-5-32-545):READ_EXECUTE,False,,embedded,extents,False,False,False,False,False,False,1,,,,,,False,446464,,False,
0x721:0x6,test/elvis_dir_record_449015/elvis_dir_papa_104235/xbpt_record_cache_584285.json,xbpt_record_cache_584285.json,.json,522962,2026-05-16 16:51:59.3800564,2026-05-16 16:51:59.3800564,2026-05-16 16:52:02.1607973,2026-05-16 16:51:59.3800564,test/elvis_dir_record_449015/elvis_dir_papa_104235,0x721,test/elvis_dir_record_449015/elvis_dir_papa_104235,0x721,0x6,,Archive,5176748164,BUILTIN\Administrators (S-1-5-32-544),Domain Users (S-1-5-21-3829591975-2821165226-2477612932-513),4 ACE(s): ALLOWED:BUILTIN\Administrators (S-1-5-32-544):FULL_CONTROL | ALLOWED:SYSTEM (S-1-5-18):FULL_CONTROL | ALLOWED:Authenticated Users (S-1-5-11):MODIFY | ALLOWED:BUILTIN\Users (S-1-5-32-545):READ_EXECUTE,False,,embedded,extents,False,False,False,False,False,False,1,,,,,,False,524288,,False,
0x721:0x4,test/elvis_dir_record_449015/elvis_dir_papa_104235/xbpt_sierra_record_710410.bin,xbpt_sierra_record_710410.bin,.bin,376478,2026-05-16 16:51:57.9213691,2026-05-16 16:52:00.1454009,2026-05-16 16:52:00.1454009,2026-05-16 16:52:00.1454009,test/elvis_dir_record_449015/elvis_dir_papa_104235,0x721,test/elvis_dir_record_449015/elvis_dir_papa_104235,0x721,0x4,,Archive,5176748164,BUILTIN\Administrators (S-1-5-32-544),Domain Users (S-1-5-21-3829591975-2821165226-2477612932-513),4 ACE(s): ALLOWED:BUILTIN\Administrators (S-1-5-32-544):FULL_CONTROL | ALLOWED:SYSTEM (S-1-5-18):FULL_CONTROL | ALLOWED:Authenticated Users (S-1-5-11):MODIFY | ALLOWED:BUILTIN\Users (S-1-5-32-545):READ_EXECUTE,False,,embedded,extents,False,False,False,False,False,False,1,,,,,,False,376832,,False,
0x721:0xf,test/elvis_dir_record_449015/elvis_dir_papa_104235/xbpt_temp_foxtrot_475776.md,xbpt_temp_foxtrot_475776.md,.md,288237,2025-04-08 07:17:35.0852677,2025-04-08 07:17:35.0852677,2026-05-16 16:52:02.7422236,2025-04-08 07:17:35.0852677,test/elvis_dir_record_449015/elvis_dir_papa_104235,0x721,test/elvis_dir_record_449015/elvis_dir_papa_104235,0x721,0xf,,Archive,5176748164,BUILTIN\Administrators (S-1-5-32-544),Domain Users (S-1-5-21-3829591975-2821165226-2477612932-513),4 ACE(s): ALLOWED:BUILTIN\Administrators (S-1-5-32-544):FULL_CONTROL | ALLOWED:SYSTEM (S-1-5-18):FULL_CONTROL | ALLOWED:Authenticated Users (S-1-5-11):MODIFY | ALLOWED:BUILTIN\Users (S-1-5-32-545):READ_EXECUTE,False,,embedded,extents,False,False,False,False,False,False,1,,,,,,False,290816,,False,MEDIUM:CHANGE_LATE|PRE_FORMAT
0x721:0xb,test/elvis_dir_record_449015/elvis_dir_papa_104235/xbpt_trace_report_848037.cfg,xbpt_trace_report_848037.cfg,.cfg,431764,2026-05-16 16:52:00.4039970,2026-05-16 16:52:01.6915908,2026-05-16 16:52:01.6915908,2026-05-16 16:52:01.6915908,test/elvis_dir_record_449015/elvis_dir_papa_104235,0x721,test/elvis_dir_record_449015/elvis_dir_papa_104235,0x721,0xb,,Archive,5176748164,BUILTIN\Administrators (S-1-5-32-544),Domain Users (S-1-5-21-3829591975-2821165226-2477612932-513),4 ACE(s): ALLOWED:BUILTIN\Administrators (S-1-5-32-544):FULL_CONTROL | ALLOWED:SYSTEM (S-1-5-18):FULL_CONTROL | ALLOWED:Authenticated Users (S-1-5-11):MODIFY | ALLOWED:BUILTIN\Users (S-1-5-32-545):READ_EXECUTE,False,,embedded,extents,False,False,False,False,False,False,1,,,,,,False,434176,,False,
0x708:0x2,test/elvis_dir_record_449015/elvis_dir_papa_104235/xbpt_victor_sync_949138.bak,xbpt_victor_sync_949138.bak,.bak,144033,2026-05-16 16:51:51.4701166,2026-05-16 16:52:01.8580765,2026-05-16 16:52:01.8580765,2026-05-16 16:52:01.8580765,test/elvis_dir_record_449015/elvis_dir_papa_104235,0x721,test/elvis_dir_record_449015/elvis_dir_papa_104235/elvis_dir_sync_718743/elvis_dir_gamma_603462/elvis_dir_quebec_218899,0x708,0x2,,Archive,5176748164,BUILTIN\Administrators (S-1-5-32-544),Domain Users (S-1-5-21-3829591975-2821165226-2477612932-513),4 ACE(s): ALLOWED:BUILTIN\Administrators (S-1-5-32-544):FULL_CONTROL | ALLOWED:SYSTEM (S-1-5-18):FULL_CONTROL | ALLOWED:Authenticated Users (S-1-5-11):MODIFY | ALLOWED:BUILTIN\Users (S-1-5-32-545):READ_EXECUTE,False,,split,extents,False,False,False,False,False,False,1,,,,,,False,147456,,True,
0x721:0x5,test/elvis_dir_record_449015/elvis_dir_papa_104235/xbpt_zulu_hotel_356824.dat,xbpt_zulu_hotel_356824.dat,.dat,73763,2026-05-16 16:51:59.1560821,2026-05-16 16:51:57.2486875,2026-05-16 16:51:57.2486875,2026-05-16 16:51:59.1757248,test/elvis_dir_record_449015/elvis_dir_papa_104235,0x721,test/elvis_dir_record_449015/elvis_dir_papa_104235,0x721,0x5,,Archive,5176748164,BUILTIN\Administrators (S-1-5-32-544),Domain Users (S-1-5-21-3829591975-2821165226-2477612932-513),4 ACE(s): ALLOWED:BUILTIN\Administrators (S-1-5-32-544):FULL_CONTROL | ALLOWED:SYSTEM (S-1-5-18):FULL_CONTROL | ALLOWED:Authenticated Users (S-1-5-11):MODIFY | ALLOWED:BUILTIN\Users (S-1-5-32-545):READ_EXECUTE,False,,embedded,extents,False,False,False,False,False,False,1,,,,,,False,77824,,False,
0x721:0x10,test/elvis_dir_record_449015/elvis_dir_papa_104235/xbpt_zulu_sync_665668.bin,xbpt_zulu_sync_665668.bin,.bin,194037,2026-05-16 16:52:02.9366825,2026-05-16 16:52:02.9366825,2026-05-16 16:52:02.9366825,2026-05-16 16:52:02.9366825,test/elvis_dir_record_449015/elvis_dir_papa_104235,0x721,test/elvis_dir_record_449015/elvis_dir_papa_104235,0x721,0x10,,Archive,5176748164,BUILTIN\Administrators (S-1-5-32-544),Domain Users (S-1-5-21-3829591975-2821165226-2477612932-513),4 ACE(s): ALLOWED:BUILTIN\Administrators (S-1-5-32-544):FULL_CONTROL | ALLOWED:SYSTEM (S-1-5-18):FULL_CONTROL | ALLOWED:Authenticated Users (S-1-5-11):MODIFY | ALLOWED:BUILTIN\Users (S-1-5-32-545):READ_EXECUTE,False,,embedded,extents,False,False,False,False,False,False,1,,,,,,False,196608,,False,
0x737,test/elvis_dir_record_449015/elvis_dir_tango_434284,elvis_dir_tango_434284,,0,2026-05-16 16:52:02.1638087,2026-05-16 16:52:02.7727925,2026-05-16 16:52:02.7727925,2026-05-16 16:52:03.1329861,test/elvis_dir_record_449015,0x70f,,,,,Directory_Internal,4831861536,BUILTIN\Administrators (S-1-5-32-544),Domain Users (S-1-5-21-3829591975-2821165226-2477612932-513),7 ACE(s): ALLOWED:BUILTIN\Administrators (S-1-5-32-544):FULL_CONTROL | ALLOWED:SYSTEM (S-1-5-18):FULL_CONTROL | ALLOWED:SYSTEM (S-1-5-18):GENERIC_ALL | ALLOWED:Authenticated Users (S-1-5-11):MODIFY | ALLOWED:Authenticated Users (S-1-5-11):DELETE|GENERIC_EXECUTE|GENERIC_WRITE|GENERIC_READ | ALLOWED:BUILTIN\Users (S-1-5-32-545):READ_EXECUTE | …,False,,,,False,True,False,False,False,False,,,,,,,False,,,False,
0x73b,test/elvis_dir_record_449015/elvis_dir_tango_434284/elvis_dir_record_864004,elvis_dir_record_864004,,0,2026-05-16 16:52:02.7727925,2026-05-16 16:52:02.7727925,2026-05-16 16:52:02.7727925,2026-05-16 16:52:02.7727925,test/elvis_dir_record_449015/elvis_dir_tango_434284,0x737,,,,,Directory_Internal,4831861536,BUILTIN\Administrators (S-1-5-32-544),Domain Users (S-1-5-21-3829591975-2821165226-2477612932-513),7 ACE(s): ALLOWED:BUILTIN\Administrators (S-1-5-32-544):FULL_CONTROL | ALLOWED:SYSTEM (S-1-5-18):FULL_CONTROL | ALLOWED:SYSTEM (S-1-5-18):GENERIC_ALL | ALLOWED:Authenticated Users (S-1-5-11):MODIFY | ALLOWED:Authenticated Users (S-1-5-11):DELETE|GENERIC_EXECUTE|GENERIC_WRITE|GENERIC_READ | ALLOWED:BUILTIN\Users (S-1-5-32-545):READ_EXECUTE | …,False,,,,False,True,False,False,False,False,,,,,,,False,,,False,
0x737:0x2,test/elvis_dir_record_449015/elvis_dir_tango_434284/xbpt_data_config_437965.csv,xbpt_data_config_437965.csv,.csv,82819,2026-05-16 16:52:02.6454234,2026-05-16 16:52:02.7277895,2026-05-16 16:52:02.7277895,2026-05-16 16:52:02.7277895,test/elvis_dir_record_449015/elvis_dir_tango_434284,0x737,test/elvis_dir_record_449015/elvis_dir_tango_434284,0x737,0x2,,Archive,5176748164,BUILTIN\Administrators (S-1-5-32-544),Domain Users (S-1-5-21-3829591975-2821165226-2477612932-513),4 ACE(s): ALLOWED:BUILTIN\Administrators (S-1-5-32-544):FULL_CONTROL | ALLOWED:SYSTEM (S-1-5-18):FULL_CONTROL | ALLOWED:Authenticated Users (S-1-5-11):MODIFY | ALLOWED:BUILTIN\Users (S-1-5-32-545):READ_EXECUTE,False,,embedded,extents,False,False,False,False,False,False,1,,,,,,False,86016,,False,
0x70f:0x18,test/elvis_dir_record_449015/xbpt_alpha_echo_381900.ini,xbpt_alpha_echo_381900.ini,.ini,192974,2026-05-16 16:52:00.3495026,2026-05-16 16:51:59.8149144,2026-05-16 16:51:59.8149144,2026-05-16 16:52:00.3601999,test/elvis_dir_record_449015,0x70f,test/elvis_dir_record_449015,0x70f,0x18,,Archive,5176748164,BUILTIN\Administrators (S-1-5-32-544),Domain Users (S-1-5-21-3829591975-2821165226-2477612932-513),4 ACE(s): ALLOWED:BUILTIN\Administrators (S-1-5-32-544):FULL_CONTROL | ALLOWED:SYSTEM (S-1-5-18):FULL_CONTROL | ALLOWED:Authenticated Users (S-1-5-11):MODIFY | ALLOWED:BUILTIN\Users (S-1-5-32-545):READ_EXECUTE,False,,embedded,extents,False,False,False,False,False,False,1,,,,,,False,196608,,False,
0x70f:0x3,test/elvis_dir_record_449015/xbpt_archive_audit_104959.tmp,xbpt_archive_audit_104959.tmp,.tmp,306574,2026-05-16 16:51:52.9208825,2026-05-16 16:51:57.0308970,2026-05-16 16:51:57.0308970,2026-05-16 16:51:57.0308970,test/elvis_dir_record_449015,0x70f,test/elvis_dir_record_449015,0x70f,0x3,,Archive,5176748164,BUILTIN\Administrators (S-1-5-32-544),Domain Users (S-1-5-21-3829591975-2821165226-2477612932-513),4 ACE(s): ALLOWED:BUILTIN\Administrators (S-1-5-32-544):FULL_CONTROL | ALLOWED:SYSTEM (S-1-5-18):FULL_CONTROL | ALLOWED:Authenticated Users (S-1-5-11):MODIFY | ALLOWED:BUILTIN\Users (S-1-5-32-545):READ_EXECUTE,False,,embedded,extents,False,False,False,False,False,False,1,,,,,,False,307200,,False,
0x70f:0x1a,test/elvis_dir_record_449015/xbpt_backup_delta_809262.csv,xbpt_backup_delta_809262.csv,.csv,512155,2026-05-16 16:52:01.2805423,2026-05-16 16:52:02.6598305,2026-05-16 16:52:02.6598305,2026-05-16 16:52:02.6598305,test/elvis_dir_record_449015,0x70f,test/elvis_dir_record_449015,0x70f,0x1a,,Archive,5176748164,BUILTIN\Administrators (S-1-5-32-544),Domain Users (S-1-5-21-3829591975-2821165226-2477612932-513),4 ACE(s): ALLOWED:BUILTIN\Administrators (S-1-5-32-544):FULL_CONTROL | ALLOWED:SYSTEM (S-1-5-18):FULL_CONTROL | ALLOWED:Authenticated Users (S-1-5-11):MODIFY | ALLOWED:BUILTIN\Users (S-1-5-32-545):READ_EXECUTE,False,,embedded,extents,False,False,False,False,False,False,1,,,,,,False,516096,,False,
0x70f:0x16,test/elvis_dir_record_449015/xbpt_beta_mike_393018.xml,xbpt_beta_mike_393018.xml,.xml,204365,2026-05-16 16:51:59.5177288,2026-05-16 16:51:59.5177288,2026-05-16 16:51:59.5177288,2026-05-16 16:51:59.5177288,test/elvis_dir_record_449015,0x70f,test/elvis_dir_record_449015,0x70f,0x16,,Archive,5176748164,BUILTIN\Administrators (S-1-5-32-544),Domain Users (S-1-5-21-3829591975-2821165226-2477612932-513),4 ACE(s): ALLOWED:BUILTIN\Administrators (S-1-5-32-544):FULL_CONTROL | ALLOWED:SYSTEM (S-1-5-18):FULL_CONTROL | ALLOWED:Authenticated Users (S-1-5-11):MODIFY | ALLOWED:BUILTIN\Users (S-1-5-32-545):READ_EXECUTE,False,,embedded,extents,False,False,False,False,False,False,1,,,,,,False,204800,,False,
0x70f:0x17,test/elvis_dir_record_449015/xbpt_config_uniform_831195.csv,xbpt_config_uniform_831195.csv,.csv,493766,2026-05-16 16:51:59.8219172,2026-05-16 16:51:59.8219172,2026-05-16 16:51:59.8219172,2026-05-16 16:51:59.8219172,test/elvis_dir_record_449015,0x70f,test/elvis_dir_record_449015,0x70f,0x17,,Archive,5176748164,BUILTIN\Administrators (S-1-5-32-544),Domain Users (S-1-5-21-3829591975-2821165226-2477612932-513),4 ACE(s): ALLOWED:BUILTIN\Administrators (S-1-5-32-544):FULL_CONTROL | ALLOWED:SYSTEM (S-1-5-18):FULL_CONTROL | ALLOWED:Authenticated Users (S-1-5-11):MODIFY | ALLOWED:BUILTIN\Users (S-1-5-32-545):READ_EXECUTE,False,,embedded,extents,False,False,False,False,False,False,1,,,,,,False,495616,,False,
0x70f:0x8,test/elvis_dir_record_449015/xbpt_delta_log_356379.tmp,xbpt_delta_log_356379.tmp,.tmp,427688,2026-05-16 16:51:54.7696031,2026-05-16 16:51:54.3923619,2026-05-16 16:52:01.3791349,2026-05-16 16:51:54.7705950,test/elvis_dir_record_449015,0x70f,test/elvis_dir_record_449015,0x70f,0x8,,Archive,5176748164,BUILTIN\Administrators (S-1-5-32-544),Domain Users (S-1-5-21-3829591975-2821165226-2477612932-513),4 ACE(s): ALLOWED:BUILTIN\Administrators (S-1-5-32-544):FULL_CONTROL | ALLOWED:SYSTEM (S-1-5-18):FULL_CONTROL | ALLOWED:Authenticated Users (S-1-5-11):MODIFY | ALLOWED:BUILTIN\Users (S-1-5-32-545):READ_EXECUTE,False,,embedded,extents,False,False,False,False,False,False,1,,,,,,False,430080,,False,
0x70f:0x1b,test/elvis_dir_record_449015/xbpt_foxtrot_lima_318386.tmp,xbpt_foxtrot_lima_318386.tmp,.tmp,312142,2026-05-16 16:52:02.3768222,2026-05-16 16:52:00.0025463,2026-05-16 16:52:00.0025463,2026-05-16 16:52:02.3798237,test/elvis_dir_record_449015,0x70f,test/elvis_dir_record_449015,0x70f,0x1b,,Archive,5176748164,BUILTIN\Administrators (S-1-5-32-544),Domain Users (S-1-5-21-3829591975-2821165226-2477612932-513),4 ACE(s): ALLOWED:BUILTIN\Administrators (S-1-5-32-544):FULL_CONTROL | ALLOWED:SYSTEM (S-1-5-18):FULL_CONTROL | ALLOWED:Authenticated Users (S-1-5-11):MODIFY | ALLOWED:BUILTIN\Users (S-1-5-32-545):READ_EXECUTE,False,,embedded,extents,False,False,False,False,False,False,1,,,,,,False,315392,,False,
0x70f:0x15,test/elvis_dir_record_449015/xbpt_gamma_archive_952302.cfg,xbpt_gamma_archive_952302.cfg,.cfg,141514,2026-05-16 16:51:58.5912340,2026-05-16 16:52:02.8950717,2026-05-16 16:52:02.8950717,2026-05-16 16:52:02.8950717,test/elvis_dir_record_449015,0x70f,test/elvis_dir_record_449015,0x70f,0x15,,Archive,5176748164,BUILTIN\Administrators (S-1-5-32-544),Domain Users (S-1-5-21-3829591975-2821165226-2477612932-513),4 ACE(s): ALLOWED:BUILTIN\Administrators (S-1-5-32-544):FULL_CONTROL | ALLOWED:SYSTEM (S-1-5-18):FULL_CONTROL | ALLOWED:Authenticated Users (S-1-5-11):MODIFY | ALLOWED:BUILTIN\Users (S-1-5-32-545):READ_EXECUTE,False,,embedded,extents,False,False,False,False,False,False,1,,,,,,False,143360,,False,
0x70f:0x5,test/elvis_dir_record_449015/xbpt_india_delta_132534.bak,xbpt_india_delta_132534.bak,.bak,450070,2026-05-16 16:51:54.5068098,2026-05-16 16:51:54.5078113,2026-05-16 16:51:54.5078113,2026-05-16 16:51:54.5078113,test/elvis_dir_record_449015,0x70f,test/elvis_dir_record_449015,0x70f,0x5,,Archive,5176748164,BUILTIN\Administrators (S-1-5-32-544),Domain Users (S-1-5-21-3829591975-2821165226-2477612932-513),4 ACE(s): ALLOWED:BUILTIN\Administrators (S-1-5-32-544):FULL_CONTROL | ALLOWED:SYSTEM (S-1-5-18):FULL_CONTROL | ALLOWED:Authenticated Users (S-1-5-11):MODIFY | ALLOWED:BUILTIN\Users (S-1-5-32-545):READ_EXECUTE,False,,embedded,extents,False,False,False,False,False,False,1,,,,,,False,450560,,False,
0x70f:0x19,test/elvis_dir_record_449015/xbpt_kilo_papa_445436.xml,xbpt_kilo_papa_445436.xml,.xml,30619,2026-05-16 16:52:00.7055046,2026-05-16 16:52:00.7066055,2026-05-16 16:52:00.7066055,2026-05-16 16:52:00.7066055,test/elvis_dir_record_449015,0x70f,test/elvis_dir_record_449015,0x70f,0x19,,Archive,5176748164,BUILTIN\Administrators (S-1-5-32-544),Domain Users (S-1-5-21-3829591975-2821165226-2477612932-513),4 ACE(s): ALLOWED:BUILTIN\Administrators (S-1-5-32-544):FULL_CONTROL | ALLOWED:SYSTEM (S-1-5-18):FULL_CONTROL | ALLOWED:Authenticated Users (S-1-5-11):MODIFY | ALLOWED:BUILTIN\Users (S-1-5-32-545):READ_EXECUTE,False,,embedded,extents,False,False,False,False,False,False,1,,,,,,False,32768,,False,
0x70f:0x1c,test/elvis_dir_record_449015/xbpt_large_14mb_foxtrot_773062.bak,xbpt_large_14mb_foxtrot_773062.bak,.bak,14680064,2026-05-16 16:52:03.0519904,2026-05-16 16:52:03.0519904,2026-05-16 16:52:03.0519904,2026-05-16 16:52:03.0519904,test/elvis_dir_record_449015,0x70f,test/elvis_dir_record_449015,0x70f,0x1c,,Archive,5176748164,BUILTIN\Administrators (S-1-5-32-544),Domain Users (S-1-5-21-3829591975-2821165226-2477612932-513),4 ACE(s): ALLOWED:BUILTIN\Administrators (S-1-5-32-544):FULL_CONTROL | ALLOWED:SYSTEM (S-1-5-18):FULL_CONTROL | ALLOWED:Authenticated Users (S-1-5-11):MODIFY | ALLOWED:BUILTIN\Users (S-1-5-32-545):READ_EXECUTE,False,,embedded,extents,False,False,False,False,False,False,1,,,,,,False,14680064,,False,
0x70d:0x2,test/elvis_dir_record_449015/xbpt_log_india_171227.csv,xbpt_log_india_171227.csv,.csv,189614,2026-05-16 16:51:52.2042216,2026-05-16 16:51:59.7725297,2026-05-16 16:51:59.7725297,2026-05-16 16:51:59.7725297,test/elvis_dir_record_449015,0x70f,test/elvis_dir_record_449015/elvis_dir_lima_252141/elvis_dir_oscar_306778/elvis_dir_beta_984608,0x70d,0x2,,Archive,5176748164,BUILTIN\Administrators (S-1-5-32-544),Domain Users (S-1-5-21-3829591975-2821165226-2477612932-513),4 ACE(s): ALLOWED:BUILTIN\Administrators (S-1-5-32-544):FULL_CONTROL | ALLOWED:SYSTEM (S-1-5-18):FULL_CONTROL | ALLOWED:Authenticated Users (S-1-5-11):MODIFY | ALLOWED:BUILTIN\Users (S-1-5-32-545):READ_EXECUTE,False,,split,extents,False,False,False,False,False,False,1,,,,,,False,192512,,True,
0x70f:0x10,test/elvis_dir_record_449015/xbpt_mike_trace_772216.dat,xbpt_mike_trace_772216.dat,.dat,81506,2026-05-16 16:51:57.3636750,2026-05-16 16:51:57.3647090,2026-05-16 16:52:01.6705304,2026-05-16 16:51:57.3647090,test/elvis_dir_record_449015,0x70f,test/elvis_dir_record_449015,0x70f,0x10,,Archive,5176748164,BUILTIN\Administrators (S-1-5-32-544),Domain Users (S-1-5-21-3829591975-2821165226-2477612932-513),4 ACE(s): ALLOWED:BUILTIN\Administrators (S-1-5-32-544):FULL_CONTROL | ALLOWED:SYSTEM (S-1-5-18):FULL_CONTROL | ALLOWED:Authenticated Users (S-1-5-11):MODIFY | ALLOWED:BUILTIN\Users (S-1-5-32-545):READ_EXECUTE,False,,embedded,extents,False,False,False,False,False,False,1,,,,,,False,81920,,False,
0x70f:0x12,test/elvis_dir_record_449015/xbpt_november_quebec_231876.bak,xbpt_november_quebec_231876.bak,.bak,245528,2026-05-16 16:51:57.9556112,2026-05-16 16:51:57.9556112,2026-05-16 16:51:57.9556112,2026-05-16 16:51:57.9556112,test/elvis_dir_record_449015,0x70f,test/elvis_dir_record_449015,0x70f,0x12,,Archive,5176748164,BUILTIN\Administrators (S-1-5-32-544),Domain Users (S-1-5-21-3829591975-2821165226-2477612932-513),4 ACE(s): ALLOWED:BUILTIN\Administrators (S-1-5-32-544):FULL_CONTROL | ALLOWED:SYSTEM (S-1-5-18):FULL_CONTROL | ALLOWED:Authenticated Users (S-1-5-11):MODIFY | ALLOWED:BUILTIN\Users (S-1-5-32-545):READ_EXECUTE,False,,embedded,extents,False,False,False,False,False,False,1,,,,,,False,245760,,False,
0x70f:0x13,test/elvis_dir_record_449015/xbpt_oscar_victor_509674.md,xbpt_oscar_victor_509674.md,.md,266358,2026-05-16 16:51:58.4085093,2026-05-16 16:51:58.4085093,2026-05-16 16:51:59.2530418,2026-05-16 16:51:58.4085093,test/elvis_dir_record_449015,0x70f,test/elvis_dir_record_449015,0x70f,0x13,,Archive,5176748164,BUILTIN\Administrators (S-1-5-32-544),Domain Users (S-1-5-21-3829591975-2821165226-2477612932-513),4 ACE(s): ALLOWED:BUILTIN\Administrators (S-1-5-32-544):FULL_CONTROL | ALLOWED:SYSTEM (S-1-5-18):FULL_CONTROL | ALLOWED:Authenticated Users (S-1-5-11):MODIFY | ALLOWED:BUILTIN\Users (S-1-5-32-545):READ_EXECUTE,False,,embedded,extents,False,False,False,False,False,False,1,,,,,,False,270336,,False,
0x70f:0x4,test/elvis_dir_record_449015/xbpt_output_papa_412411.log,xbpt_output_papa_412411.log,.log,416811,2022-06-11 07:16:28.0969336,2026-05-16 16:52:00.4199228,2026-05-16 16:52:00.4199228,2026-05-16 16:52:00.4199228,test/elvis_dir_record_449015,0x70f,test/elvis_dir_record_449015,0x70f,0x4,,Archive,5176748164,BUILTIN\Administrators (S-1-5-32-544),Domain Users (S-1-5-21-3829591975-2821165226-2477612932-513),4 ACE(s): ALLOWED:BUILTIN\Administrators (S-1-5-32-544):FULL_CONTROL | ALLOWED:SYSTEM (S-1-5-18):FULL_CONTROL | ALLOWED:Authenticated Users (S-1-5-11):MODIFY | ALLOWED:BUILTIN\Users (S-1-5-32-545):READ_EXECUTE,False,,embedded,extents,False,False,False,False,False,False,1,,,,,,False,417792,,False,MEDIUM:PRE_FORMAT
0x70f:0x6,test/elvis_dir_record_449015/xbpt_sierra_kilo_206137.json,xbpt_sierra_kilo_206137.json,.json,403765,2026-05-16 16:51:54.5849483,2026-05-16 16:51:52.5660370,2026-05-16 16:51:52.5660370,2026-05-16 16:51:54.6240842,test/elvis_dir_record_449015,0x70f,test/elvis_dir_record_449015,0x70f,0x6,,Archive,5176748164,BUILTIN\Administrators (S-1-5-32-544),Domain Users (S-1-5-21-3829591975-2821165226-2477612932-513),4 ACE(s): ALLOWED:BUILTIN\Administrators (S-1-5-32-544):FULL_CONTROL | ALLOWED:SYSTEM (S-1-5-18):FULL_CONTROL | ALLOWED:Authenticated Users (S-1-5-11):MODIFY | ALLOWED:BUILTIN\Users (S-1-5-32-545):READ_EXECUTE,False,,embedded,extents,False,False,False,False,False,False,1,,,,,,False,405504,,False,
0x70f:0xa,test/elvis_dir_record_449015/xbpt_sierra_victor_685719.xml,xbpt_sierra_victor_685719.xml,.xml,451460,2026-05-16 16:51:56.0941953,2026-05-16 16:51:55.4288843,2026-05-16 16:51:55.5187127,2026-05-16 16:51:56.0952000,test/elvis_dir_record_449015,0x70f,test/elvis_dir_record_449015,0x70f,0xa,,Archive,5176748164,BUILTIN\Administrators (S-1-5-32-544),Domain Users (S-1-5-21-3829591975-2821165226-2477612932-513),4 ACE(s): ALLOWED:BUILTIN\Administrators (S-1-5-32-544):FULL_CONTROL | ALLOWED:SYSTEM (S-1-5-18):FULL_CONTROL | ALLOWED:Authenticated Users (S-1-5-11):MODIFY | ALLOWED:BUILTIN\Users (S-1-5-32-545):READ_EXECUTE,False,,embedded,extents,False,False,False,False,False,False,1,,,,,,False,454656,,False,
0x70f:0xc,test/elvis_dir_record_449015/xbpt_uniform_record_153192.json,xbpt_uniform_record_153192.json,.json,269818,2026-05-16 16:51:56.3290612,2026-05-16 16:51:56.3300694,2026-05-16 16:51:56.3300694,2026-05-16 16:51:56.3300694,test/elvis_dir_record_449015,0x70f,test/elvis_dir_record_449015,0x70f,0xc,,Archive,5176748164,BUILTIN\Administrators (S-1-5-32-544),Domain Users (S-1-5-21-3829591975-2821165226-2477612932-513),4 ACE(s): ALLOWED:BUILTIN\Administrators (S-1-5-32-544):FULL_CONTROL | ALLOWED:SYSTEM (S-1-5-18):FULL_CONTROL | ALLOWED:Authenticated Users (S-1-5-11):MODIFY | ALLOWED:BUILTIN\Users (S-1-5-32-545):READ_EXECUTE,False,,embedded,extents,False,False,False,False,False,False,1,,,,,,False,270336,,False,
0x70f:0x11,test/elvis_dir_record_449015/xbpt_whiskey_sync_681180.xml,xbpt_whiskey_sync_681180.xml,.xml,117140,2026-05-16 16:51:57.7708135,2026-05-16 16:51:57.7708135,2026-05-16 16:51:57.7708135,2026-05-16 16:51:57.7708135,test/elvis_dir_record_449015,0x70f,test/elvis_dir_record_449015,0x70f,0x11,,Archive,5176748164,BUILTIN\Administrators (S-1-5-32-544),Domain Users (S-1-5-21-3829591975-2821165226-2477612932-513),4 ACE(s): ALLOWED:BUILTIN\Administrators (S-1-5-32-544):FULL_CONTROL | ALLOWED:SYSTEM (S-1-5-18):FULL_CONTROL | ALLOWED:Authenticated Users (S-1-5-11):MODIFY | ALLOWED:BUILTIN\Users (S-1-5-32-545):READ_EXECUTE,False,,embedded,extents,False,False,False,False,False,False,1,,,,,,False,118784,,False,
0x717,test/elvis_dir_victor_783323,elvis_dir_victor_783323,,0,2026-05-16 16:51:54.1156346,2026-05-16 16:52:03.0204119,2026-05-16 16:52:03.0204119,2026-05-16 16:52:03.1384598,test,0x702,,,,,Directory_Internal,4831861536,BUILTIN\Administrators (S-1-5-32-544),Domain Users (S-1-5-21-3829591975-2821165226-2477612932-513),7 ACE(s): ALLOWED:BUILTIN\Administrators (S-1-5-32-544):FULL_CONTROL | ALLOWED:SYSTEM (S-1-5-18):FULL_CONTROL | ALLOWED:SYSTEM (S-1-5-18):GENERIC_ALL | ALLOWED:Authenticated Users (S-1-5-11):MODIFY | ALLOWED:Authenticated Users (S-1-5-11):DELETE|GENERIC_EXECUTE|GENERIC_WRITE|GENERIC_READ | ALLOWED:BUILTIN\Users (S-1-5-32-545):READ_EXECUTE | …,False,,,,False,True,False,False,False,False,,,,,,,False,,,False,
0x717:0x3,test/elvis_dir_victor_783323/xbpt_audit_november_550810.ini,xbpt_audit_november_550810.ini,.ini,417862,2026-05-16 16:51:54.2559796,2026-05-16 16:51:55.8112081,2026-05-16 16:51:57.2249250,2026-05-16 16:51:55.8112081,test/elvis_dir_victor_783323,0x717,test/elvis_dir_victor_783323,0x717,0x3,,Archive,5176748164,BUILTIN\Administrators (S-1-5-32-544),Domain Users (S-1-5-21-3829591975-2821165226-2477612932-513),4 ACE(s): ALLOWED:BUILTIN\Administrators (S-1-5-32-544):FULL_CONTROL | ALLOWED:SYSTEM (S-1-5-18):FULL_CONTROL | ALLOWED:Authenticated Users (S-1-5-11):MODIFY | ALLOWED:BUILTIN\Users (S-1-5-32-545):READ_EXECUTE,False,,embedded,extents,False,False,False,False,False,False,1,,,,,,False,421888,,False,
0x717:0x11,test/elvis_dir_victor_783323/xbpt_cache_alpha_953426.ini,xbpt_cache_alpha_953426.ini,.ini,68356,2026-05-16 16:52:00.0949161,2026-05-16 16:52:00.0959080,2026-05-16 16:52:00.0959080,2026-05-16 16:52:00.0959080,test/elvis_dir_victor_783323,0x717,test/elvis_dir_victor_783323,0x717,0x11,,Archive,5176748164,BUILTIN\Administrators (S-1-5-32-544),Domain Users (S-1-5-21-3829591975-2821165226-2477612932-513),4 ACE(s): ALLOWED:BUILTIN\Administrators (S-1-5-32-544):FULL_CONTROL | ALLOWED:SYSTEM (S-1-5-18):FULL_CONTROL | ALLOWED:Authenticated Users (S-1-5-11):MODIFY | ALLOWED:BUILTIN\Users (S-1-5-32-545):READ_EXECUTE,False,,embedded,extents,False,False,False,False,False,False,1,,,,,,False,69632,,False,
0x717:0x16,test/elvis_dir_victor_783323/xbpt_cache_quebec_319176.xml,xbpt_cache_quebec_319176.xml,.xml,7493,2026-05-16 16:52:02.2780007,2026-05-16 16:52:02.2789928,2026-05-16 16:52:02.2789928,2026-05-16 16:52:02.2789928,test/elvis_dir_victor_783323,0x717,test/elvis_dir_victor_783323,0x717,0x16,,Archive,5176748164,BUILTIN\Administrators (S-1-5-32-544),Domain Users (S-1-5-21-3829591975-2821165226-2477612932-513),4 ACE(s): ALLOWED:BUILTIN\Administrators (S-1-5-32-544):FULL_CONTROL | ALLOWED:SYSTEM (S-1-5-18):FULL_CONTROL | ALLOWED:Authenticated Users (S-1-5-11):MODIFY | ALLOWED:BUILTIN\Users (S-1-5-32-545):READ_EXECUTE,False,,embedded,extents,False,False,False,False,False,False,1,,,,,,False,8192,,False,
0x717:0xb,test/elvis_dir_victor_783323/xbpt_data_romeo_946788.bin,xbpt_data_romeo_946788.bin,.bin,406857,2026-05-16 16:51:56.4249334,2026-05-16 16:51:56.4259340,2026-05-16 16:51:56.4259340,2026-05-16 16:51:56.4259340,test/elvis_dir_victor_783323,0x717,test/elvis_dir_victor_783323,0x717,0xb,,Archive,5176748164,BUILTIN\Administrators (S-1-5-32-544),Domain Users (S-1-5-21-3829591975-2821165226-2477612932-513),4 ACE(s): ALLOWED:BUILTIN\Administrators (S-1-5-32-544):FULL_CONTROL | ALLOWED:SYSTEM (S-1-5-18):FULL_CONTROL | ALLOWED:Authenticated Users (S-1-5-11):MODIFY | ALLOWED:BUILTIN\Users (S-1-5-32-545):READ_EXECUTE,False,,embedded,extents,False,False,False,False,False,False,1,,,,,,False,409600,,False,
0x717:0x6,test/elvis_dir_victor_783323/xbpt_delta_echo_626074.json,xbpt_delta_echo_626074.json,.json,273437,2025-04-19 07:17:09.2149813,2025-04-19 07:17:09.2149813,2026-05-16 16:52:00.7695808,2025-04-19 07:17:09.2149813,test/elvis_dir_victor_783323,0x717,test/elvis_dir_victor_783323,0x717,0x6,,Archive,5176748164,BUILTIN\Administrators (S-1-5-32-544),Domain Users (S-1-5-21-3829591975-2821165226-2477612932-513),4 ACE(s): ALLOWED:BUILTIN\Administrators (S-1-5-32-544):FULL_CONTROL | ALLOWED:SYSTEM (S-1-5-18):FULL_CONTROL | ALLOWED:Authenticated Users (S-1-5-11):MODIFY | ALLOWED:BUILTIN\Users (S-1-5-32-545):READ_EXECUTE,False,,embedded,extents,False,False,False,False,False,False,1,,,,,,False,274432,,False,MEDIUM:CHANGE_LATE|PRE_FORMAT
0x717:0xf,test/elvis_dir_victor_783323/xbpt_draft_november_935526.json,xbpt_draft_november_935526.json,.json,151318,2026-05-16 16:51:59.8662841,2026-05-16 16:51:59.8672919,2026-05-16 16:51:59.8672919,2026-05-16 16:51:59.8672919,test/elvis_dir_victor_783323,0x717,test/elvis_dir_victor_783323,0x717,0xf,,Archive,5176748164,BUILTIN\Administrators (S-1-5-32-544),Domain Users (S-1-5-21-3829591975-2821165226-2477612932-513),4 ACE(s): ALLOWED:BUILTIN\Administrators (S-1-5-32-544):FULL_CONTROL | ALLOWED:SYSTEM (S-1-5-18):FULL_CONTROL | ALLOWED:Authenticated Users (S-1-5-11):MODIFY | ALLOWED:BUILTIN\Users (S-1-5-32-545):READ_EXECUTE,False,,embedded,extents,False,False,False,False,False,False,1,,,,,,False,151552,,False,
0x717:0x5,test/elvis_dir_victor_783323/xbpt_hotel_yankee_684408.cfg,xbpt_hotel_yankee_684408.cfg,.cfg,239973,2026-05-16 16:51:54.8529974,2026-05-16 16:51:54.8200316,2026-05-16 16:51:57.3586674,2026-05-16 16:51:54.8539895,test/elvis_dir_victor_783323,0x717,test/elvis_dir_victor_783323,0x717,0x5,,Archive,5176748164,BUILTIN\Administrators (S-1-5-32-544),Domain Users (S-1-5-21-3829591975-2821165226-2477612932-513),4 ACE(s): ALLOWED:BUILTIN\Administrators (S-1-5-32-544):FULL_CONTROL | ALLOWED:SYSTEM (S-1-5-18):FULL_CONTROL | ALLOWED:Authenticated Users (S-1-5-11):MODIFY | ALLOWED:BUILTIN\Users (S-1-5-32-545):READ_EXECUTE,False,,embedded,extents,False,False,False,False,False,False,1,,,,,,False,241664,,False,
0x717:0xa,test/elvis_dir_victor_783323/xbpt_india_quebec_883273.bak,xbpt_india_quebec_883273.bak,.bak,495518,2026-05-16 16:51:55.9062467,2026-05-16 16:52:02.1414505,2026-05-16 16:52:02.1414505,2026-05-16 16:52:02.1414505,test/elvis_dir_victor_783323,0x717,test/elvis_dir_victor_783323,0x717,0xa,,Archive,5176748164,BUILTIN\Administrators (S-1-5-32-544),Domain Users (S-1-5-21-3829591975-2821165226-2477612932-513),4 ACE(s): ALLOWED:BUILTIN\Administrators (S-1-5-32-544):FULL_CONTROL | ALLOWED:SYSTEM (S-1-5-18):FULL_CONTROL | ALLOWED:Authenticated Users (S-1-5-11):MODIFY | ALLOWED:BUILTIN\Users (S-1-5-32-545):READ_EXECUTE,False,,embedded,extents,False,False,False,False,False,False,1,,,,,,False,495616,,False,
0x717:0x18,test/elvis_dir_victor_783323/xbpt_large_149mb_alpha_610845.dat,xbpt_large_149mb_alpha_610845.dat,.dat,156237824,2026-05-16 16:52:03.0194083,2026-05-16 16:52:03.0204119,2026-05-16 16:52:03.0204119,2026-05-16 16:52:03.0204119,test/elvis_dir_victor_783323,0x717,test/elvis_dir_victor_783323,0x717,0x18,,Archive,5176748164,BUILTIN\Administrators (S-1-5-32-544),Domain Users (S-1-5-21-3829591975-2821165226-2477612932-513),4 ACE(s): ALLOWED:BUILTIN\Administrators (S-1-5-32-544):FULL_CONTROL | ALLOWED:SYSTEM (S-1-5-18):FULL_CONTROL | ALLOWED:Authenticated Users (S-1-5-11):MODIFY | ALLOWED:BUILTIN\Users (S-1-5-32-545):READ_EXECUTE,False,,embedded,extents,False,False,False,False,False,False,1,,,,,,False,156237824,,False,
0x717:0x17,test/elvis_dir_victor_783323/xbpt_november_quebec_999278.md,xbpt_november_quebec_999278.md,.md,495412,2026-05-16 16:52:02.4452664,2026-05-16 16:52:02.4452664,2026-05-16 16:52:02.4452664,2026-05-16 16:52:02.4452664,test/elvis_dir_victor_783323,0x717,test/elvis_dir_victor_783323,0x717,0x17,,Archive,5176748164,BUILTIN\Administrators (S-1-5-32-544),Domain Users (S-1-5-21-3829591975-2821165226-2477612932-513),4 ACE(s): ALLOWED:BUILTIN\Administrators (S-1-5-32-544):FULL_CONTROL | ALLOWED:SYSTEM (S-1-5-18):FULL_CONTROL | ALLOWED:Authenticated Users (S-1-5-11):MODIFY | ALLOWED:BUILTIN\Users (S-1-5-32-545):READ_EXECUTE,False,,embedded,extents,False,False,False,False,False,False,1,,,,,,False,495616,,False,
0x717:0x10,test/elvis_dir_victor_783323/xbpt_oscar_delta_192166.ini,xbpt_oscar_delta_192166.ini,.ini,237378,2026-05-16 16:51:59.9925932,2026-05-16 16:51:59.9925932,2026-05-16 16:51:59.9925932,2026-05-16 16:51:59.9925932,test/elvis_dir_victor_783323,0x717,test/elvis_dir_victor_783323,0x717,0x10,,Archive,5176748164,BUILTIN\Administrators (S-1-5-32-544),Domain Users (S-1-5-21-3829591975-2821165226-2477612932-513),4 ACE(s): ALLOWED:BUILTIN\Administrators (S-1-5-32-544):FULL_CONTROL | ALLOWED:SYSTEM (S-1-5-18):FULL_CONTROL | ALLOWED:Authenticated Users (S-1-5-11):MODIFY | ALLOWED:BUILTIN\Users (S-1-5-32-545):READ_EXECUTE,False,,embedded,extents,False,False,False,False,False,False,1,,,,,,False,237568,,False,
0x717:0x12,test/elvis_dir_victor_783323/xbpt_quebec_echo_201709.md,xbpt_quebec_echo_201709.md,.md,251331,2026-05-16 16:52:01.0403185,2026-05-16 16:52:01.0413262,2026-05-16 16:52:01.0413262,2026-05-16 16:52:01.0413262,test/elvis_dir_victor_783323,0x717,test/elvis_dir_victor_783323,0x717,0x12,,Archive,5176748164,BUILTIN\Administrators (S-1-5-32-544),Domain Users (S-1-5-21-3829591975-2821165226-2477612932-513),4 ACE(s): ALLOWED:BUILTIN\Administrators (S-1-5-32-544):FULL_CONTROL | ALLOWED:SYSTEM (S-1-5-18):FULL_CONTROL | ALLOWED:Authenticated Users (S-1-5-11):MODIFY | ALLOWED:BUILTIN\Users (S-1-5-32-545):READ_EXECUTE,False,,embedded,extents,False,False,False,False,False,False,1,,,,,,False,253952,,False,
0x717:0x7,test/elvis_dir_victor_783323/xbpt_record_mike_276675.tmp,xbpt_record_mike_276675.tmp,.tmp,267437,2025-12-01 07:17:11.3472066,2025-12-01 07:17:11.3472066,2026-05-16 16:52:00.9248413,2025-12-01 07:17:11.3472066,test/elvis_dir_victor_783323,0x717,test/elvis_dir_victor_783323,0x717,0x7,,Archive,5176748164,BUILTIN\Administrators (S-1-5-32-544),Domain Users (S-1-5-21-3829591975-2821165226-2477612932-513),4 ACE(s): ALLOWED:BUILTIN\Administrators (S-1-5-32-544):FULL_CONTROL | ALLOWED:SYSTEM (S-1-5-18):FULL_CONTROL | ALLOWED:Authenticated Users (S-1-5-11):MODIFY | ALLOWED:BUILTIN\Users (S-1-5-32-545):READ_EXECUTE,False,,embedded,extents,False,False,False,False,False,False,1,,,,,,False,270336,,False,MEDIUM:CHANGE_LATE|PRE_FORMAT
0x708:0x3,test/elvis_dir_victor_783323/xbpt_report_quebec_867569.md,xbpt_report_quebec_867569.md,.md,540829,2025-05-12 07:17:04.3504532,2026-05-16 16:52:02.8733266,2026-05-16 16:52:02.8733266,2026-05-16 16:52:02.8733266,test/elvis_dir_victor_783323,0x717,test/elvis_dir_record_449015/elvis_dir_papa_104235/elvis_dir_sync_718743/elvis_dir_gamma_603462/elvis_dir_quebec_218899,0x708,0x3,,Archive,5176748164,BUILTIN\Administrators (S-1-5-32-544),Domain Users (S-1-5-21-3829591975-2821165226-2477612932-513),4 ACE(s): ALLOWED:BUILTIN\Administrators (S-1-5-32-544):FULL_CONTROL | ALLOWED:SYSTEM (S-1-5-18):FULL_CONTROL | ALLOWED:Authenticated Users (S-1-5-11):MODIFY | ALLOWED:BUILTIN\Users (S-1-5-32-545):READ_EXECUTE,False,,split,extents,False,False,False,False,False,False,1,,,,,,False,544768,,True,MEDIUM:PRE_FORMAT
0x717:0xd,test/elvis_dir_victor_783323/xbpt_romeo_quebec_189040.ini,xbpt_romeo_quebec_189040.ini,.ini,8369,2026-05-16 16:51:58.9456073,2026-05-16 16:51:58.9456073,2026-05-16 16:51:58.9456073,2026-05-16 16:51:58.9456073,test/elvis_dir_victor_783323,0x717,test/elvis_dir_victor_783323,0x717,0xd,,Archive,5176748164,BUILTIN\Administrators (S-1-5-32-544),Domain Users (S-1-5-21-3829591975-2821165226-2477612932-513),4 ACE(s): ALLOWED:BUILTIN\Administrators (S-1-5-32-544):FULL_CONTROL | ALLOWED:SYSTEM (S-1-5-18):FULL_CONTROL | ALLOWED:Authenticated Users (S-1-5-11):MODIFY | ALLOWED:BUILTIN\Users (S-1-5-32-545):READ_EXECUTE,False,,embedded,extents,False,False,False,False,False,False,1,,,,,,False,12288,,False,
0x717:0x15,test/elvis_dir_victor_783323/xbpt_romeo_yankee_383561.cfg,xbpt_romeo_yankee_383561.cfg,.cfg,474347,2022-05-31 07:17:29.8718970,2022-05-31 07:17:29.8718970,2026-05-16 16:52:02.3262148,2022-05-31 07:17:29.8718970,test/elvis_dir_victor_783323,0x717,test/elvis_dir_victor_783323,0x717,0x15,,Archive,5176748164,BUILTIN\Administrators (S-1-5-32-544),Domain Users (S-1-5-21-3829591975-2821165226-2477612932-513),4 ACE(s): ALLOWED:BUILTIN\Administrators (S-1-5-32-544):FULL_CONTROL | ALLOWED:SYSTEM (S-1-5-18):FULL_CONTROL | ALLOWED:Authenticated Users (S-1-5-11):MODIFY | ALLOWED:BUILTIN\Users (S-1-5-32-545):READ_EXECUTE,False,,embedded,extents,False,False,False,False,False,False,1,,,,,,False,475136,,False,MEDIUM:CHANGE_LATE|PRE_FORMAT
0x717:0x14,test/elvis_dir_victor_783323/xbpt_sierra_echo_709659.md,xbpt_sierra_echo_709659.md,.md,278186,2026-05-16 16:52:02.0359910,2026-05-16 16:52:02.0369685,2026-05-16 16:52:02.0369685,2026-05-16 16:52:02.0369685,test/elvis_dir_victor_783323,0x717,test/elvis_dir_victor_783323,0x717,0x14,,Archive,5176748164,BUILTIN\Administrators (S-1-5-32-544),Domain Users (S-1-5-21-3829591975-2821165226-2477612932-513),4 ACE(s): ALLOWED:BUILTIN\Administrators (S-1-5-32-544):FULL_CONTROL | ALLOWED:SYSTEM (S-1-5-18):FULL_CONTROL | ALLOWED:Authenticated Users (S-1-5-11):MODIFY | ALLOWED:BUILTIN\Users (S-1-5-32-545):READ_EXECUTE,False,,embedded,extents,False,False,False,False,False,False,1,,,,,,False,278528,,False,
0x717:0x13,test/elvis_dir_victor_783323/xbpt_sierra_gamma_615567.ini,xbpt_sierra_gamma_615567.ini,.ini,492715,2026-05-16 16:52:01.5782439,2026-05-16 16:52:01.5782439,2026-05-16 16:52:01.5782439,2026-05-16 16:52:01.5782439,test/elvis_dir_victor_783323,0x717,test/elvis_dir_victor_783323,0x717,0x13,,Archive,5176748164,BUILTIN\Administrators (S-1-5-32-544),Domain Users (S-1-5-21-3829591975-2821165226-2477612932-513),4 ACE(s): ALLOWED:BUILTIN\Administrators (S-1-5-32-544):FULL_CONTROL | ALLOWED:SYSTEM (S-1-5-18):FULL_CONTROL | ALLOWED:Authenticated Users (S-1-5-11):MODIFY | ALLOWED:BUILTIN\Users (S-1-5-32-545):READ_EXECUTE,False,,embedded,extents,False,False,False,False,False,False,1,,,,,,False,495616,,False,
0x72b:0x3,test/elvis_dir_victor_783323/xbpt_trace_cache_289808.json,xbpt_trace_cache_289808.json,.json,40965,2026-05-16 16:51:59.8013898,2026-05-16 16:51:59.8013898,2026-05-16 16:52:02.7687941,2026-05-16 16:51:59.8013898,test/elvis_dir_victor_783323,0x717,test/elvis_dir_index_149423/elvis_dir_victor_121923/elvis_dir_hotel_670324/elvis_dir_output_358165/elvis_dir_oscar_874075,0x72b,0x3,,Archive,5176748164,BUILTIN\Administrators (S-1-5-32-544),Domain Users (S-1-5-21-3829591975-2821165226-2477612932-513),4 ACE(s): ALLOWED:BUILTIN\Administrators (S-1-5-32-544):FULL_CONTROL | ALLOWED:SYSTEM (S-1-5-18):FULL_CONTROL | ALLOWED:Authenticated Users (S-1-5-11):MODIFY | ALLOWED:BUILTIN\Users (S-1-5-32-545):READ_EXECUTE,False,,split,extents,False,False,False,False,False,False,1,,,,,,False,45056,,True,
0x717:0x8,test/elvis_dir_victor_783323/xbpt_trace_config_794136.tmp,xbpt_trace_config_794136.tmp,.tmp,234937,2021-10-04 07:16:49.6636174,2021-10-04 07:16:49.6636174,2026-05-16 16:51:58.6116614,2021-10-04 07:16:49.6636174,test/elvis_dir_victor_783323,0x717,test/elvis_dir_victor_783323,0x717,0x8,,Archive,5176748164,BUILTIN\Administrators (S-1-5-32-544),Domain Users (S-1-5-21-3829591975-2821165226-2477612932-513),4 ACE(s): ALLOWED:BUILTIN\Administrators (S-1-5-32-544):FULL_CONTROL | ALLOWED:SYSTEM (S-1-5-18):FULL_CONTROL | ALLOWED:Authenticated Users (S-1-5-11):MODIFY | ALLOWED:BUILTIN\Users (S-1-5-32-545):READ_EXECUTE,False,,embedded,extents,False,False,False,False,False,False,1,,,,,,False,237568,,False,MEDIUM:CHANGE_LATE|PRE_FORMAT
0x717:0xe,test/elvis_dir_victor_783323/xbpt_trace_hotel_502150.xml,xbpt_trace_hotel_502150.xml,.xml,277218,2026-05-16 16:51:59.2635473,2026-05-16 16:52:01.7811358,2026-05-16 16:52:01.7811358,2026-05-16 16:52:01.7811358,test/elvis_dir_victor_783323,0x717,test/elvis_dir_victor_783323,0x717,0xe,,Archive,5176748164,BUILTIN\Administrators (S-1-5-32-544),Domain Users (S-1-5-21-3829591975-2821165226-2477612932-513),4 ACE(s): ALLOWED:BUILTIN\Administrators (S-1-5-32-544):FULL_CONTROL | ALLOWED:SYSTEM (S-1-5-18):FULL_CONTROL | ALLOWED:Authenticated Users (S-1-5-11):MODIFY | ALLOWED:BUILTIN\Users (S-1-5-32-545):READ_EXECUTE,False,,embedded,extents,False,False,False,False,False,False,1,,,,,,False,278528,,False,
0x717:0x9,test/elvis_dir_victor_783323/xbpt_yankee_output_781405.csv,xbpt_yankee_output_781405.csv,.csv,414030,2025-09-04 07:16:57.5507155,2025-09-04 07:16:57.5507155,2026-05-16 16:51:59.4123857,2025-09-04 07:16:57.5507155,test/elvis_dir_victor_783323,0x717,test/elvis_dir_victor_783323,0x717,0x9,,Archive,5176748164,BUILTIN\Administrators (S-1-5-32-544),Domain Users (S-1-5-21-3829591975-2821165226-2477612932-513),4 ACE(s): ALLOWED:BUILTIN\Administrators (S-1-5-32-544):FULL_CONTROL | ALLOWED:SYSTEM (S-1-5-18):FULL_CONTROL | ALLOWED:Authenticated Users (S-1-5-11):MODIFY | ALLOWED:BUILTIN\Users (S-1-5-32-545):READ_EXECUTE,False,,embedded,extents,False,False,False,False,False,False,1,,,,,,False,417792,,False,MEDIUM:CHANGE_LATE|PRE_FORMAT
0x710:0x4,test/xbpt_archive_romeo_596174.txt,xbpt_archive_romeo_596174.txt,.txt,186635,2026-05-16 16:51:53.3022221,2026-05-16 16:51:53.8049163,2026-05-16 16:52:00.0856457,2026-05-16 16:51:53.8049163,test,0x702,test/elvis_dir_papa_805353/elvis_dir_november_478580,0x710,0x4,,Archive,5176748164,BUILTIN\Administrators (S-1-5-32-544),Domain Users (S-1-5-21-3829591975-2821165226-2477612932-513),4 ACE(s): ALLOWED:BUILTIN\Administrators (S-1-5-32-544):FULL_CONTROL | ALLOWED:SYSTEM (S-1-5-18):FULL_CONTROL | ALLOWED:Authenticated Users (S-1-5-11):MODIFY | ALLOWED:BUILTIN\Users (S-1-5-32-545):READ_EXECUTE,False,,split,extents,False,False,False,False,False,False,1,,,,,,False,188416,,True,
0x702:0x1f,test/xbpt_beta_sierra_570651.json,xbpt_beta_sierra_570651.json,.json,71395,2026-05-16 16:51:59.9136868,2026-05-16 16:51:59.9136868,2026-05-16 16:51:59.9136868,2026-05-16 16:51:59.9136868,test,0x702,test,0x702,0x1f,,Archive,5176748164,BUILTIN\Administrators (S-1-5-32-544),Domain Users (S-1-5-21-3829591975-2821165226-2477612932-513),4 ACE(s): ALLOWED:BUILTIN\Administrators (S-1-5-32-544):FULL_CONTROL | ALLOWED:SYSTEM (S-1-5-18):FULL_CONTROL | ALLOWED:Authenticated Users (S-1-5-11):MODIFY | ALLOWED:BUILTIN\Users (S-1-5-32-545):READ_EXECUTE,False,,embedded,extents,False,False,False,False,False,False,1,,,,,,False,73728,,False,
0x715:0x3,test/xbpt_config_hotel_558589.txt,xbpt_config_hotel_558589.txt,.txt,192688,2026-05-16 16:51:54.0814510,2026-05-16 16:51:54.0814510,2026-05-16 16:52:01.3511836,2026-05-16 16:51:54.0814510,test,0x702,test/elvis_dir_record_449015/elvis_dir_papa_104235/elvis_dir_sync_718743/elvis_dir_gamma_109016/elvis_dir_zulu_984398/elvis_dir_cache_558805/elvis_dir_sierra_850083,0x715,0x3,,Archive,5176748164,BUILTIN\Administrators (S-1-5-32-544),Domain Users (S-1-5-21-3829591975-2821165226-2477612932-513),4 ACE(s): ALLOWED:BUILTIN\Administrators (S-1-5-32-544):FULL_CONTROL | ALLOWED:SYSTEM (S-1-5-18):FULL_CONTROL | ALLOWED:Authenticated Users (S-1-5-11):MODIFY | ALLOWED:BUILTIN\Users (S-1-5-32-545):READ_EXECUTE,False,,split,extents,False,False,False,False,False,False,1,,,,,,False,196608,,True,
0x702:0x1a,test/xbpt_config_log_714507.md,xbpt_config_log_714507.md,.md,440919,2026-05-16 16:51:57.0693545,2026-05-16 16:51:58.5615503,2026-05-16 16:51:58.5615503,2026-05-16 16:51:58.5615503,test,0x702,test,0x702,0x1a,,Archive,5176748164,BUILTIN\Administrators (S-1-5-32-544),Domain Users (S-1-5-21-3829591975-2821165226-2477612932-513),4 ACE(s): ALLOWED:BUILTIN\Administrators (S-1-5-32-544):FULL_CONTROL | ALLOWED:SYSTEM (S-1-5-18):FULL_CONTROL | ALLOWED:Authenticated Users (S-1-5-11):MODIFY | ALLOWED:BUILTIN\Users (S-1-5-32-545):READ_EXECUTE,False,,embedded,extents,False,False,False,False,False,False,1,,,,,,False,442368,,False,
0x702:0x21,test/xbpt_config_log_982725.bin,xbpt_config_log_982725.bin,.bin,159126,2021-10-15 07:17:19.9400574,2021-10-15 07:17:19.9400574,2026-05-16 16:52:01.4625705,2021-10-15 07:17:19.9400574,test,0x702,test,0x702,0x21,,Archive,5176748164,BUILTIN\Administrators (S-1-5-32-544),Domain Users (S-1-5-21-3829591975-2821165226-2477612932-513),4 ACE(s): ALLOWED:BUILTIN\Administrators (S-1-5-32-544):FULL_CONTROL | ALLOWED:SYSTEM (S-1-5-18):FULL_CONTROL | ALLOWED:Authenticated Users (S-1-5-11):MODIFY | ALLOWED:BUILTIN\Users (S-1-5-32-545):READ_EXECUTE,False,,embedded,extents,False,False,False,False,False,False,1,,,,,,False,159744,,False,MEDIUM:CHANGE_LATE|PRE_FORMAT
0x702:0x19,test/xbpt_draft_tango_958869.bin,xbpt_draft_tango_958869.bin,.bin,59633,2026-05-16 16:51:57.0523357,2026-05-16 16:51:57.0523357,2026-05-16 16:51:57.0523357,2026-05-16 16:51:57.0523357,test,0x702,test,0x702,0x19,,Archive,5176748164,BUILTIN\Administrators (S-1-5-32-544),Domain Users (S-1-5-21-3829591975-2821165226-2477612932-513),4 ACE(s): ALLOWED:BUILTIN\Administrators (S-1-5-32-544):FULL_CONTROL | ALLOWED:SYSTEM (S-1-5-18):FULL_CONTROL | ALLOWED:Authenticated Users (S-1-5-11):MODIFY | ALLOWED:BUILTIN\Users (S-1-5-32-545):READ_EXECUTE,False,,embedded,extents,False,False,False,False,False,False,1,,,,,,False,61440,,False,
0x702:0x11,test/xbpt_foxtrot_config_966558.log,xbpt_foxtrot_config_966558.log,.log,298452,2025-11-05 07:16:31.4941888,2026-05-16 16:52:02.5494635,2026-05-16 16:52:02.5494635,2026-05-16 16:52:02.5494635,test,0x702,test,0x702,0x11,,Archive,5176748164,BUILTIN\Administrators (S-1-5-32-544),Domain Users (S-1-5-21-3829591975-2821165226-2477612932-513),4 ACE(s): ALLOWED:BUILTIN\Administrators (S-1-5-32-544):FULL_CONTROL | ALLOWED:SYSTEM (S-1-5-18):FULL_CONTROL | ALLOWED:Authenticated Users (S-1-5-11):MODIFY | ALLOWED:BUILTIN\Users (S-1-5-32-545):READ_EXECUTE,False,,embedded,extents,False,False,False,False,False,False,1,,,,,,False,299008,,False,MEDIUM:PRE_FORMAT
0x702:0x17,test/xbpt_gamma_temp_372257.bak,xbpt_gamma_temp_372257.bak,.bak,430306,2026-05-16 16:51:56.8833625,2026-05-16 16:52:01.3145493,2026-05-16 16:52:01.3145493,2026-05-16 16:52:01.3145493,test,0x702,test,0x702,0x17,,Archive,5176748164,BUILTIN\Administrators (S-1-5-32-544),Domain Users (S-1-5-21-3829591975-2821165226-2477612932-513),4 ACE(s): ALLOWED:BUILTIN\Administrators (S-1-5-32-544):FULL_CONTROL | ALLOWED:SYSTEM (S-1-5-18):FULL_CONTROL | ALLOWED:Authenticated Users (S-1-5-11):MODIFY | ALLOWED:BUILTIN\Users (S-1-5-32-545):READ_EXECUTE,False,,embedded,extents,False,False,False,False,False,False,1,,,,,,False,434176,,False,
0x702:0x15,test/xbpt_index_india_423224.csv,xbpt_index_india_423224.csv,.csv,376745,2025-06-06 07:17:11.5639166,2025-06-06 07:17:11.5639166,2026-05-16 16:52:00.9452340,2025-06-06 07:17:11.5639166,test,0x702,test,0x702,0x15,,Archive,5176748164,BUILTIN\Administrators (S-1-5-32-544),Domain Users (S-1-5-21-3829591975-2821165226-2477612932-513),4 ACE(s): ALLOWED:BUILTIN\Administrators (S-1-5-32-544):FULL_CONTROL | ALLOWED:SYSTEM (S-1-5-18):FULL_CONTROL | ALLOWED:Authenticated Users (S-1-5-11):MODIFY | ALLOWED:BUILTIN\Users (S-1-5-32-545):READ_EXECUTE,False,,embedded,extents,False,False,False,False,False,False,1,,,,,,False,376832,,False,MEDIUM:CHANGE_LATE|PRE_FORMAT
0x702:0x18,test/xbpt_india_papa_801739.json,xbpt_india_papa_801739.json,.json,305819,2025-08-11 07:17:32.2206252,2025-08-11 07:17:32.2206252,2026-05-16 16:52:02.5281013,2025-08-11 07:17:32.2206252,test,0x702,test,0x702,0x18,,Archive,5176748164,BUILTIN\Administrators (S-1-5-32-544),Domain Users (S-1-5-21-3829591975-2821165226-2477612932-513),4 ACE(s): ALLOWED:BUILTIN\Administrators (S-1-5-32-544):FULL_CONTROL | ALLOWED:SYSTEM (S-1-5-18):FULL_CONTROL | ALLOWED:Authenticated Users (S-1-5-11):MODIFY | ALLOWED:BUILTIN\Users (S-1-5-32-545):READ_EXECUTE,False,,embedded,extents,False,False,False,False,False,False,1,,,,,,False,307200,,False,MEDIUM:CHANGE_LATE|PRE_FORMAT
0x706:0x6,test/xbpt_india_temp_831504.csv,xbpt_india_temp_831504.csv,.csv,475328,2024-04-02 07:16:32.8669648,2024-04-02 07:16:32.8669648,2026-05-16 16:51:59.2490424,2024-04-02 07:16:32.8669648,test,0x702,test/elvis_dir_record_449015/elvis_dir_papa_104235/elvis_dir_sync_718743/elvis_dir_gamma_109016,0x706,0x6,,Archive,5176748164,BUILTIN\Administrators (S-1-5-32-544),Domain Users (S-1-5-21-3829591975-2821165226-2477612932-513),4 ACE(s): ALLOWED:BUILTIN\Administrators (S-1-5-32-544):FULL_CONTROL | ALLOWED:SYSTEM (S-1-5-18):FULL_CONTROL | ALLOWED:Authenticated Users (S-1-5-11):MODIFY | ALLOWED:BUILTIN\Users (S-1-5-32-545):READ_EXECUTE,False,,split,extents,False,False,False,False,False,False,1,,,,,,False,479232,,True,MEDIUM:CHANGE_LATE|PRE_FORMAT
0x702:0x16,test/xbpt_india_trace_307426.json,xbpt_india_trace_307426.json,.json,214075,2026-05-16 16:51:56.5505414,2026-05-16 16:51:56.5515634,2026-05-16 16:51:56.5515634,2026-05-16 16:51:56.5515634,test,0x702,test,0x702,0x16,,Archive,5176748164,BUILTIN\Administrators (S-1-5-32-544),Domain Users (S-1-5-21-3829591975-2821165226-2477612932-513),4 ACE(s): ALLOWED:BUILTIN\Administrators (S-1-5-32-544):FULL_CONTROL | ALLOWED:SYSTEM (S-1-5-18):FULL_CONTROL | ALLOWED:Authenticated Users (S-1-5-11):MODIFY | ALLOWED:BUILTIN\Users (S-1-5-32-545):READ_EXECUTE,False,,embedded,extents,False,False,False,False,False,False,1,,,,,,False,217088,,False,
0x702:0x24,test/xbpt_large_99mb_report_414178.tmp,xbpt_large_99mb_report_414178.tmp,.tmp,103809024,2026-05-16 16:52:03.0244081,2026-05-16 16:52:03.0276249,2026-05-16 16:52:03.0276249,2026-05-16 16:52:03.0276249,test,0x702,test,0x702,0x24,,Archive,5176748164,BUILTIN\Administrators (S-1-5-32-544),Domain Users (S-1-5-21-3829591975-2821165226-2477612932-513),4 ACE(s): ALLOWED:BUILTIN\Administrators (S-1-5-32-544):FULL_CONTROL | ALLOWED:SYSTEM (S-1-5-18):FULL_CONTROL | ALLOWED:Authenticated Users (S-1-5-11):MODIFY | ALLOWED:BUILTIN\Users (S-1-5-32-545):READ_EXECUTE,False,,embedded,extents,False,False,False,False,False,False,1,,,,,,False,103809024,,False,
0x710:0x11,test/xbpt_log_november_496320.csv,xbpt_log_november_496320.csv,.csv,552331,2026-05-16 16:51:59.6650177,2026-05-16 16:51:58.7259186,2026-05-16 16:52:02.3670307,2026-05-16 16:51:59.7014863,test,0x702,test/elvis_dir_papa_805353/elvis_dir_november_478580,0x710,0x11,,Archive,5176748164,BUILTIN\Administrators (S-1-5-32-544),Domain Users (S-1-5-21-3829591975-2821165226-2477612932-513),4 ACE(s): ALLOWED:BUILTIN\Administrators (S-1-5-32-544):FULL_CONTROL | ALLOWED:SYSTEM (S-1-5-18):FULL_CONTROL | ALLOWED:Authenticated Users (S-1-5-11):MODIFY | ALLOWED:BUILTIN\Users (S-1-5-32-545):READ_EXECUTE,False,,split,extents,False,False,False,False,False,False,1,,,,,,False,552960,,True,
0x702:0x23,test/xbpt_marked_eveliselaurence_670394.txt,xbpt_marked_eveliselaurence_670394.txt,.txt,173,2026-05-16 16:52:02.9771372,2026-05-16 16:52:02.9771372,2026-05-16 16:52:02.9771372,2026-05-16 16:52:02.9771372,test,0x702,test,0x702,0x23,,Archive,5176748164,BUILTIN\Administrators (S-1-5-32-544),Domain Users (S-1-5-21-3829591975-2821165226-2477612932-513),4 ACE(s): ALLOWED:BUILTIN\Administrators (S-1-5-32-544):FULL_CONTROL | ALLOWED:SYSTEM (S-1-5-18):FULL_CONTROL | ALLOWED:Authenticated Users (S-1-5-11):MODIFY | ALLOWED:BUILTIN\Users (S-1-5-32-545):READ_EXECUTE,False,,embedded,inline,True,False,False,False,False,False,1,,,,,,False,176,,False,
0x70f:0x7,test/xbpt_sierra_sync_956584.ini,xbpt_sierra_sync_956584.ini,.ini,19465,2026-05-16 16:51:54.6866429,2026-05-16 16:52:02.9057501,2026-05-16 16:52:02.9057501,2026-05-16 16:52:02.9057501,test,0x702,test/elvis_dir_record_449015,0x70f,0x7,,Archive,5176748164,BUILTIN\Administrators (S-1-5-32-544),Domain Users (S-1-5-21-3829591975-2821165226-2477612932-513),4 ACE(s): ALLOWED:BUILTIN\Administrators (S-1-5-32-544):FULL_CONTROL | ALLOWED:SYSTEM (S-1-5-18):FULL_CONTROL | ALLOWED:Authenticated Users (S-1-5-11):MODIFY | ALLOWED:BUILTIN\Users (S-1-5-32-545):READ_EXECUTE,False,,split,extents,False,False,False,False,False,False,1,,,,,,False,20480,,True,
0x702:0x1c,test/xbpt_symlink_hotel_632659.lnk,xbpt_symlink_hotel_632659.lnk,.lnk,0,2026-05-16 16:51:57.2650810,2026-05-16 16:51:57.2650810,2026-05-16 16:51:57.2660836,2026-05-16 16:51:57.2650810,test,0x702,test,0x702,0x1c,,Archive|ReparsePoint,5176748164,BUILTIN\Administrators (S-1-5-32-544),Domain Users (S-1-5-21-3829591975-2821165226-2477612932-513),4 ACE(s): ALLOWED:BUILTIN\Administrators (S-1-5-32-544):FULL_CONTROL | ALLOWED:SYSTEM (S-1-5-18):FULL_CONTROL | ALLOWED:Authenticated Users (S-1-5-11):MODIFY | ALLOWED:BUILTIN\Users (S-1-5-32-545):READ_EXECUTE,False,,embedded,inline,True,False,False,False,False,False,1,,,,IO_REPARSE_TAG_SYMLINK (0xa000000c),K:\test\elvis_dir_log_202031\elvis_dir_record_340186\elvis_dir_gamma_109016\elvis_dir_config_541148\xbpt_index_zulu_828859.bak,False,0,0x28 (RedirectionTrust),False,
0x702:0x20,test/xbpt_symlink_output_831744.lnk,xbpt_symlink_output_831744.lnk,.lnk,0,2026-05-16 16:52:00.4309201,2026-05-16 16:52:00.4309201,2026-05-16 16:52:00.4309201,2026-05-16 16:52:00.4309201,test,0x702,test,0x702,0x20,,Archive|ReparsePoint,5176748164,BUILTIN\Administrators (S-1-5-32-544),Domain Users (S-1-5-21-3829591975-2821165226-2477612932-513),4 ACE(s): ALLOWED:BUILTIN\Administrators (S-1-5-32-544):FULL_CONTROL | ALLOWED:SYSTEM (S-1-5-18):FULL_CONTROL | ALLOWED:Authenticated Users (S-1-5-11):MODIFY | ALLOWED:BUILTIN\Users (S-1-5-32-545):READ_EXECUTE,False,,embedded,inline,True,False,False,False,False,False,1,,,,IO_REPARSE_TAG_SYMLINK (0xa000000c),K:\test\xbpt_yankee_audit_433793.xml,False,0,0x28 (RedirectionTrust),False,
0x702:0x7,test/xbpt_sync_zulu_911953.ini,xbpt_sync_zulu_911953.ini,.ini,349388,2026-05-16 16:51:51.4375721,2026-05-16 16:51:52.8886023,2026-05-16 16:51:57.7217531,2026-05-16 16:51:52.8886023,test,0x702,test,0x702,0x7,,Archive,5176748164,BUILTIN\Administrators (S-1-5-32-544),Domain Users (S-1-5-21-3829591975-2821165226-2477612932-513),4 ACE(s): ALLOWED:BUILTIN\Administrators (S-1-5-32-544):FULL_CONTROL | ALLOWED:SYSTEM (S-1-5-18):FULL_CONTROL | ALLOWED:Authenticated Users (S-1-5-11):MODIFY | ALLOWED:BUILTIN\Users (S-1-5-32-545):READ_EXECUTE,False,,embedded,extents,False,False,False,False,False,False,1,,,,,,False,352256,,False,
0x702:0xe,test/xbpt_tango_archive_828215.dat,xbpt_tango_archive_828215.dat,.dat,116243,2026-05-16 16:51:52.2447297,2026-05-16 16:52:01.4090604,2026-05-16 16:52:01.4090604,2026-05-16 16:52:01.4090604,test,0x702,test,0x702,0xe,,Archive,5176748164,BUILTIN\Administrators (S-1-5-32-544),Domain Users (S-1-5-21-3829591975-2821165226-2477612932-513),4 ACE(s): ALLOWED:BUILTIN\Administrators (S-1-5-32-544):FULL_CONTROL | ALLOWED:SYSTEM (S-1-5-18):FULL_CONTROL | ALLOWED:Authenticated Users (S-1-5-11):MODIFY | ALLOWED:BUILTIN\Users (S-1-5-32-545):READ_EXECUTE,True,hidden_1514,embedded,extents,False,False,False,False,False,False,1,,,,,,False,118784,,False,
0x723:0x3,test/xbpt_tango_foxtrot_898933.txt,xbpt_tango_foxtrot_898933.txt,.txt,207263,2026-05-16 16:51:57.5336808,2026-05-16 16:51:58.1255038,2026-05-16 16:51:59.7937278,2026-05-16 16:51:58.1255038,test,0x702,test/elvis_dir_india_800575,0x723,0x3,,Archive,5176748164,BUILTIN\Administrators (S-1-5-32-544),Domain Users (S-1-5-21-3829591975-2821165226-2477612932-513),4 ACE(s): ALLOWED:BUILTIN\Administrators (S-1-5-32-544):FULL_CONTROL | ALLOWED:SYSTEM (S-1-5-18):FULL_CONTROL | ALLOWED:Authenticated Users (S-1-5-11):MODIFY | ALLOWED:BUILTIN\Users (S-1-5-32-545):READ_EXECUTE,False,,split,extents,False,False,False,False,False,False,1,,,,,,False,208896,,True,
0x702:0x1b,test/xbpt_uniform_victor_168724.txt,xbpt_uniform_victor_168724.txt,.txt,186635,2026-05-16 16:51:57.1970235,2026-05-16 16:51:53.8049163,2026-05-16 16:52:01.2895433,2026-05-16 16:51:57.2199181,test,0x702,test,0x702,0x1b,,Archive,5176748164,BUILTIN\Administrators (S-1-5-32-544),Domain Users (S-1-5-21-3829591975-2821165226-2477612932-513),4 ACE(s): ALLOWED:BUILTIN\Administrators (S-1-5-32-544):FULL_CONTROL | ALLOWED:SYSTEM (S-1-5-18):FULL_CONTROL | ALLOWED:Authenticated Users (S-1-5-11):MODIFY | ALLOWED:BUILTIN\Users (S-1-5-32-545):READ_EXECUTE,False,,embedded,extents,False,False,False,False,False,False,1,,,,,,False,188416,,False,
0x702:0xd,test/xbpt_victor_lima_251467.cfg,xbpt_victor_lima_251467.cfg,.cfg,578777,2026-05-16 16:51:51.9292604,2026-05-16 16:51:57.6640313,2026-05-16 16:51:57.6640313,2026-05-16 16:51:57.6640313,test,0x702,test,0x702,0xd,,Archive,5176748164,BUILTIN\Administrators (S-1-5-32-544),Domain Users (S-1-5-21-3829591975-2821165226-2477612932-513),4 ACE(s): ALLOWED:BUILTIN\Administrators (S-1-5-32-544):FULL_CONTROL | ALLOWED:SYSTEM (S-1-5-18):FULL_CONTROL | ALLOWED:Authenticated Users (S-1-5-11):MODIFY | ALLOWED:BUILTIN\Users (S-1-5-32-545):READ_EXECUTE,False,,embedded,extents,False,False,False,False,False,False,1,,,,,,False,581632,,False,
0x702:0xa,test/xbpt_yankee_audit_433793.xml,xbpt_yankee_audit_433793.xml,.xml,380116,2022-02-12 07:16:16.9171874,2022-02-12 07:16:16.9171874,2026-05-16 16:51:55.4558919,2022-02-12 07:16:16.9171874,test,0x702,test,0x702,0xa,,Archive,5176748164,BUILTIN\Administrators (S-1-5-32-544),Domain Users (S-1-5-21-3829591975-2821165226-2477612932-513),4 ACE(s): ALLOWED:BUILTIN\Administrators (S-1-5-32-544):FULL_CONTROL | ALLOWED:SYSTEM (S-1-5-18):FULL_CONTROL | ALLOWED:Authenticated Users (S-1-5-11):MODIFY | ALLOWED:BUILTIN\Users (S-1-5-32-545):READ_EXECUTE,False,,embedded,extents,False,False,False,False,False,False,1,,,,,,False,380928,,False,MEDIUM:CHANGE_LATE|PRE_FORMAT
0x702:0x1e,test/xbpt_zulu_hotel_479124.bin,xbpt_zulu_hotel_479124.bin,.bin,454363,2026-05-16 16:51:59.4073810,2026-05-16 16:52:01.7725894,2026-05-16 16:52:01.7725894,2026-05-16 16:52:01.7725894,test,0x702,test,0x702,0x1e,,Archive,5176748164,BUILTIN\Administrators (S-1-5-32-544),Domain Users (S-1-5-21-3829591975-2821165226-2477612932-513),4 ACE(s): ALLOWED:BUILTIN\Administrators (S-1-5-32-544):FULL_CONTROL | ALLOWED:SYSTEM (S-1-5-18):FULL_CONTROL | ALLOWED:Authenticated Users (S-1-5-11):MODIFY | ALLOWED:BUILTIN\Users (S-1-5-32-545):READ_EXECUTE,False,,embedded,extents,False,False,False,False,False,False,1,,,,,,False,454656,,False,
0x73c,testsnapshots,testsnapshots,,0,2026-05-16 16:54:44.1294125,2026-05-16 17:34:52.0564658,2026-05-16 17:34:52.0564658,2026-05-16 17:34:52.1094005,.,0x600,,,,,Directory_Internal,4831861536,BUILTIN\Administrators (S-1-5-32-544),Domain Users (S-1-5-21-3829591975-2821165226-2477612932-513),7 ACE(s): ALLOWED:BUILTIN\Administrators (S-1-5-32-544):FULL_CONTROL | ALLOWED:SYSTEM (S-1-5-18):FULL_CONTROL | ALLOWED:SYSTEM (S-1-5-18):GENERIC_ALL | ALLOWED:Authenticated Users (S-1-5-11):MODIFY | ALLOWED:Authenticated Users (S-1-5-11):DELETE|GENERIC_EXECUTE|GENERIC_WRITE|GENERIC_READ | ALLOWED:BUILTIN\Users (S-1-5-32-545):READ_EXECUTE | …,False,,,,False,True,False,False,False,False,,,,,,,False,,,False,
0x73c:0x2,testsnapshots/arg.txt,arg.txt,.txt,15,2026-05-16 16:55:20.9805996,2026-05-16 17:12:30.7302294,2026-05-16 17:12:30.7302294,2026-05-16 17:12:30.7302294,testsnapshots,0x73c,testsnapshots,0x73c,0x2,,Archive,5176748164,BUILTIN\Administrators (S-1-5-32-544),Domain Users (S-1-5-21-3829591975-2821165226-2477612932-513),4 ACE(s): ALLOWED:BUILTIN\Administrators (S-1-5-32-544):FULL_CONTROL | ALLOWED:SYSTEM (S-1-5-18):FULL_CONTROL | ALLOWED:Authenticated Users (S-1-5-11):MODIFY | ALLOWED:BUILTIN\Users (S-1-5-32-545):READ_EXECUTE,False,,embedded,extents,False,False,False,False,False,False,1,,1,test2,,,False,4096,,False,
0x73c:0x3,testsnapshots/arg.txt.bak.20260516191516,arg.txt.bak.20260516191516,,15,2026-05-16 17:15:16.8401019,2026-05-16 17:12:30.7302294,2026-05-16 17:12:30.7302294,2026-05-16 17:15:16.8421183,testsnapshots,0x73c,testsnapshots,0x73c,0x3,,Archive,5176748164,BUILTIN\Administrators (S-1-5-32-544),Domain Users (S-1-5-21-3829591975-2821165226-2477612932-513),4 ACE(s): ALLOWED:BUILTIN\Administrators (S-1-5-32-544):FULL_CONTROL | ALLOWED:SYSTEM (S-1-5-18):FULL_CONTROL | ALLOWED:Authenticated Users (S-1-5-11):MODIFY | ALLOWED:BUILTIN\Users (S-1-5-32-545):READ_EXECUTE,False,,embedded,inline,True,False,False,False,False,False,1,,,,,,False,16,,False,
0x73c:0x4,testsnapshots/arg.txt.bak.20260516191620,arg.txt.bak.20260516191620,,15,2026-05-16 17:16:20.0287089,2026-05-16 17:12:30.7302294,2026-05-16 17:12:30.7302294,2026-05-16 17:16:20.0307297,testsnapshots,0x73c,testsnapshots,0x73c,0x4,,Archive,5176748164,BUILTIN\Administrators (S-1-5-32-544),Domain Users (S-1-5-21-3829591975-2821165226-2477612932-513),4 ACE(s): ALLOWED:BUILTIN\Administrators (S-1-5-32-544):FULL_CONTROL | ALLOWED:SYSTEM (S-1-5-18):FULL_CONTROL | ALLOWED:Authenticated Users (S-1-5-11):MODIFY | ALLOWED:BUILTIN\Users (S-1-5-32-545):READ_EXECUTE,False,,embedded,inline,True,False,False,False,False,False,1,,,,,,False,16,,False,
0x73c:0x9,testsnapshots/lasttest.txt,lasttest.txt,.txt,201,2026-05-16 17:34:52.0564658,2026-05-16 17:35:57.4899352,2026-05-16 17:35:57.4899352,2026-05-16 17:35:57.4899352,testsnapshots,0x73c,testsnapshots,0x73c,0x9,,Archive,5176748164,BUILTIN\Administrators (S-1-5-32-544),Domain Users (S-1-5-21-3829591975-2821165226-2477612932-513),4 ACE(s): ALLOWED:BUILTIN\Administrators (S-1-5-32-544):FULL_CONTROL | ALLOWED:SYSTEM (S-1-5-18):FULL_CONTROL | ALLOWED:Authenticated Users (S-1-5-11):MODIFY | ALLOWED:BUILTIN\Users (S-1-5-32-545):READ_EXECUTE,False,,embedded,snapshot-shared,False,False,False,False,False,False,1,,2,sameaslastversion;first,,,False,4096,,False,
0x73c:0x5,testsnapshots/test.txt,test.txt,.txt,5,2026-05-16 17:16:47.9281343,2026-05-16 17:19:37.0883235,2026-05-16 17:19:37.0883235,2026-05-16 17:19:37.0883235,testsnapshots,0x73c,testsnapshots,0x73c,0x5,,Archive,5176748164,BUILTIN\Administrators (S-1-5-32-544),Domain Users (S-1-5-21-3829591975-2821165226-2477612932-513),4 ACE(s): ALLOWED:BUILTIN\Administrators (S-1-5-32-544):FULL_CONTROL | ALLOWED:SYSTEM (S-1-5-18):FULL_CONTROL | ALLOWED:Authenticated Users (S-1-5-11):MODIFY | ALLOWED:BUILTIN\Users (S-1-5-32-545):READ_EXECUTE,False,,embedded,snapshot-shared,False,False,False,False,False,False,1,,4,v3;v2;last;firstversion,,,False,4096,,False,
0x73c:0x7,testsnapshots/testads.txt,testads.txt,.txt,12,2026-05-16 17:26:23.9789438,2026-05-16 17:27:58.0956492,2026-05-16 17:27:58.0956492,2026-05-16 17:27:58.0956492,testsnapshots,0x73c,testsnapshots,0x73c,0x7,,Archive,5176748164,BUILTIN\Administrators (S-1-5-32-544),Domain Users (S-1-5-21-3829591975-2821165226-2477612932-513),4 ACE(s): ALLOWED:BUILTIN\Administrators (S-1-5-32-544):FULL_CONTROL | ALLOWED:SYSTEM (S-1-5-18):FULL_CONTROL | ALLOWED:Authenticated Users (S-1-5-11):MODIFY | ALLOWED:BUILTIN\Users (S-1-5-32-545):READ_EXECUTE,True,adstest,embedded,snapshot-shared,False,False,False,False,False,False,1,,1,beforeads,,,False,4096,,False,
0x73c:0x6,testsnapshots/testxyz.txt,testxyz.txt,.txt,5,2026-05-16 17:21:14.8910907,2026-05-16 17:19:37.0883235,2026-05-16 17:19:37.0883235,2026-05-16 17:21:14.8938717,testsnapshots,0x73c,testsnapshots,0x73c,0x6,,Archive,5176748164,BUILTIN\Administrators (S-1-5-32-544),Domain Users (S-1-5-21-3829591975-2821165226-2477612932-513),4 ACE(s): ALLOWED:BUILTIN\Administrators (S-1-5-32-544):FULL_CONTROL | ALLOWED:SYSTEM (S-1-5-18):FULL_CONTROL | ALLOWED:Authenticated Users (S-1-5-11):MODIFY | ALLOWED:BUILTIN\Users (S-1-5-32-545):READ_EXECUTE,False,,embedded,inline,True,False,False,False,False,False,1,,,,,,False,8,,False,
0x73c:0x8,testsnapshots/xbpt_beta_sierra_570651.json,xbpt_beta_sierra_570651.json,.json,3201078,2026-05-16 17:30:57.2925347,2026-05-16 17:34:32.1649542,2026-05-16 17:34:32.1649542,2026-05-16 17:34:32.1649542,testsnapshots,0x73c,testsnapshots,0x73c,0x8,,Archive,5176748164,BUILTIN\Administrators (S-1-5-32-544),Domain Users (S-1-5-21-3829591975-2821165226-2477612932-513),4 ACE(s): ALLOWED:BUILTIN\Administrators (S-1-5-32-544):FULL_CONTROL | ALLOWED:SYSTEM (S-1-5-18):FULL_CONTROL | ALLOWED:Authenticated Users (S-1-5-11):MODIFY | ALLOWED:BUILTIN\Users (S-1-5-32-545):READ_EXECUTE,False,,embedded,extents,False,False,False,False,False,False,1,,2,versionmodified;copiedversion,,,False,3203072,,False,
