seq,timestamp,action,path,name,oid,opcodes,record_count,plcn
1,2026-05-16T16:50:42.788Z,MODIFY,,,,UPDATE_ROW,1,32769
2,2026-05-16T16:50:44.172Z,WRITE,/,,0x600,OPEN_TABLE_FROM SET_OBJECT INSERT_ROW,3,32770
3,,INSERT,,,,INSERT_ROW SET_PARENT_ID,2,32772
4,,OP,,,,OPEN_TABLE_FROM,1,32775
5,2026-05-16T16:50:42.788Z,MODIFY,,,,UPDATE_ROW,1,32776
6,,MODIFY,,,,UPDATE_ROW,1,32777
7,2026-05-16T16:50:46.135Z,CREATE,/System Volume Information,System Volume Information,0x701,OPEN_TABLE_FROM SET_OBJECT INSERT_ROW INSERT_ROW INSERT_ROW INSERT_ROW,6,32779
8,,MODIFY,/System Volume Information,,0x701,FREE,1,32783
9,,MODIFY,/System Volume Information,,0x701,FREE,1,32786
10,,MODIFY,/System Volume Information,,0x701,FREE,1,32789
11,,STREAM_UPD,/System Volume Information,,0x701,UPDATE_STREAM,1,32790
12,,STREAM_UPD,/System Volume Information,,0x701,UPDATE_STREAM,1,32792
13,,MODIFY,/System Volume Information,,0x701,FREE,1,32796
14,,MODIFY,/System Volume Information,,0x701,FREE,1,32799
15,,MODIFY,/System Volume Information,,0x701,FREE,1,32802
16,,MODIFY,/System Volume Information,,0x701,FREE,1,32805
17,,MODIFY,/System Volume Information,,0x701,FREE,1,32808
18,,MODIFY,/System Volume Information,,0x701,FREE,1,32811
19,,MODIFY,/System Volume Information,,0x701,FREE,1,32814
20,,MODIFY,/System Volume Information,,0x701,FREE,1,32817
21,,MODIFY,/System Volume Information,,0x701,FREE,1,32820
22,,MODIFY,/System Volume Information,,0x701,FREE,1,32823
23,,MODIFY,/System Volume Information,,0x701,FREE,1,32826
24,,MODIFY,/System Volume Information,,0x701,FREE,1,32831
25,,MODIFY,/System Volume Information,,0x701,FREE,1,32837
26,,MODIFY,/System Volume Information,,0x701,FREE,1,32840
27,,MODIFY,/System Volume Information,,0x701,FREE,1,32843
28,,MODIFY,/System Volume Information,,0x701,FREE,1,32846
29,,MODIFY,/System Volume Information,,0x701,FREE,1,32849
30,,MODIFY,/System Volume Information,,0x701,FREE,1,32852
31,,MODIFY,/System Volume Information,,0x701,FREE,1,32855
32,,MODIFY,/System Volume Information,,0x701,FREE,1,32858
33,,MODIFY,/System Volume Information,,0x701,FREE,1,32861
34,,MODIFY,/System Volume Information,,0x701,FREE,1,32864
35,,MODIFY,/System Volume Information,,0x701,FREE,1,32867
36,,MODIFY,/System Volume Information,,0x701,FREE,1,32870
37,,MODIFY,/System Volume Information,,0x701,FREE,1,32873
38,,MODIFY,/System Volume Information,,0x701,FREE,1,32876
39,,MODIFY,/System Volume Information,,0x701,FREE,1,32879
40,,MODIFY,/System Volume Information,,0x701,FREE,1,32882
41,,MODIFY,/System Volume Information,,0x701,FREE,1,32885
42,,MODIFY,/System Volume Information,,0x701,FREE,1,32888
43,,MODIFY,/System Volume Information,,0x701,FREE,1,32891
44,,MODIFY,/System Volume Information,,0x701,FREE,1,32894
45,,MODIFY,/System Volume Information,,0x701,FREE,1,32897
46,,MODIFY,/System Volume Information,,0x701,FREE,1,32900
47,,MODIFY,/System Volume Information,,0x701,FREE,1,32903
48,,MODIFY,/System Volume Information,,0x701,FREE,1,32906
49,,MODIFY,/System Volume Information,,0x701,FREE,1,32909
50,,MODIFY,/System Volume Information,,0x701,FREE,1,32912
51,,MODIFY,/System Volume Information,,0x701,FREE,1,32915
52,,MODIFY,/System Volume Information,,0x701,FREE,1,32918
53,,MODIFY,/System Volume Information,,0x701,FREE,1,32921
54,,MODIFY,/System Volume Information,,0x701,FREE,1,32924
55,,MODIFY,/System Volume Information,,0x701,FREE,1,32927
56,,MODIFY,/System Volume Information,,0x701,FREE,1,32930
57,,MODIFY,/System Volume Information,,0x701,FREE,1,32933
58,,MODIFY,/System Volume Information,,0x701,FREE,1,32936
59,,MODIFY,/System Volume Information,,0x701,FREE,1,32939
60,,MODIFY,/System Volume Information,,0x701,FREE,1,32942
61,,MODIFY,/System Volume Information,,0x701,FREE,1,32945
62,,MODIFY,/System Volume Information,,0x701,FREE,1,32948
63,,MODIFY,/System Volume Information,,0x701,FREE,1,32951
64,,MODIFY,/System Volume Information,,0x701,FREE,1,32954
65,,MODIFY,/System Volume Information,,0x701,FREE,1,32957
66,,MODIFY,/System Volume Information,,0x701,FREE,1,32960
67,,MODIFY,/System Volume Information,,0x701,FREE,1,32963
68,,MODIFY,/System Volume Information,,0x701,FREE,1,32966
69,,MODIFY,/System Volume Information,,0x701,FREE,1,32969
70,,MODIFY,/System Volume Information,,0x701,FREE,1,32972
71,,MODIFY,/System Volume Information,,0x701,FREE,1,32975
72,,MODIFY,/System Volume Information,,0x701,FREE,1,32978
73,,MODIFY,/System Volume Information,,0x701,FREE,1,32981
74,,MODIFY,/System Volume Information,,0x701,FREE,1,32984
75,,MODIFY,/System Volume Information,,0x701,FREE,1,32987
76,,MODIFY,/System Volume Information,,0x701,FREE,1,32990
77,,MODIFY,/System Volume Information,,0x701,FREE,1,32993
78,,MODIFY,/System Volume Information,,0x701,FREE,1,32996
79,,MODIFY,/System Volume Information,,0x701,FREE,1,32999
80,,MODIFY,/System Volume Information,,0x701,FREE,1,33002
81,,MODIFY,/System Volume Information,,0x701,FREE,1,33005
82,,MODIFY,/System Volume Information,,0x701,FREE,1,33008
83,,MODIFY,/System Volume Information,,0x701,FREE,1,33011
84,,MODIFY,/System Volume Information,,0x701,FREE,1,33014
85,,MODIFY,/System Volume Information,,0x701,FREE,1,33017
86,,MODIFY,/System Volume Information,,0x701,FREE,1,33020
87,,MODIFY,/System Volume Information,,0x701,FREE,1,33023
88,,MODIFY,/System Volume Information,,0x701,FREE,1,33026
89,,MODIFY,/System Volume Information,,0x701,FREE,1,33029
90,,MODIFY,/System Volume Information,,0x701,FREE,1,33032
91,,MODIFY,/System Volume Information,,0x701,FREE,1,33035
92,,MODIFY,/System Volume Information,,0x701,FREE,1,33038
93,,MODIFY,/System Volume Information,,0x701,FREE,1,33041
94,,MODIFY,/System Volume Information,,0x701,FREE,1,33044
95,,MODIFY,/System Volume Information,,0x701,FREE,1,33047
96,,MODIFY,/System Volume Information,,0x701,FREE,1,33050
97,,MODIFY,/System Volume Information,,0x701,FREE,1,33053
98,,MODIFY,/System Volume Information,,0x701,FREE,1,33056
99,,MODIFY,/System Volume Information,,0x701,FREE,1,33059
100,,MODIFY,/System Volume Information,,0x701,FREE,1,33062
101,,MODIFY,/System Volume Information,,0x701,FREE,1,33065
102,,MODIFY,/System Volume Information,,0x701,FREE,1,33068
103,,MODIFY,/System Volume Information,,0x701,FREE,1,33071
104,,MODIFY,/System Volume Information,,0x701,FREE,1,33074
105,,MODIFY,/System Volume Information,,0x701,FREE,1,33077
106,,MODIFY,/System Volume Information,,0x701,FREE,1,33080
107,,MODIFY,/System Volume Information,,0x701,FREE,1,33083
108,,MODIFY,/System Volume Information,,0x701,FREE,1,33086
109,,MODIFY,/System Volume Information,,0x701,FREE,1,33089
110,,MODIFY,/System Volume Information,,0x701,FREE,1,33092
111,,MODIFY,/System Volume Information,,0x701,FREE,1,33095
112,,MODIFY,/System Volume Information,,0x701,FREE,1,33098
113,,MODIFY,/System Volume Information,,0x701,FREE,1,33101
114,,MODIFY,/System Volume Information,,0x701,FREE,1,33104
115,,MODIFY,/System Volume Information,,0x701,FREE,1,33107
116,,MODIFY,/System Volume Information,,0x701,FREE,1,33110
117,,MODIFY,/System Volume Information,,0x701,FREE,1,33113
118,,MODIFY,/System Volume Information,,0x701,FREE,1,33116
119,,MODIFY,/System Volume Information,,0x701,FREE,1,33119
120,,MODIFY,/System Volume Information,,0x701,FREE,1,33122
121,,MODIFY,/System Volume Information,,0x701,FREE,1,33125
122,,MODIFY,/System Volume Information,,0x701,FREE,1,33128
123,,MODIFY,/System Volume Information,,0x701,FREE,1,33131
124,,MODIFY,/System Volume Information,,0x701,FREE,1,33134
125,,MODIFY,/System Volume Information,,0x701,FREE,1,33137
126,,MODIFY,/System Volume Information,,0x701,FREE,1,33140
127,,MODIFY,/System Volume Information,,0x701,FREE,1,33143
128,,MODIFY,/System Volume Information,,0x701,FREE,1,33146
129,,MODIFY,/System Volume Information,,0x701,FREE,1,33150
130,,MODIFY,/System Volume Information,,0x701,FREE,1,33153
131,,MODIFY,/System Volume Information,,0x701,FREE,1,33156
132,,MODIFY,/System Volume Information,,0x701,FREE,1,33159
133,,MODIFY,/System Volume Information,,0x701,FREE,1,33162
134,,MODIFY,/System Volume Information,,0x701,FREE,1,33165
135,,MODIFY,/System Volume Information,,0x701,FREE,1,33168
136,,MODIFY,/System Volume Information,,0x701,FREE,1,33171
137,,MODIFY,/System Volume Information,,0x701,FREE,1,33174
138,,MODIFY,/System Volume Information,,0x701,FREE,1,33177
139,,MODIFY,/System Volume Information,,0x701,FREE,1,33180
140,,MODIFY,/System Volume Information,,0x701,FREE,1,33183
141,,MODIFY,/System Volume Information,,0x701,FREE,1,33186
142,,MODIFY,/System Volume Information,,0x701,FREE,1,33189
143,,MODIFY,/System Volume Information,,0x701,FREE,1,33192
144,,MODIFY,/System Volume Information,,0x701,FREE,1,33195
145,,MODIFY,/System Volume Information,,0x701,FREE,1,33198
146,,MODIFY,/System Volume Information,,0x701,FREE,1,33201
147,,MODIFY,/System Volume Information,,0x701,FREE,1,33204
148,,MODIFY,/System Volume Information,,0x701,FREE,1,33207
149,,MODIFY,/System Volume Information,,0x701,FREE,1,33210
150,,MODIFY,/System Volume Information,,0x701,FREE,1,33213
151,,MODIFY,/System Volume Information,,0x701,FREE,1,33216
152,,MODIFY,/System Volume Information,,0x701,FREE,1,33219
153,,MODIFY,/System Volume Information,,0x701,FREE,1,33222
154,,MODIFY,/System Volume Information,,0x701,FREE,1,33225
155,,MODIFY,/System Volume Information,,0x701,FREE,1,33228
156,,MODIFY,/System Volume Information,,0x701,FREE,1,33231
157,,MODIFY,/System Volume Information,,0x701,FREE,1,33234
158,,MODIFY,/System Volume Information,,0x701,FREE,1,33237
159,,MODIFY,/System Volume Information,,0x701,FREE,1,33240
160,,MODIFY,/System Volume Information,,0x701,FREE,1,33243
161,,MODIFY,/System Volume Information,,0x701,FREE,1,33246
162,,MODIFY,/System Volume Information,,0x701,FREE,1,33249
163,,MODIFY,/System Volume Information,,0x701,FREE,1,33252
164,,MODIFY,/System Volume Information,,0x701,FREE,1,33255
165,,MODIFY,/System Volume Information,,0x701,FREE,1,33258
166,,MODIFY,/System Volume Information,,0x701,FREE,1,33261
167,,MODIFY,/System Volume Information,,0x701,FREE,1,33264
168,,MODIFY,/System Volume Information,,0x701,FREE,1,33267
169,,MODIFY,/System Volume Information,,0x701,FREE,1,33270
170,,MODIFY,/System Volume Information,,0x701,FREE,1,33273
171,,MODIFY,/System Volume Information,,0x701,FREE,1,33276
172,,MODIFY,/System Volume Information,,0x701,FREE,1,33279
173,,MODIFY,/System Volume Information,,0x701,FREE,1,33282
174,,MODIFY,/System Volume Information,,0x701,FREE,1,33285
175,,MODIFY,/System Volume Information,,0x701,FREE,1,33288
176,,MODIFY,/System Volume Information,,0x701,FREE,1,33291
177,,MODIFY,/System Volume Information,,0x701,FREE,1,33294
178,,MODIFY,/System Volume Information,,0x701,FREE,1,33297
179,,MODIFY,/System Volume Information,,0x701,FREE,1,33300
180,,MODIFY,/System Volume Information,,0x701,FREE,1,33303
181,,MODIFY,/System Volume Information,,0x701,FREE,1,33306
182,,MODIFY,/System Volume Information,,0x701,FREE,1,33309
183,,MODIFY,/System Volume Information,,0x701,FREE,1,33312
184,,MODIFY,/System Volume Information,,0x701,FREE,1,33315
185,,MODIFY,/System Volume Information,,0x701,FREE,1,33318
186,,MODIFY,/System Volume Information,,0x701,FREE,1,33321
187,,MODIFY,/System Volume Information,,0x701,FREE,1,33324
188,,MODIFY,/System Volume Information,,0x701,FREE,1,33327
189,,MODIFY,/System Volume Information,,0x701,FREE,1,33330
190,,MODIFY,/System Volume Information,,0x701,FREE,1,33333
191,,MODIFY,/System Volume Information,,0x701,FREE,1,33336
192,,MODIFY,/System Volume Information,,0x701,FREE,1,33339
193,,MODIFY,/System Volume Information,,0x701,FREE,1,33342
194,,MODIFY,/System Volume Information,,0x701,FREE,1,33345
195,,MODIFY,/System Volume Information,,0x701,FREE,1,33348
196,,MODIFY,/System Volume Information,,0x701,FREE,1,33351
197,,MODIFY,/System Volume Information,,0x701,FREE,1,33354
198,,MODIFY,/System Volume Information,,0x701,FREE,1,33357
199,,MODIFY,/System Volume Information,,0x701,FREE,1,33360
200,,MODIFY,/System Volume Information,,0x701,FREE,1,33363
201,,MODIFY,/System Volume Information,,0x701,FREE,1,33366
202,,MODIFY,/System Volume Information,,0x701,FREE,1,33369
203,,MODIFY,/System Volume Information,,0x701,FREE,1,33372
204,,MODIFY,/System Volume Information,,0x701,FREE,1,33375
205,,MODIFY,/System Volume Information,,0x701,FREE,1,33378
206,,MODIFY,/System Volume Information,,0x701,FREE,1,33381
207,,MODIFY,/System Volume Information,,0x701,FREE,1,33384
208,,MODIFY,/System Volume Information,,0x701,FREE,1,33387
209,,MODIFY,/System Volume Information,,0x701,FREE,1,33390
210,,MODIFY,/System Volume Information,,0x701,FREE,1,33393
211,,MODIFY,/System Volume Information,,0x701,FREE,1,33396
212,,MODIFY,/System Volume Information,,0x701,FREE,1,33399
213,,MODIFY,/System Volume Information,,0x701,FREE,1,33402
214,,MODIFY,/System Volume Information,,0x701,FREE,1,33405
215,,MODIFY,/System Volume Information,,0x701,FREE,1,33408
216,,MODIFY,/System Volume Information,,0x701,FREE,1,33411
217,,MODIFY,/System Volume Information,,0x701,FREE,1,33414
218,,MODIFY,/System Volume Information,,0x701,FREE,1,33417
219,,MODIFY,/System Volume Information,,0x701,FREE,1,33420
220,,MODIFY,/System Volume Information,,0x701,FREE,1,33423
221,,MODIFY,/System Volume Information,,0x701,FREE,1,33426
222,,MODIFY,/System Volume Information,,0x701,FREE,1,33429
223,,MODIFY,/System Volume Information,,0x701,FREE,1,33432
224,,MODIFY,/System Volume Information,,0x701,FREE,1,33435
225,,MODIFY,/System Volume Information,,0x701,FREE,1,33438
226,,MODIFY,/System Volume Information,,0x701,FREE,1,33441
227,,MODIFY,/System Volume Information,,0x701,FREE,1,33444
228,,MODIFY,/System Volume Information,,0x701,FREE,1,33447
229,,MODIFY,/System Volume Information,,0x701,FREE,1,33450
230,,MODIFY,/System Volume Information,,0x701,FREE,1,33453
231,,MODIFY,/System Volume Information,,0x701,FREE,1,33456
232,,MODIFY,/System Volume Information,,0x701,FREE,1,33459
233,,MODIFY,/System Volume Information,,0x701,FREE,1,33462
234,,MODIFY,/System Volume Information,,0x701,FREE,1,33465
235,,MODIFY,/System Volume Information,,0x701,FREE,1,33468
236,,MODIFY,/System Volume Information,,0x701,FREE,1,33471
237,,MODIFY,/System Volume Information,,0x701,FREE,1,33474
238,,MODIFY,/System Volume Information,,0x701,FREE,1,33477
239,,MODIFY,/System Volume Information,,0x701,FREE,1,33480
240,,MODIFY,/System Volume Information,,0x701,FREE,1,33483
241,,MODIFY,/System Volume Information,,0x701,FREE,1,33486
242,,MODIFY,/System Volume Information,,0x701,FREE,1,33489
243,,MODIFY,/System Volume Information,,0x701,FREE,1,33492
244,,MODIFY,/System Volume Information,,0x701,FREE,1,33495
245,,MODIFY,/System Volume Information,,0x701,FREE,1,33498
246,,MODIFY,/System Volume Information,,0x701,FREE,1,33501
247,,MODIFY,/System Volume Information,,0x701,FREE,1,33504
248,,MODIFY,/System Volume Information,,0x701,FREE,1,33507
249,,MODIFY,/System Volume Information,,0x701,FREE,1,33510
250,,MODIFY,/System Volume Information,,0x701,FREE,1,33513
251,,MODIFY,/System Volume Information,,0x701,FREE,1,33516
252,,MODIFY,/System Volume Information,,0x701,FREE,1,33519
253,,MODIFY,/System Volume Information,,0x701,FREE,1,33522
254,,MODIFY,/System Volume Information,,0x701,FREE,1,33525
255,,MODIFY,/System Volume Information,,0x701,FREE,1,33528
256,,MODIFY,/System Volume Information,,0x701,FREE,1,33531
257,,MODIFY,/System Volume Information,,0x701,FREE,1,33534
258,,MODIFY,/System Volume Information,,0x701,FREE,1,33537
259,,MODIFY,/System Volume Information,,0x701,FREE,1,33540
260,,MODIFY,/System Volume Information,,0x701,FREE,1,33543
261,,MODIFY,/System Volume Information,,0x701,FREE,1,33546
262,,MODIFY,/System Volume Information,,0x701,FREE,1,33549
263,,MODIFY,/System Volume Information,,0x701,FREE,1,33552
264,,MODIFY,/System Volume Information,,0x701,FREE,1,33555
265,,MODIFY,/System Volume Information,,0x701,FREE,1,33558
266,,MODIFY,/System Volume Information,,0x701,FREE,1,33561
267,,MODIFY,/System Volume Information,,0x701,FREE,1,33565
268,,MODIFY,/System Volume Information,,0x701,FREE,1,33568
269,,MODIFY,/System Volume Information,,0x701,FREE,1,33571
270,,MODIFY,/System Volume Information,,0x701,FREE,1,33574
271,,MODIFY,/System Volume Information,,0x701,FREE,1,33577
272,,MODIFY,/System Volume Information,,0x701,FREE,1,33580
273,,MODIFY,/System Volume Information,,0x701,FREE,1,33583
274,,MODIFY,/System Volume Information,,0x701,FREE,1,33586
275,,MODIFY,/System Volume Information,,0x701,FREE,1,33589
276,,MODIFY,/System Volume Information,,0x701,FREE,1,33592
277,2026-05-16T16:50:53.584Z,CREATE,/System Volume Information,FVE2.{8252fd17-a486-4ad4-b1ca-f4fe64d23218},0x701,INSERT_ROW INSERT_ROW SET_OBJECT,3,33599
278,,ENTRY_REMOVE,/System Volume Information,,0x701,DELETE_ROW,1,33600
279,,MODIFY,/System Volume Information,,0x701,FREE,1,33601
280,,MODIFY,/System Volume Information,,0x701,FREE,1,33602
281,,MODIFY,/System Volume Information,,0x701,FREE,1,33603
282,,MODIFY,/System Volume Information,,0x701,FREE,1,33604
283,,MODIFY,/System Volume Information,,0x701,FREE,1,33605
284,,MODIFY,/System Volume Information,,0x701,FREE,1,33606
285,,MODIFY,/System Volume Information,,0x701,FREE,1,33607
286,,MODIFY,/System Volume Information,,0x701,FREE,1,33608
287,,MODIFY,/System Volume Information,,0x701,FREE,1,33609
288,,MODIFY,/System Volume Information,,0x701,FREE,1,33610
289,,MODIFY,/System Volume Information,,0x701,FREE,1,33611
290,,MODIFY,/System Volume Information,,0x701,FREE,1,33612
291,,MODIFY,/System Volume Information,,0x701,FREE,1,33613
292,,MODIFY,/System Volume Information,,0x701,FREE,1,33614
293,,MODIFY,/System Volume Information,,0x701,FREE,1,33615
294,,MODIFY,/System Volume Information,,0x701,FREE,1,33616
295,,MODIFY,/System Volume Information,,0x701,FREE,1,33617
296,,MODIFY,/System Volume Information,,0x701,FREE,1,33618
297,,MODIFY,/System Volume Information,,0x701,FREE,1,33619
298,,MODIFY,/System Volume Information,,0x701,FREE,1,33620
299,,MODIFY,/System Volume Information,,0x701,FREE,1,33621
300,,MODIFY,/System Volume Information,,0x701,FREE,1,33622
301,,MODIFY,/System Volume Information,,0x701,FREE,1,33623
302,,MODIFY,/System Volume Information,,0x701,FREE,1,33624
303,,MODIFY,/System Volume Information,,0x701,FREE,1,33625
304,,MODIFY,/System Volume Information,,0x701,FREE,1,33626
305,,MODIFY,/System Volume Information,,0x701,FREE,1,33627
306,,MODIFY,/System Volume Information,,0x701,FREE,1,33628
307,,MODIFY,/System Volume Information,,0x701,FREE,1,33629
308,,MODIFY,/System Volume Information,,0x701,FREE,1,33630
309,,MODIFY,/System Volume Information,,0x701,FREE,1,33631
310,,MODIFY,/System Volume Information,,0x701,FREE,1,33632
311,,MODIFY,/System Volume Information,,0x701,FREE,1,33633
312,,MODIFY,/System Volume Information,,0x701,FREE,1,33634
313,,MODIFY,/System Volume Information,,0x701,FREE,1,33635
314,,MODIFY,/System Volume Information,,0x701,FREE,1,33636
315,,MODIFY,/System Volume Information,,0x701,FREE,1,33637
316,,MODIFY,/System Volume Information,,0x701,FREE,1,33638
317,,MODIFY,/System Volume Information,,0x701,FREE,1,33639
318,,MODIFY,/System Volume Information,,0x701,FREE,1,33640
319,,MODIFY,/System Volume Information,,0x701,FREE,1,33641
320,,MODIFY,/System Volume Information,,0x701,FREE,1,33642
321,,MODIFY,/System Volume Information,,0x701,FREE,1,33643
322,,MODIFY,/System Volume Information,,0x701,FREE,1,33644
323,,MODIFY,/System Volume Information,,0x701,FREE,1,33645
324,,MODIFY,/System Volume Information,,0x701,FREE,1,33646
325,,MODIFY,/System Volume Information,,0x701,FREE,1,33647
326,,MODIFY,/System Volume Information,,0x701,FREE,1,33648
327,,MODIFY,/System Volume Information,,0x701,FREE,1,33649
328,,MODIFY,/System Volume Information,,0x701,FREE,1,33650
329,,MODIFY,/System Volume Information,,0x701,FREE,1,33651
330,,MODIFY,/System Volume Information,,0x701,FREE,1,33652
331,,MODIFY,/System Volume Information,,0x701,FREE,1,33653
332,,MODIFY,/System Volume Information,,0x701,FREE,1,33654
333,,MODIFY,/System Volume Information,,0x701,FREE,1,33655
334,,MODIFY,/System Volume Information,,0x701,FREE,1,33656
335,,MODIFY,/System Volume Information,,0x701,FREE,1,33657
336,,MODIFY,/System Volume Information,,0x701,FREE,1,33658
337,,MODIFY,/System Volume Information,,0x701,FREE,1,33659
338,,MODIFY,/System Volume Information,,0x701,FREE,1,33660
339,,MODIFY,/System Volume Information,,0x701,FREE,1,33661
340,,MODIFY,/System Volume Information,,0x701,FREE,1,33662
341,,MODIFY,/System Volume Information,,0x701,FREE,1,33663
342,,MODIFY,/System Volume Information,,0x701,FREE,1,33664
343,,MODIFY,/System Volume Information,,0x701,FREE,1,33665
344,,MODIFY,/System Volume Information,,0x701,FREE,1,33666
345,,MODIFY,/System Volume Information,,0x701,FREE,1,33667
346,,MODIFY,/System Volume Information,,0x701,FREE,1,33668
347,,MODIFY,/System Volume Information,,0x701,FREE,1,33669
348,,MODIFY,/System Volume Information,,0x701,FREE,1,33670
349,,MODIFY,/System Volume Information,,0x701,FREE,1,33671
350,,MODIFY,/System Volume Information,,0x701,FREE,1,33672
351,,MODIFY,/System Volume Information,,0x701,FREE,1,33673
352,,MODIFY,/System Volume Information,,0x701,FREE,1,33674
353,,MODIFY,/System Volume Information,,0x701,FREE,1,33675
354,,MODIFY,/System Volume Information,,0x701,FREE,1,33676
355,,MODIFY,/System Volume Information,,0x701,FREE,1,33677
356,,MODIFY,/System Volume Information,,0x701,FREE,1,33678
357,,MODIFY,/System Volume Information,,0x701,FREE,1,33679
358,,MODIFY,/System Volume Information,,0x701,FREE,1,33680
359,,MODIFY,/System Volume Information,,0x701,FREE,1,33681
360,,MODIFY,/System Volume Information,,0x701,FREE,1,33682
361,,MODIFY,/System Volume Information,,0x701,FREE,1,33683
362,,MODIFY,/System Volume Information,,0x701,FREE,1,33684
363,,MODIFY,/System Volume Information,,0x701,FREE,1,33685
364,,MODIFY,/System Volume Information,,0x701,FREE,1,33686
365,,MODIFY,/System Volume Information,,0x701,FREE,1,33687
366,,MODIFY,/System Volume Information,,0x701,FREE,1,33688
367,,MODIFY,/System Volume Information,,0x701,FREE,1,33689
368,,MODIFY,/System Volume Information,,0x701,FREE,1,33690
369,,MODIFY,/System Volume Information,,0x701,FREE,1,33691
370,,MODIFY,/System Volume Information,,0x701,FREE,1,33692
371,,MODIFY,/System Volume Information,,0x701,FREE,1,33693
372,,MODIFY,/System Volume Information,,0x701,FREE,1,33694
373,,MODIFY,/System Volume Information,,0x701,FREE,1,33695
374,,MODIFY,/System Volume Information,,0x701,FREE,1,33696
375,,MODIFY,/System Volume Information,,0x701,FREE,1,33697
376,,MODIFY,/System Volume Information,,0x701,FREE,1,33698
377,,MODIFY,/System Volume Information,,0x701,FREE,1,33699
378,,MODIFY,/System Volume Information,,0x701,FREE,1,33700
379,,MODIFY,/System Volume Information,,0x701,FREE,1,33701
380,,MODIFY,/System Volume Information,,0x701,FREE,1,33702
381,,MODIFY,/System Volume Information,,0x701,FREE,1,33703
382,,MODIFY,/System Volume Information,,0x701,FREE,1,33704
383,,MODIFY,/System Volume Information,,0x701,FREE,1,33705
384,,MODIFY,/System Volume Information,,0x701,FREE,1,33706
385,,MODIFY,/System Volume Information,,0x701,FREE,1,33707
386,,MODIFY,/System Volume Information,,0x701,FREE,1,33708
387,,MODIFY,/System Volume Information,,0x701,FREE,1,33709
388,,MODIFY,/System Volume Information,,0x701,FREE,1,33710
389,,MODIFY,/System Volume Information,,0x701,FREE,1,33711
390,,MODIFY,/System Volume Information,,0x701,FREE,1,33712
391,,MODIFY,/System Volume Information,,0x701,FREE,1,33713
392,,MODIFY,/System Volume Information,,0x701,FREE,1,33714
393,,MODIFY,/System Volume Information,,0x701,FREE,1,33715
394,,MODIFY,/System Volume Information,,0x701,FREE,1,33716
395,,MODIFY,/System Volume Information,,0x701,FREE,1,33717
396,,MODIFY,/System Volume Information,,0x701,FREE,1,33718
397,,MODIFY,/System Volume Information,,0x701,FREE,1,33719
398,,MODIFY,/System Volume Information,,0x701,FREE,1,33720
399,,MODIFY,/System Volume Information,,0x701,FREE,1,33721
400,,MODIFY,/System Volume Information,,0x701,FREE,1,33722
401,,MODIFY,/System Volume Information,,0x701,FREE,1,33723
402,,MODIFY,/System Volume Information,,0x701,FREE,1,33724
403,,MODIFY,/System Volume Information,,0x701,FREE,1,33725
404,,MODIFY,/System Volume Information,,0x701,FREE,1,33726
405,,MODIFY,/System Volume Information,,0x701,FREE,1,33727
406,,MODIFY,/System Volume Information,,0x701,FREE,1,33728
407,,MODIFY,/System Volume Information,,0x701,FREE,1,33729
408,,MODIFY,/System Volume Information,,0x701,FREE,1,33730
409,,MODIFY,/System Volume Information,,0x701,FREE,1,33731
410,,MODIFY,/System Volume Information,,0x701,FREE,1,33732
411,,MODIFY,/System Volume Information,,0x701,FREE,1,33733
412,,MODIFY,/System Volume Information,,0x701,FREE,1,33734
413,,MODIFY,/System Volume Information,,0x701,FREE,1,33735
414,,MODIFY,/System Volume Information,,0x701,FREE,1,33736
415,,MODIFY,/System Volume Information,,0x701,FREE,1,33737
416,,MODIFY,/System Volume Information,,0x701,FREE,1,33738
417,,MODIFY,/System Volume Information,,0x701,FREE,1,33739
418,,MODIFY,/System Volume Information,,0x701,FREE,1,33740
419,,MODIFY,/System Volume Information,,0x701,FREE,1,33741
420,,MODIFY,/System Volume Information,,0x701,FREE,1,33742
421,,MODIFY,/System Volume Information,,0x701,FREE,1,33743
422,,MODIFY,/System Volume Information,,0x701,FREE,1,33744
423,,MODIFY,/System Volume Information,,0x701,FREE,1,33745
424,,MODIFY,/System Volume Information,,0x701,FREE,1,33746
425,,MODIFY,/System Volume Information,,0x701,FREE,1,33747
426,,MODIFY,/System Volume Information,,0x701,FREE,1,33748
427,,MODIFY,/System Volume Information,,0x701,FREE,1,33749
428,,MODIFY,/System Volume Information,,0x701,FREE,1,33750
429,,MODIFY,/System Volume Information,,0x701,FREE,1,33751
430,,MODIFY,/System Volume Information,,0x701,FREE,1,33752
431,,MODIFY,/System Volume Information,,0x701,FREE,1,33753
432,,MODIFY,/System Volume Information,,0x701,FREE,1,33754
433,,MODIFY,/System Volume Information,,0x701,FREE,1,33755
434,,MODIFY,/System Volume Information,,0x701,FREE,1,33756
435,,MODIFY,/System Volume Information,,0x701,FREE,1,33757
436,,MODIFY,/System Volume Information,,0x701,FREE,1,33758
437,,MODIFY,/System Volume Information,,0x701,FREE,1,33759
438,,MODIFY,/System Volume Information,,0x701,FREE,1,33760
439,,MODIFY,/System Volume Information,,0x701,FREE,1,33761
440,,MODIFY,/System Volume Information,,0x701,FREE,1,33762
441,,MODIFY,/System Volume Information,,0x701,FREE,1,33763
442,,MODIFY,/System Volume Information,,0x701,FREE,1,33764
443,,MODIFY,/System Volume Information,,0x701,FREE,1,33765
444,,MODIFY,/System Volume Information,,0x701,FREE,1,33766
445,,MODIFY,/System Volume Information,,0x701,FREE,1,33767
446,,MODIFY,/System Volume Information,,0x701,FREE,1,33768
447,,MODIFY,/System Volume Information,,0x701,FREE,1,33769
448,,MODIFY,/System Volume Information,,0x701,FREE,1,33770
449,,MODIFY,/System Volume Information,,0x701,FREE,1,33771
450,,MODIFY,/System Volume Information,,0x701,FREE,1,33772
451,,MODIFY,/System Volume Information,,0x701,FREE,1,33773
452,,MODIFY,/System Volume Information,,0x701,FREE,1,33774
453,,MODIFY,/System Volume Information,,0x701,FREE,1,33775
454,,MODIFY,/System Volume Information,,0x701,FREE,1,33776
455,,MODIFY,/System Volume Information,,0x701,FREE,1,33777
456,,MODIFY,/System Volume Information,,0x701,FREE,1,33778
457,,MODIFY,/System Volume Information,,0x701,FREE,1,33779
458,,MODIFY,/System Volume Information,,0x701,FREE,1,33780
459,,MODIFY,/System Volume Information,,0x701,FREE,1,33781
460,,MODIFY,/System Volume Information,,0x701,FREE,1,33782
461,,MODIFY,/System Volume Information,,0x701,FREE,1,33783
462,,MODIFY,/System Volume Information,,0x701,FREE,1,33784
463,,MODIFY,/System Volume Information,,0x701,FREE,1,33785
464,,MODIFY,/System Volume Information,,0x701,FREE,1,33786
465,,MODIFY,/System Volume Information,,0x701,FREE,1,33787
466,,MODIFY,/System Volume Information,,0x701,FREE,1,33788
467,,MODIFY,/System Volume Information,,0x701,FREE,1,33789
468,,MODIFY,/System Volume Information,,0x701,FREE,1,33790
469,,MODIFY,/System Volume Information,,0x701,FREE,1,33791
470,,MODIFY,/System Volume Information,,0x701,FREE,1,33792
471,,MODIFY,/System Volume Information,,0x701,FREE,1,33793
472,,MODIFY,/System Volume Information,,0x701,FREE,1,33794
473,,MODIFY,/System Volume Information,,0x701,FREE,1,33795
474,,MODIFY,/System Volume Information,,0x701,FREE,1,33796
475,,MODIFY,/System Volume Information,,0x701,FREE,1,33797
476,,MODIFY,/System Volume Information,,0x701,FREE,1,33798
477,,MODIFY,/System Volume Information,,0x701,FREE,1,33799
478,,MODIFY,/System Volume Information,,0x701,FREE,1,33800
479,,MODIFY,/System Volume Information,,0x701,FREE,1,33801
480,,MODIFY,/System Volume Information,,0x701,FREE,1,33802
481,,MODIFY,/System Volume Information,,0x701,FREE,1,33803
482,,MODIFY,/System Volume Information,,0x701,FREE,1,33804
483,,MODIFY,/System Volume Information,,0x701,FREE,1,33805
484,,MODIFY,/System Volume Information,,0x701,FREE,1,33806
485,,MODIFY,/System Volume Information,,0x701,FREE,1,33807
486,,MODIFY,/System Volume Information,,0x701,FREE,1,33808
487,,MODIFY,/System Volume Information,,0x701,FREE,1,33809
488,,MODIFY,/System Volume Information,,0x701,FREE,1,33810
489,,MODIFY,/System Volume Information,,0x701,FREE,1,33811
490,,MODIFY,/System Volume Information,,0x701,FREE,1,33812
491,,MODIFY,/System Volume Information,,0x701,FREE,1,33813
492,,MODIFY,/System Volume Information,,0x701,FREE,1,33814
493,,MODIFY,/System Volume Information,,0x701,FREE,1,33815
494,,MODIFY,/System Volume Information,,0x701,FREE,1,33816
495,,MODIFY,/System Volume Information,,0x701,FREE,1,33817
496,,MODIFY,/System Volume Information,,0x701,FREE,1,33818
497,,MODIFY,/System Volume Information,,0x701,FREE,1,33819
498,,MODIFY,/System Volume Information,,0x701,FREE,1,33820
499,,MODIFY,/System Volume Information,,0x701,FREE,1,33821
500,,MODIFY,/System Volume Information,,0x701,FREE,1,33822
501,,MODIFY,/System Volume Information,,0x701,FREE,1,33823
502,,MODIFY,/System Volume Information,,0x701,FREE,1,33824
503,,MODIFY,/System Volume Information,,0x701,FREE,1,33825
504,,MODIFY,/System Volume Information,,0x701,FREE,1,33826
505,,MODIFY,/System Volume Information,,0x701,FREE,1,33827
506,,MODIFY,/System Volume Information,,0x701,FREE,1,33828
507,,MODIFY,/System Volume Information,,0x701,FREE,1,33829
508,,MODIFY,/System Volume Information,,0x701,FREE,1,33830
509,,MODIFY,/System Volume Information,,0x701,FREE,1,33831
510,,MODIFY,/System Volume Information,,0x701,FREE,1,33832
511,,MODIFY,/System Volume Information,,0x701,FREE,1,33833
512,,MODIFY,/System Volume Information,,0x701,FREE,1,33834
513,,MODIFY,/System Volume Information,,0x701,FREE,1,33835
514,,MODIFY,/System Volume Information,,0x701,FREE,1,33836
515,,MODIFY,/System Volume Information,,0x701,FREE,1,33837
516,,MODIFY,/System Volume Information,,0x701,FREE,1,33838
517,,MODIFY,/System Volume Information,,0x701,FREE,1,33839
518,,MODIFY,/System Volume Information,,0x701,FREE,1,33840
519,,MODIFY,/System Volume Information,,0x701,FREE,1,33841
520,,MODIFY,/System Volume Information,,0x701,FREE,1,33842
521,,MODIFY,/System Volume Information,,0x701,FREE,1,33843
522,,MODIFY,/System Volume Information,,0x701,FREE,1,33844
523,,MODIFY,/System Volume Information,,0x701,FREE,1,33845
524,,MODIFY,/System Volume Information,,0x701,FREE,1,33846
525,,MODIFY,/System Volume Information,,0x701,FREE,1,33847
526,,MODIFY,/System Volume Information,,0x701,FREE,1,33848
527,,MODIFY,/System Volume Information,,0x701,FREE,1,33849
528,,MODIFY,/System Volume Information,,0x701,FREE,1,33850
529,,MODIFY,/System Volume Information,,0x701,FREE,1,33851
530,,MODIFY,/System Volume Information,,0x701,FREE,1,33852
531,,MODIFY,/System Volume Information,,0x701,FREE,1,33853
532,,MODIFY,/System Volume Information,,0x701,FREE,1,33854
533,,MODIFY,/System Volume Information,,0x701,FREE,1,33855
534,,MODIFY,/System Volume Information,,0x701,FREE,1,33856
535,,MODIFY,/System Volume Information,,0x701,FREE,1,33857
536,,MODIFY,/System Volume Information,,0x701,FREE,1,33858
537,,MODIFY,/System Volume Information,,0x701,FREE,1,33859
538,,MODIFY,/System Volume Information,,0x701,FREE,1,33860
539,,MODIFY,/System Volume Information,,0x701,FREE,1,33861
540,,MODIFY,/System Volume Information,,0x701,FREE,1,33862
541,,MODIFY,/System Volume Information,,0x701,FREE,1,33863
542,,MODIFY,/System Volume Information,,0x701,FREE,1,33864
543,,MODIFY,/System Volume Information,,0x701,FREE,1,33865
544,,MODIFY,/System Volume Information,,0x701,FREE,1,33866
545,,MODIFY,/System Volume Information,,0x701,FREE,1,33867
546,,MODIFY,/System Volume Information,,0x701,FREE,1,33868
547,2026-05-16T16:51:49.699Z,CREATE,/test,test,0x702,OPEN_TABLE_FROM SET_OBJECT INSERT_ROW INSERT_ROW INSERT_ROW INSERT_ROW,6,33870
548,,ALLOCATE,/test,,0x702,ALLOCATE,1,33873
549,2026-05-16T16:51:50.452Z,CREATE,/test/elvis_dir_record_449015/elvis_dir_papa_104235/elvis_dir_sync_718743/elvis_dir_gamma_603462,elvis_dir_zulu_323770,0x703,OPEN_TABLE_FROM SET_OBJECT INSERT_ROW INSERT_ROW INSERT_ROW INSERT_ROW,6,33874
550,,STREAM_UPD,/test/elvis_dir_record_449015/elvis_dir_papa_104235/elvis_dir_sync_718743/elvis_dir_gamma_603462,,0x703,DELETE_ROW INSERT_ROW OPEN_TABLE_FROM UPDATE_STREAM ALLOCATE UPDATE_STREAM,6,33876
551,2026-05-16T16:51:50.513Z,CREATE,/test,xbpt_mike_india_868820.log,0x702,INSERT_ROW INSERT_ROW SET_OBJECT,3,33877
552,,STREAM_UPD,/test,,0x702,UPDATE_STREAM,1,33878
553,,STREAM_UPD,/test/elvis_dir_record_449015/elvis_dir_papa_104235/elvis_dir_sync_718743/elvis_dir_gamma_603462,,0x703,DELETE_ROW INSERT_ROW OPEN_TABLE_FROM UPDATE_STREAM ALLOCATE UPDATE_STREAM,6,33880
554,,ALLOCATE,/test/elvis_dir_record_449015/elvis_dir_papa_104235/elvis_dir_sync_718743/elvis_dir_gamma_603462,,0x703,ALLOCATE,1,33884
555,,DELETE,/test/elvis_dir_record_449015/elvis_dir_papa_104235/elvis_dir_sync_718743/elvis_dir_gamma_603462,,0x703,DELETE_TABLE DELETE_ROW DELETE_ROW DELETE_TABLE,4,33886
556,,STREAM_UPD,/test/elvis_dir_record_449015/elvis_dir_papa_104235/elvis_dir_sync_718743/elvis_dir_gamma_603462,,0x703,UPDATE_STREAM,1,33887
557,,REPARENT,/test/elvis_dir_record_449015/elvis_dir_papa_104235/elvis_dir_sync_718743/elvis_dir_gamma_603462,xbpt_audit_oscar_237968.log,0x703,DELETE_ROW INSERT_ROW REPARENT_TABLE INSERT_ROW,4,33889
558,2026-05-16T16:51:50.737Z,CREATE,/test,xbpt_symlink_record_442168.lnk,0x702,INSERT_ROW INSERT_ROW SET_OBJECT,3,33890
559,2026-05-16T16:51:50.774Z,CREATE,/test/elvis_dir_record_449015/elvis_dir_papa_104235/elvis_dir_sync_718743/elvis_dir_gamma_109016/elvis_dir_config_541148,elvis_dir_audit_423251,0x704,OPEN_TABLE_FROM SET_OBJECT INSERT_ROW INSERT_ROW INSERT_ROW INSERT_ROW,6,33892
560,,ALLOCATE,/test/elvis_dir_record_449015/elvis_dir_papa_104235/elvis_dir_sync_718743/elvis_dir_gamma_603462,,0x703,ALLOCATE,1,33893
561,2026-05-16T16:51:50.798Z,CREATE,/test,xbpt_backup_report_125235.md,0x702,INSERT_ROW INSERT_ROW SET_OBJECT,3,33894
562,,STREAM_UPD,/test,,0x702,UPDATE_STREAM,1,33895
563,2026-05-16T16:51:50.837Z,CREATE,/test/elvis_dir_record_449015/elvis_dir_papa_104235/elvis_dir_sync_718743/elvis_dir_gamma_603462,xbpt_temp_whiskey_187024.dat,0x703,INSERT_ROW INSERT_ROW SET_OBJECT,3,33898
564,,STREAM_UPD,/test/elvis_dir_record_449015/elvis_dir_papa_104235/elvis_dir_sync_718743/elvis_dir_gamma_603462,,0x703,UPDATE_STREAM,1,33899
565,2026-05-16T16:51:50.868Z,CREATE,/test/elvis_dir_record_449015/elvis_dir_papa_104235/elvis_dir_sync_718743/elvis_dir_gamma_603462,xbpt_delta_index_269434.cfg,0x703,INSERT_ROW INSERT_ROW SET_OBJECT,3,33901
566,,STREAM_UPD,/test/elvis_dir_record_449015/elvis_dir_papa_104235/elvis_dir_sync_718743/elvis_dir_gamma_603462,,0x703,UPDATE_STREAM,1,33902
567,,STREAM_UPD,/test,,0x702,DELETE_ROW INSERT_ROW OPEN_TABLE_FROM UPDATE_STREAM ALLOCATE UPDATE_STREAM,6,33903
568,2026-05-16T16:51:50.881Z,CREATE,/test/elvis_dir_record_449015/elvis_dir_papa_104235/elvis_dir_sync_718743/elvis_dir_gamma_603462,xbpt_alpha_yankee_153471.txt,0x703,INSERT_ROW INSERT_ROW SET_OBJECT,3,33904
569,,STREAM_UPD,/test/elvis_dir_record_449015/elvis_dir_papa_104235/elvis_dir_sync_718743/elvis_dir_gamma_603462,,0x703,UPDATE_STREAM,1,33905
570,,STREAM_UPD,/test/elvis_dir_record_449015/elvis_dir_papa_104235/elvis_dir_sync_718743/elvis_dir_gamma_109016/elvis_dir_config_541148,,0x704,DELETE_ROW INSERT_ROW OPEN_TABLE_FROM UPDATE_STREAM ALLOCATE UPDATE_STREAM,6,33906
571,,DELETE,/test/elvis_dir_record_449015/elvis_dir_papa_104235/elvis_dir_sync_718743/elvis_dir_gamma_603462,,0x703,DELETE_TABLE DELETE_ROW DELETE_ROW DELETE_TABLE,4,33907
572,,STREAM_UPD,/test,,0x702,UPDATE_STREAM,1,33909
573,,STREAM_UPD,/test/elvis_dir_record_449015/elvis_dir_papa_104235/elvis_dir_sync_718743/elvis_dir_gamma_109016/elvis_dir_config_541148,,0x704,DELETE_ROW INSERT_ROW OPEN_TABLE_FROM UPDATE_STREAM ALLOCATE UPDATE_STREAM,6,33911
574,,REPARENT,/test,xbpt_foxtrot_quebec_889096.dat,0x702,DELETE_ROW INSERT_ROW REPARENT_TABLE INSERT_ROW,4,33914
575,,STREAM_UPD,/test/elvis_dir_record_449015/elvis_dir_papa_104235/elvis_dir_sync_718743/elvis_dir_gamma_109016/elvis_dir_config_541148,,0x704,DELETE_ROW INSERT_ROW OPEN_TABLE_FROM UPDATE_STREAM ALLOCATE UPDATE_STREAM,6,33919
576,2026-05-16T16:51:51.107Z,CREATE,/test/elvis_dir_record_449015/elvis_dir_papa_104235/elvis_dir_sync_718743/elvis_dir_gamma_603462,xbpt_archive_uniform_901294.cfg,0x703,INSERT_ROW INSERT_ROW SET_OBJECT,3,33920
577,,STREAM_UPD,/test/elvis_dir_record_449015/elvis_dir_papa_104235/elvis_dir_sync_718743/elvis_dir_gamma_603462,,0x703,DELETE_ROW INSERT_ROW OPEN_TABLE_FROM UPDATE_STREAM ALLOCATE UPDATE_STREAM,6,33921
578,2026-05-16T16:51:51.120Z,CREATE,/test/elvis_dir_record_449015/elvis_dir_papa_104235/elvis_dir_sync_718743/elvis_dir_gamma_109016,elvis_dir_romeo_944038,0x706,OPEN_TABLE_FROM SET_OBJECT INSERT_ROW INSERT_ROW INSERT_ROW INSERT_ROW,6,33923
579,,ALLOCATE,/test/elvis_dir_record_449015/elvis_dir_papa_104235/elvis_dir_sync_718743/elvis_dir_gamma_109016/elvis_dir_config_541148,,0x704,ALLOCATE,1,33924
580,,STREAM_UPD,/test/elvis_dir_record_449015/elvis_dir_papa_104235/elvis_dir_sync_718743/elvis_dir_gamma_109016,,0x706,DELETE_ROW INSERT_ROW OPEN_TABLE_FROM UPDATE_STREAM ALLOCATE UPDATE_STREAM,6,33925
581,,ALLOCATE,/test/elvis_dir_record_449015/elvis_dir_papa_104235/elvis_dir_sync_718743/elvis_dir_gamma_109016,,0x706,ALLOCATE,1,33926
582,,STREAM_UPD,/test/elvis_dir_record_449015/elvis_dir_papa_104235/elvis_dir_sync_718743/elvis_dir_gamma_109016/elvis_dir_config_541148,,0x704,DELETE_ROW INSERT_ROW OPEN_TABLE_FROM UPDATE_STREAM ALLOCATE UPDATE_STREAM,6,33927
583,2026-05-16T16:51:51.250Z,CREATE,/test/elvis_dir_record_449015/elvis_dir_papa_104235/elvis_dir_sync_718743/elvis_dir_gamma_603462,xbpt_yankee_gamma_631547.txt,0x703,INSERT_ROW INSERT_ROW SET_OBJECT,3,33928
584,,STREAM_UPD,/test/elvis_dir_record_449015/elvis_dir_papa_104235/elvis_dir_sync_718743/elvis_dir_gamma_603462,,0x703,UPDATE_STREAM,1,33929
585,,ALLOCATE,/test/elvis_dir_record_449015/elvis_dir_papa_104235/elvis_dir_sync_718743/elvis_dir_gamma_109016,,0x706,ALLOCATE,1,33931
586,,STREAM_UPD,/test,,0x702,UPDATE_STREAM,1,33932
587,,ALLOCATE,/test/elvis_dir_record_449015/elvis_dir_papa_104235/elvis_dir_sync_718743,,0x707,ALLOCATE,1,33934
588,2026-05-16T16:51:51.317Z,CREATE,/test/elvis_dir_record_449015/elvis_dir_papa_104235/elvis_dir_sync_718743/elvis_dir_gamma_109016/elvis_dir_config_541148,xbpt_backup_whiskey_354321.dat,0x704,INSERT_ROW INSERT_ROW SET_OBJECT,3,33936
589,,STREAM_UPD,/test/elvis_dir_record_449015/elvis_dir_papa_104235/elvis_dir_sync_718743/elvis_dir_gamma_109016/elvis_dir_config_541148,,0x704,UPDATE_STREAM,1,33937
590,2026-05-16T16:51:51.348Z,CREATE,/test/elvis_dir_record_449015/elvis_dir_papa_104235/elvis_dir_sync_718743/elvis_dir_gamma_603462,xbpt_log_log_475663.dat,0x703,INSERT_ROW INSERT_ROW SET_OBJECT,3,33938
591,,STREAM_UPD,/test/elvis_dir_record_449015/elvis_dir_papa_104235/elvis_dir_sync_718743/elvis_dir_gamma_603462,,0x703,UPDATE_STREAM,1,33939
592,2026-05-16T16:51:51.312Z,MOVE,/test,elvis_dir_delta_490814,0x702,DELETE_ROW DELETE_ROW INSERT_ROW INSERT_ROW SET_PARENT_ID,5,33940
593,,STREAM_UPD,/test/elvis_dir_record_449015/elvis_dir_papa_104235/elvis_dir_sync_718743/elvis_dir_gamma_109016,,0x706,DELETE_ROW INSERT_ROW OPEN_TABLE_FROM UPDATE_STREAM ALLOCATE UPDATE_STREAM,6,33942
594,2026-05-16T16:51:51.394Z,CREATE,/test/elvis_dir_record_449015/elvis_dir_papa_104235/elvis_dir_sync_718743/elvis_dir_gamma_603462/elvis_dir_quebec_218899,elvis_dir_sierra_471343,0x708,OPEN_TABLE_FROM SET_OBJECT INSERT_ROW INSERT_ROW INSERT_ROW INSERT_ROW,6,33943
595,2026-05-16T16:51:51.404Z,CREATE,OID 0x709,elvis_dir_index_768455,0x709,OPEN_TABLE_FROM SET_OBJECT INSERT_ROW INSERT_ROW INSERT_ROW INSERT_ROW,6,33944
596,,REPARENT,/test/elvis_dir_record_449015/elvis_dir_papa_104235/elvis_dir_sync_718743/elvis_dir_gamma_603462,,0x703,DELETE_ROW REPARENT_TABLE INSERT_ROW,3,33945
597,2026-05-16T16:51:51.437Z,CREATE,/test,xbpt_data_tango_520795.ini,0x702,INSERT_ROW INSERT_ROW SET_OBJECT,3,33946
598,,STREAM_UPD,/test,,0x702,UPDATE_STREAM,1,33947
599,,MODIFY,/test,,0x702,FREE,1,33948
600,2026-05-16T16:51:51.470Z,CREATE,/test/elvis_dir_record_449015/elvis_dir_papa_104235/elvis_dir_sync_718743/elvis_dir_gamma_603462/elvis_dir_quebec_218899,xbpt_record_kilo_574610.bak,0x708,INSERT_ROW INSERT_ROW SET_OBJECT,3,33949
601,,STREAM_UPD,/test/elvis_dir_record_449015/elvis_dir_papa_104235/elvis_dir_sync_718743/elvis_dir_gamma_603462/elvis_dir_quebec_218899,,0x708,UPDATE_STREAM,1,33950
602,2026-05-16T16:51:51.524Z,CREATE,/test/elvis_dir_record_449015/elvis_dir_papa_104235/elvis_dir_sync_718743/elvis_dir_gamma_109016/elvis_dir_config_541148,xbpt_cache_tango_980936.bak,0x704,INSERT_ROW INSERT_ROW SET_OBJECT,3,33951
603,,STREAM_UPD,/test/elvis_dir_record_449015/elvis_dir_papa_104235/elvis_dir_sync_718743/elvis_dir_gamma_109016/elvis_dir_config_541148,,0x704,UPDATE_STREAM,1,33952
604,2026-05-16T16:51:51.577Z,CREATE,/test/elvis_dir_record_449015/elvis_dir_papa_104235/elvis_dir_sync_718743/elvis_dir_gamma_109016/elvis_dir_config_541148,xbpt_gamma_trace_145085.json,0x704,INSERT_ROW INSERT_ROW SET_OBJECT,3,33953
605,,STREAM_UPD,/test/elvis_dir_record_449015/elvis_dir_papa_104235/elvis_dir_sync_718743/elvis_dir_gamma_109016/elvis_dir_config_541148,,0x704,UPDATE_STREAM,1,33954
606,,REPARENT,/test/elvis_dir_record_449015/elvis_dir_papa_104235/elvis_dir_sync_718743/elvis_dir_gamma_603462,,0x703,DELETE_ROW REPARENT_TABLE INSERT_ROW,3,33955
607,2026-05-16T16:51:51.659Z,CREATE,/test,xbpt_data_gamma_192767.txt,0x702,INSERT_ROW INSERT_ROW SET_OBJECT,3,33958
608,,STREAM_UPD,/test,,0x702,UPDATE_STREAM,1,33959
609,,MODIFY,/test/elvis_dir_record_449015/elvis_dir_papa_104235/elvis_dir_sync_718743/elvis_dir_gamma_109016/elvis_dir_config_541148,,0x704,UPDATE_ROW,1,33961
610,,STREAM_UPD,/test/elvis_dir_record_449015/elvis_dir_papa_104235/elvis_dir_sync_718743/elvis_dir_gamma_109016/elvis_dir_config_541148,,0x704,UPDATE_STREAM,1,33962
611,2026-05-16T16:51:51.742Z,CREATE,/test/elvis_dir_record_449015/elvis_dir_papa_104235/elvis_dir_sync_718743,xbpt_victor_output_615372.log,0x707,INSERT_ROW INSERT_ROW SET_OBJECT,3,33963
612,,STREAM_UPD,/test/elvis_dir_record_449015/elvis_dir_papa_104235/elvis_dir_sync_718743,,0x707,UPDATE_STREAM,1,33964
613,2026-05-16T16:51:51.756Z,CREATE,/test/elvis_dir_record_449015/elvis_dir_papa_104235/elvis_dir_sync_718743/elvis_dir_gamma_603462,xbpt_kilo_kilo_772105.txt,0x703,INSERT_ROW INSERT_ROW SET_OBJECT,3,33965
614,,STREAM_UPD,/test/elvis_dir_record_449015/elvis_dir_papa_104235/elvis_dir_sync_718743/elvis_dir_gamma_603462,,0x703,UPDATE_STREAM,1,33966
615,2026-05-16T16:51:51.770Z,CREATE,/test,xbpt_quebec_log_715153.log,0x702,INSERT_ROW INSERT_ROW SET_OBJECT,3,33967
616,,STREAM_UPD,/test,,0x702,UPDATE_STREAM,1,33968
617,2026-05-16T16:51:51.801Z,CREATE,/test/elvis_dir_record_449015/elvis_dir_papa_104235/elvis_dir_sync_718743,xbpt_log_whiskey_169575.dat,0x707,INSERT_ROW INSERT_ROW SET_OBJECT,3,33970
618,,STREAM_UPD,/test/elvis_dir_record_449015/elvis_dir_papa_104235/elvis_dir_sync_718743,,0x707,UPDATE_STREAM,1,33971
619,,STREAM_UPD,/test,,0x702,DELETE_ROW INSERT_ROW OPEN_TABLE_FROM UPDATE_STREAM ALLOCATE UPDATE_STREAM,6,33973
620,2026-05-16T16:51:50.819Z,RENAME,/test/elvis_dir_record_449015/elvis_dir_papa_104235/elvis_dir_sync_718743/elvis_dir_gamma_603462,xbpt_config_draft_453929.log,0x703,DELETE_ROW DELETE_ROW INSERT_ROW INSERT_ROW,4,33974
621,2026-05-16T16:51:51.844Z,CREATE,/test/elvis_dir_record_449015/elvis_dir_papa_104235/elvis_dir_sync_718743/elvis_dir_gamma_109016/elvis_dir_zulu_984398/elvis_dir_cache_558805,elvis_dir_zulu_272755,0x70b,OPEN_TABLE_FROM SET_OBJECT INSERT_ROW INSERT_ROW INSERT_ROW INSERT_ROW,6,33976
622,2026-05-16T16:51:51.853Z,CREATE,OID 0x70c,elvis_dir_archive_133203,0x70c,OPEN_TABLE_FROM SET_OBJECT INSERT_ROW INSERT_ROW INSERT_ROW INSERT_ROW,6,33977
623,2026-05-16T16:51:51.878Z,CREATE,/test,xbpt_uniform_lima_991753.md,0x702,INSERT_ROW INSERT_ROW SET_OBJECT,3,33979
624,,STREAM_UPD,/test,,0x702,UPDATE_STREAM,1,33980
625,2026-05-16T16:51:51.890Z,CREATE,/test,xbpt_record_record_227971.txt,0x702,INSERT_ROW INSERT_ROW SET_OBJECT,3,33981
626,,STREAM_UPD,/test,,0x702,UPDATE_STREAM,1,33982
627,,ALLOCATE,/test,,0x702,ALLOCATE,1,33983
628,,STREAM_UPD,/test/elvis_dir_record_449015/elvis_dir_papa_104235/elvis_dir_sync_718743/elvis_dir_gamma_109016,,0x706,DELETE_ROW INSERT_ROW OPEN_TABLE_FROM UPDATE_STREAM ALLOCATE UPDATE_STREAM,6,33984
629,2026-05-16T16:51:51.924Z,CREATE,/test/elvis_dir_record_449015/elvis_dir_papa_104235/elvis_dir_sync_718743,xbpt_gamma_alpha_473126.tmp,0x707,INSERT_ROW INSERT_ROW SET_OBJECT,3,33985
630,,STREAM_UPD,/test/elvis_dir_record_449015/elvis_dir_papa_104235/elvis_dir_sync_718743,,0x707,UPDATE_STREAM,1,33986
631,,STREAM_UPD,/test,,0x702,DELETE_ROW INSERT_ROW OPEN_TABLE_FROM UPDATE_STREAM ALLOCATE UPDATE_STREAM,6,33987
632,,STREAM_UPD,/test,,0x702,UPDATE_STREAM,1,33988
633,,STREAM_UPD,/test/elvis_dir_record_449015/elvis_dir_papa_104235/elvis_dir_sync_718743/elvis_dir_gamma_603462,,0x703,DELETE_ROW INSERT_ROW OPEN_TABLE_FROM UPDATE_STREAM ALLOCATE UPDATE_STREAM,6,33989
634,2026-05-16T16:51:51.955Z,CREATE,/test/elvis_dir_record_449015/elvis_dir_papa_104235/elvis_dir_sync_718743/elvis_dir_gamma_109016/elvis_dir_config_541148,xbpt_papa_data_402558.bak,0x704,INSERT_ROW INSERT_ROW SET_OBJECT,3,33990
635,,STREAM_UPD,/test/elvis_dir_record_449015/elvis_dir_papa_104235/elvis_dir_sync_718743/elvis_dir_gamma_109016/elvis_dir_config_541148,,0x704,UPDATE_STREAM,1,33991
636,,REPARENT,/test,,0x702,DELETE_ROW REPARENT_TABLE INSERT_ROW,3,33992
637,2026-05-16T16:51:52.037Z,CREATE,/test/elvis_dir_record_449015/elvis_dir_papa_104235/elvis_dir_sync_718743/elvis_dir_gamma_109016/elvis_dir_config_541148,xbpt_zulu_hotel_553479.bak,0x704,INSERT_ROW INSERT_ROW SET_OBJECT,3,33993
638,,STREAM_UPD,/test/elvis_dir_record_449015/elvis_dir_papa_104235/elvis_dir_sync_718743/elvis_dir_gamma_109016/elvis_dir_config_541148,,0x704,UPDATE_STREAM,1,33994
639,2026-05-16T16:51:52.068Z,CREATE,/test/elvis_dir_record_449015/elvis_dir_papa_104235/elvis_dir_sync_718743/elvis_dir_gamma_109016/elvis_dir_zulu_984398/elvis_dir_cache_558805,xbpt_echo_whiskey_534063.tmp,0x70b,INSERT_ROW INSERT_ROW SET_OBJECT,3,33996
640,,STREAM_UPD,/test/elvis_dir_record_449015/elvis_dir_papa_104235/elvis_dir_sync_718743/elvis_dir_gamma_109016/elvis_dir_zulu_984398/elvis_dir_cache_558805,,0x70b,UPDATE_STREAM,1,33997
641,2026-05-16T16:51:51.968Z,MOVE,/test/elvis_dir_record_449015/elvis_dir_papa_104235/elvis_dir_sync_718743,elvis_dir_yankee_334324,0x707,DELETE_ROW DELETE_ROW INSERT_ROW INSERT_ROW SET_PARENT_ID,5,33998
642,2021-05-18T07:16:04.999Z,RENAME,/test,xbpt_record_gamma_441485.log,0x702,DELETE_ROW DELETE_ROW INSERT_ROW INSERT_ROW,4,34000
643,,STREAM_UPD,/test/elvis_dir_record_449015/elvis_dir_papa_104235/elvis_dir_sync_718743/elvis_dir_gamma_109016/elvis_dir_config_541148,,0x704,UPDATE_STREAM,1,34001
644,,STREAM_UPD,/test/elvis_dir_record_449015/elvis_dir_papa_104235/elvis_dir_sync_718743/elvis_dir_gamma_109016,,0x706,UPDATE_STREAM,1,34003
645,2026-05-16T16:51:52.186Z,CREATE,/test/elvis_dir_record_449015/elvis_dir_papa_104235/elvis_dir_sync_718743/elvis_dir_gamma_109016,xbpt_yankee_output_689860.csv,0x706,INSERT_ROW INSERT_ROW SET_OBJECT,3,34004
646,,STREAM_UPD,/test/elvis_dir_record_449015/elvis_dir_papa_104235/elvis_dir_sync_718743/elvis_dir_gamma_109016,,0x706,UPDATE_STREAM,1,34005
647,2026-05-16T16:51:52.195Z,CREATE,/test/elvis_dir_record_449015/elvis_dir_papa_104235/elvis_dir_sync_718743/elvis_dir_gamma_109016/elvis_dir_zulu_984398/elvis_dir_cache_558805,xbpt_beta_delta_991192.tmp,0x70b,INSERT_ROW INSERT_ROW SET_OBJECT,3,34006
648,,STREAM_UPD,/test/elvis_dir_record_449015/elvis_dir_papa_104235/elvis_dir_sync_718743/elvis_dir_gamma_109016/elvis_dir_zulu_984398/elvis_dir_cache_558805,,0x70b,UPDATE_STREAM,1,34007
649,,STREAM_UPD,/test/elvis_dir_record_449015/elvis_dir_lima_252141/elvis_dir_oscar_306778/elvis_dir_beta_984608,,0x70d,DELETE_ROW INSERT_ROW OPEN_TABLE_FROM UPDATE_STREAM ALLOCATE UPDATE_STREAM,6,34008
650,2026-05-16T16:51:52.210Z,CREATE,/test/elvis_dir_record_449015/elvis_dir_papa_104235/elvis_dir_sync_718743/elvis_dir_gamma_603462/elvis_dir_quebec_218899,xbpt_echo_foxtrot_782748.md,0x708,INSERT_ROW INSERT_ROW SET_OBJECT,3,34009
651,,STREAM_UPD,/test/elvis_dir_record_449015/elvis_dir_papa_104235/elvis_dir_sync_718743/elvis_dir_gamma_603462/elvis_dir_quebec_218899,,0x708,UPDATE_STREAM,1,34010
652,,STREAM_UPD,/test/elvis_dir_record_449015/elvis_dir_lima_252141/elvis_dir_oscar_306778/elvis_dir_beta_984608,,0x70d,DELETE_ROW INSERT_ROW OPEN_TABLE_FROM UPDATE_STREAM ALLOCATE UPDATE_STREAM,6,34012
653,2026-05-16T16:51:52.244Z,CREATE,/test,xbpt_foxtrot_victor_595630.dat,0x702,INSERT_ROW INSERT_ROW SET_OBJECT,3,34013
654,,STREAM_UPD,/test,,0x702,UPDATE_STREAM,1,34014
655,2026-05-16T16:51:52.254Z,CREATE,/test/elvis_dir_record_449015/elvis_dir_papa_104235/elvis_dir_sync_718743/elvis_dir_gamma_109016/elvis_dir_config_541148,xbpt_yankee_india_647904.log,0x704,INSERT_ROW INSERT_ROW SET_OBJECT,3,34015
656,,STREAM_UPD,/test/elvis_dir_record_449015/elvis_dir_papa_104235/elvis_dir_sync_718743/elvis_dir_gamma_109016/elvis_dir_config_541148,,0x704,UPDATE_STREAM,1,34016
657,,STREAM_UPD,/test/elvis_dir_record_449015/elvis_dir_papa_104235/elvis_dir_sync_718743/elvis_dir_gamma_109016/elvis_dir_config_541148,,0x704,UPDATE_STREAM,1,34017
658,,STREAM_UPD,/test/elvis_dir_record_449015/elvis_dir_lima_252141/elvis_dir_oscar_306778/elvis_dir_beta_984608,,0x70d,DELETE_ROW INSERT_ROW OPEN_TABLE_FROM UPDATE_STREAM ALLOCATE UPDATE_STREAM,6,34019
659,,DELETE,/test/elvis_dir_record_449015/elvis_dir_papa_104235/elvis_dir_sync_718743/elvis_dir_gamma_603462/elvis_dir_quebec_218899,elvis_dir_record_917619,0x708,DELETE_ROW DELETE_ROW DELETE_TABLE DELETE_ROW,4,34021
660,2026-05-16T16:51:52.267Z,RENAME,/test,elvis_dir_november_609537,0x702,DELETE_ROW DELETE_ROW INSERT_ROW INSERT_ROW,4,34022
661,,ALLOCATE,/test/elvis_dir_record_449015/elvis_dir_papa_104235/elvis_dir_sync_718743/elvis_dir_gamma_109016,,0x706,ALLOCATE,1,34023
662,,REPARENT,/test/elvis_dir_record_449015/elvis_dir_papa_104235/elvis_dir_sync_718743/elvis_dir_gamma_109016/elvis_dir_zulu_984398/elvis_dir_cache_558805,xbpt_beta_delta_991192.tmp,0x70b,DELETE_ROW INSERT_ROW REPARENT_TABLE INSERT_ROW,4,34024
663,,STREAM_UPD,/test/elvis_dir_record_449015/elvis_dir_papa_104235/elvis_dir_sync_718743/elvis_dir_gamma_109016/elvis_dir_config_541148,,0x704,UPDATE_STREAM,1,34025
664,,STREAM_UPD,/test/elvis_dir_record_449015/elvis_dir_lima_252141/elvis_dir_oscar_306778/elvis_dir_beta_984608,,0x70d,UPDATE_STREAM,1,34027
665,2026-05-16T16:51:52.359Z,MOVE,/test/elvis_dir_record_449015/elvis_dir_papa_104235/elvis_dir_sync_718743/elvis_dir_gamma_109016/elvis_dir_config_541148,elvis_dir_backup_535345,0x704,DELETE_ROW DELETE_ROW INSERT_ROW INSERT_ROW SET_PARENT_ID,5,34030
666,2026-05-16T16:51:52.517Z,CREATE,/test/elvis_dir_record_449015/elvis_dir_papa_104235/elvis_dir_sync_718743/elvis_dir_gamma_109016/elvis_dir_zulu_984398/elvis_dir_cache_558805,xbpt_alpha_delta_830163.ini,0x70b,INSERT_ROW INSERT_ROW SET_OBJECT,3,34032
667,,STREAM_UPD,/test/elvis_dir_record_449015/elvis_dir_papa_104235/elvis_dir_sync_718743/elvis_dir_gamma_109016/elvis_dir_zulu_984398/elvis_dir_cache_558805,,0x70b,UPDATE_STREAM,1,34033
668,,DELETE,/test,,0x702,DELETE_TABLE DELETE_ROW DELETE_ROW DELETE_TABLE,4,34035
669,,STREAM_UPD,/test/elvis_dir_papa_805353/elvis_dir_november_478580,,0x710,DELETE_ROW INSERT_ROW OPEN_TABLE_FROM UPDATE_STREAM ALLOCATE UPDATE_STREAM,6,34036
670,2026-05-16T16:51:52.565Z,CREATE,/test/elvis_dir_record_449015/elvis_dir_papa_104235/elvis_dir_sync_718743,xbpt_beta_audit_333607.json,0x707,INSERT_ROW INSERT_ROW SET_OBJECT,3,34037
671,,STREAM_UPD,/test/elvis_dir_record_449015/elvis_dir_papa_104235/elvis_dir_sync_718743,,0x707,UPDATE_STREAM,1,34038
672,2026-05-16T16:51:52.571Z,CREATE,/test/elvis_dir_papa_805353/elvis_dir_november_478580,xbpt_foxtrot_config_200139.ini,0x710,INSERT_ROW INSERT_ROW SET_OBJECT,3,34039
673,,STREAM_UPD,/test/elvis_dir_papa_805353/elvis_dir_november_478580,,0x710,UPDATE_STREAM,1,34040
674,2026-05-16T16:51:52.596Z,CREATE,/test/elvis_dir_record_449015/elvis_dir_papa_104235/elvis_dir_sync_718743/elvis_dir_gamma_109016/elvis_dir_zulu_984398/elvis_dir_cache_558805,xbpt_delta_cache_147912.bin,0x70b,INSERT_ROW INSERT_ROW SET_OBJECT,3,34042
675,,STREAM_UPD,/test/elvis_dir_record_449015/elvis_dir_papa_104235/elvis_dir_sync_718743/elvis_dir_gamma_109016/elvis_dir_zulu_984398/elvis_dir_cache_558805,,0x70b,UPDATE_STREAM,1,34043
676,,REPARENT,/test,xbpt_record_record_227971.txt,0x702,DELETE_ROW INSERT_ROW REPARENT_TABLE INSERT_ROW,4,34045
677,2026-05-16T16:51:52.644Z,CREATE,/test/elvis_dir_record_449015/elvis_dir_lima_252141/elvis_dir_oscar_306778,xbpt_alpha_beta_546905.tmp,0x711,INSERT_ROW INSERT_ROW SET_OBJECT,3,34047
678,,STREAM_UPD,/test/elvis_dir_record_449015/elvis_dir_lima_252141/elvis_dir_oscar_306778,,0x711,UPDATE_STREAM,1,34048
679,,ALLOCATE,/test/elvis_dir_record_449015/elvis_dir_papa_104235/elvis_dir_sync_718743/elvis_dir_gamma_603462,,0x703,ALLOCATE,1,34049
680,2026-05-16T16:51:52.661Z,CREATE,/test/elvis_dir_record_449015/elvis_dir_papa_104235/elvis_dir_sync_718743/elvis_dir_gamma_109016/elvis_dir_config_541148,xbpt_whiskey_kilo_275488.json,0x704,INSERT_ROW INSERT_ROW SET_OBJECT,3,34050
681,,STREAM_UPD,/test/elvis_dir_record_449015/elvis_dir_papa_104235/elvis_dir_sync_718743/elvis_dir_gamma_109016/elvis_dir_config_541148,,0x704,UPDATE_STREAM,1,34051
682,2026-05-16T16:51:52.701Z,CREATE,/test/elvis_dir_record_449015/elvis_dir_lima_252141/elvis_dir_oscar_306778,xbpt_gamma_whiskey_418191.csv,0x711,INSERT_ROW INSERT_ROW SET_OBJECT,3,34052
683,,STREAM_UPD,/test/elvis_dir_record_449015/elvis_dir_lima_252141/elvis_dir_oscar_306778,,0x711,UPDATE_STREAM,1,34053
684,2026-05-16T16:51:52.712Z,CREATE,/test,xbpt_archive_sync_860921.cfg,0x702,INSERT_ROW INSERT_ROW SET_OBJECT,3,34054
685,,STREAM_UPD,/test,,0x702,UPDATE_STREAM,1,34055
686,2026-05-16T16:51:52.725Z,CREATE,/test/elvis_dir_record_449015/elvis_dir_papa_104235/elvis_dir_sync_718743,xbpt_trace_yankee_986396.csv,0x707,INSERT_ROW INSERT_ROW SET_OBJECT,3,34056
687,,STREAM_UPD,/test/elvis_dir_record_449015/elvis_dir_papa_104235/elvis_dir_sync_718743,,0x707,UPDATE_STREAM,1,34057
688,2026-05-16T16:51:52.747Z,CREATE,/test/elvis_dir_record_449015/elvis_dir_papa_104235/elvis_dir_sync_718743/elvis_dir_gamma_109016/elvis_dir_zulu_984398/elvis_dir_cache_558805,xbpt_sierra_temp_920867.dat,0x70b,INSERT_ROW INSERT_ROW SET_OBJECT,3,34059
689,,STREAM_UPD,/test/elvis_dir_record_449015/elvis_dir_papa_104235/elvis_dir_sync_718743/elvis_dir_gamma_109016/elvis_dir_zulu_984398/elvis_dir_cache_558805,,0x70b,UPDATE_STREAM,1,34060
690,2026-05-16T16:51:52.756Z,CREATE,/test/elvis_dir_record_449015/elvis_dir_papa_104235/elvis_dir_sync_718743,xbpt_hotel_sync_810225.ini,0x707,INSERT_ROW INSERT_ROW SET_OBJECT,3,34061
691,,STREAM_UPD,/test/elvis_dir_record_449015/elvis_dir_papa_104235/elvis_dir_sync_718743,,0x707,UPDATE_STREAM,1,34062
692,2026-05-16T16:51:52.768Z,CREATE,/test/elvis_dir_record_449015/elvis_dir_papa_104235/elvis_dir_sync_718743,xbpt_quebec_foxtrot_777338.ini,0x707,INSERT_ROW INSERT_ROW SET_OBJECT,3,34063
693,,STREAM_UPD,/test/elvis_dir_record_449015/elvis_dir_papa_104235/elvis_dir_sync_718743,,0x707,UPDATE_STREAM,1,34064
694,2026-05-16T16:51:52.701Z,MOVE,/test/elvis_dir_record_449015/elvis_dir_lima_252141/elvis_dir_oscar_306778,xbpt_gamma_whiskey_418191.csv,0x711,DELETE_ROW DELETE_ROW INSERT_ROW INSERT_ROW,4,34066
695,2026-05-16T16:51:52.865Z,CREATE,/test/elvis_dir_record_449015/elvis_dir_papa_104235/elvis_dir_sync_718743/elvis_dir_gamma_109016,xbpt_lima_lima_890070.dat,0x706,INSERT_ROW INSERT_ROW SET_OBJECT,3,34067
696,,STREAM_UPD,/test/elvis_dir_record_449015/elvis_dir_papa_104235/elvis_dir_sync_718743/elvis_dir_gamma_109016,,0x706,UPDATE_STREAM,1,34068
697,2026-05-16T16:51:52.874Z,CREATE,/test/elvis_dir_record_449015/elvis_dir_papa_104235/elvis_dir_sync_718743/elvis_dir_gamma_109016,xbpt_tango_archive_240492.tmp,0x706,INSERT_ROW INSERT_ROW SET_OBJECT,3,34069
698,,STREAM_UPD,/test/elvis_dir_record_449015/elvis_dir_papa_104235/elvis_dir_sync_718743/elvis_dir_gamma_109016,,0x706,UPDATE_STREAM,1,34070
699,,STREAM_UPD,/test,,0x702,UPDATE_STREAM,1,34072
700,,STREAM_UPD,/test/elvis_dir_record_449015,,0x70f,DELETE_ROW INSERT_ROW OPEN_TABLE_FROM UPDATE_STREAM ALLOCATE UPDATE_STREAM,6,34073
701,,STREAM_UPD,/test/elvis_dir_record_449015,,0x70f,DELETE_ROW INSERT_ROW OPEN_TABLE_FROM UPDATE_STREAM ALLOCATE UPDATE_STREAM,6,34075
702,,ALLOCATE,/test/elvis_dir_record_449015/elvis_dir_papa_104235/elvis_dir_sync_718743/elvis_dir_gamma_109016/elvis_dir_zulu_984398/elvis_dir_cache_558805,,0x70b,ALLOCATE,1,34076
703,,MODIFY,/test,,0x702,FREE,1,34078
704,,REPARENT,/test/elvis_dir_record_449015/elvis_dir_lima_252141/elvis_dir_oscar_306778,,0x711,DELETE_ROW REPARENT_TABLE INSERT_ROW,3,34079
705,2026-05-16T16:51:52.974Z,CREATE,/test/elvis_dir_record_449015,xbpt_output_papa_412411.log,0x70f,INSERT_ROW INSERT_ROW SET_OBJECT,3,34080
706,,STREAM_UPD,/test/elvis_dir_record_449015,,0x70f,UPDATE_STREAM,1,34081
707,,STREAM_UPD,/test/elvis_dir_record_449015/elvis_dir_papa_104235/elvis_dir_sync_718743/elvis_dir_gamma_109016/elvis_dir_zulu_984398/elvis_dir_cache_558805,,0x70b,DELETE_ROW INSERT_ROW OPEN_TABLE_FROM UPDATE_STREAM ALLOCATE UPDATE_STREAM,6,34083
708,,DELETE,/test/elvis_dir_record_449015/elvis_dir_lima_252141/elvis_dir_oscar_306778/elvis_dir_record_901264,elvis_dir_alpha_144478,0x712,DELETE_ROW DELETE_ROW DELETE_TABLE DELETE_ROW,4,34084
709,,ALLOCATE,/test/elvis_dir_record_449015/elvis_dir_papa_104235/elvis_dir_sync_718743/elvis_dir_gamma_109016/elvis_dir_config_541148,,0x704,ALLOCATE,1,34085
710,,STREAM_UPD,/test,,0x702,UPDATE_STREAM,1,34086
711,2026-05-16T16:51:53.077Z,CREATE,/test/elvis_dir_record_449015/elvis_dir_papa_104235/elvis_dir_sync_718743/elvis_dir_gamma_109016,xbpt_mike_tango_822153.dat,0x706,INSERT_ROW INSERT_ROW SET_OBJECT,3,34087
712,,STREAM_UPD,/test/elvis_dir_record_449015/elvis_dir_papa_104235/elvis_dir_sync_718743/elvis_dir_gamma_109016,,0x706,UPDATE_STREAM,1,34088
713,2026-05-16T16:51:53.092Z,CREATE,/test/elvis_dir_record_449015/elvis_dir_papa_104235/elvis_dir_sync_718743/elvis_dir_gamma_109016/elvis_dir_config_541148,xbpt_hotel_alpha_382213.tmp,0x704,INSERT_ROW INSERT_ROW SET_OBJECT,3,34089
714,,STREAM_UPD,/test/elvis_dir_record_449015/elvis_dir_papa_104235/elvis_dir_sync_718743/elvis_dir_gamma_109016/elvis_dir_config_541148,,0x704,UPDATE_STREAM,1,34090
715,2026-05-16T16:51:53.107Z,CREATE,/test/elvis_dir_record_449015/elvis_dir_papa_104235/elvis_dir_sync_718743/elvis_dir_gamma_109016/elvis_dir_config_541148,xbpt_temp_audit_764882.bak,0x704,INSERT_ROW INSERT_ROW SET_OBJECT,3,34091
716,,STREAM_UPD,/test/elvis_dir_record_449015/elvis_dir_papa_104235/elvis_dir_sync_718743/elvis_dir_gamma_109016/elvis_dir_config_541148,,0x704,UPDATE_STREAM,1,34092
717,2026-05-16T16:51:53.114Z,CREATE,/test/elvis_dir_record_449015/elvis_dir_papa_104235/elvis_dir_sync_718743/elvis_dir_gamma_109016/elvis_dir_config_541148,xbpt_yankee_alpha_567882.json,0x704,INSERT_ROW INSERT_ROW SET_OBJECT,3,34093
718,,STREAM_UPD,/test/elvis_dir_record_449015/elvis_dir_papa_104235/elvis_dir_sync_718743/elvis_dir_gamma_109016/elvis_dir_config_541148,,0x704,UPDATE_STREAM,1,34094
719,,STREAM_UPD,/test/elvis_dir_record_449015/elvis_dir_lima_252141/elvis_dir_oscar_306778,,0x711,DELETE_ROW INSERT_ROW OPEN_TABLE_FROM UPDATE_STREAM ALLOCATE UPDATE_STREAM,6,34095
720,,ALLOCATE,/test/elvis_dir_record_449015/elvis_dir_papa_104235/elvis_dir_sync_718743/elvis_dir_gamma_109016/elvis_dir_config_541148,,0x704,ALLOCATE,1,34096
721,2026-05-16T16:51:53.146Z,CREATE,OID 0x714,elvis_dir_whiskey_547057,0x714,OPEN_TABLE_FROM SET_OBJECT INSERT_ROW INSERT_ROW INSERT_ROW INSERT_ROW,6,34097
722,,ALLOCATE,/test/elvis_dir_record_449015/elvis_dir_papa_104235/elvis_dir_sync_718743/elvis_dir_gamma_109016/elvis_dir_zulu_984398/elvis_dir_cache_558805,,0x70b,ALLOCATE,1,34098
723,,STREAM_UPD,/test/elvis_dir_record_449015/elvis_dir_papa_104235/elvis_dir_sync_718743/elvis_dir_gamma_109016,,0x706,UPDATE_STREAM,1,34099
724,,STREAM_UPD,/test/elvis_dir_record_449015/elvis_dir_papa_104235/elvis_dir_sync_718743/elvis_dir_gamma_109016/elvis_dir_zulu_984398/elvis_dir_cache_558805,,0x70b,DELETE_ROW INSERT_ROW OPEN_TABLE_FROM UPDATE_STREAM ALLOCATE UPDATE_STREAM,6,34100
725,2026-05-16T16:51:53.172Z,CREATE,/test/elvis_dir_record_449015/elvis_dir_lima_252141/elvis_dir_oscar_306778/elvis_dir_record_901264,xbpt_november_cache_127869.dat,0x712,INSERT_ROW INSERT_ROW SET_OBJECT,3,34101
726,,STREAM_UPD,/test/elvis_dir_record_449015/elvis_dir_lima_252141/elvis_dir_oscar_306778/elvis_dir_record_901264,,0x712,UPDATE_STREAM,1,34102
727,2026-05-16T16:51:53.190Z,CREATE,/test/elvis_dir_record_449015/elvis_dir_papa_104235/elvis_dir_sync_718743/elvis_dir_gamma_109016,xbpt_lima_oscar_843603.tmp,0x706,INSERT_ROW INSERT_ROW SET_OBJECT,3,34104
728,,STREAM_UPD,/test/elvis_dir_record_449015/elvis_dir_papa_104235/elvis_dir_sync_718743/elvis_dir_gamma_109016,,0x706,UPDATE_STREAM,1,34105
729,,ALLOCATE,/test,,0x702,ALLOCATE,1,34107
730,2026-05-16T16:51:53.302Z,CREATE,/test/elvis_dir_papa_805353/elvis_dir_november_478580,xbpt_lima_romeo_145243.txt,0x710,INSERT_ROW INSERT_ROW SET_OBJECT,3,34109
731,,STREAM_UPD,/test/elvis_dir_papa_805353/elvis_dir_november_478580,,0x710,UPDATE_STREAM,1,34110
732,,MODIFY,/test/elvis_dir_record_449015/elvis_dir_papa_104235/elvis_dir_sync_718743/elvis_dir_gamma_109016/elvis_dir_config_541148,,0x704,UPDATE_ROW,1,34111
733,,STREAM_UPD,/test/elvis_dir_record_449015/elvis_dir_papa_104235/elvis_dir_sync_718743/elvis_dir_gamma_109016/elvis_dir_config_541148,,0x704,UPDATE_STREAM,1,34112
734,,STREAM_UPD,/test/elvis_dir_record_449015/elvis_dir_lima_252141/elvis_dir_oscar_306778,,0x711,DELETE_ROW INSERT_ROW OPEN_TABLE_FROM UPDATE_STREAM ALLOCATE UPDATE_STREAM,6,34113
735,2026-05-16T16:51:53.421Z,CREATE,/test/elvis_dir_papa_805353/elvis_dir_november_478580,xbpt_temp_foxtrot_215860.tmp,0x710,INSERT_ROW INSERT_ROW SET_OBJECT,3,34116
736,,STREAM_UPD,/test/elvis_dir_papa_805353/elvis_dir_november_478580,,0x710,UPDATE_STREAM,1,34117
737,2026-05-16T16:51:53.427Z,CREATE,/test/elvis_dir_record_449015/elvis_dir_papa_104235/elvis_dir_sync_718743,xbpt_config_india_582905.json,0x707,INSERT_ROW INSERT_ROW SET_OBJECT,3,34118
738,,STREAM_UPD,/test/elvis_dir_record_449015/elvis_dir_papa_104235/elvis_dir_sync_718743,,0x707,UPDATE_STREAM,1,34119
739,,REPARENT,/test/elvis_dir_papa_805353/elvis_dir_november_478580,,0x710,DELETE_ROW REPARENT_TABLE INSERT_ROW,3,34120
740,,ALLOCATE,/test/elvis_dir_record_449015/elvis_dir_papa_104235/elvis_dir_sync_718743/elvis_dir_gamma_109016,,0x706,ALLOCATE,1,34121
741,2026-05-16T16:51:53.470Z,CREATE,/test,xbpt_foxtrot_config_966558.log,0x702,INSERT_ROW INSERT_ROW SET_OBJECT,3,34122
742,,STREAM_UPD,/test,,0x702,UPDATE_STREAM,1,34123
743,,STREAM_UPD,/test/elvis_dir_record_449015/elvis_dir_papa_104235/elvis_dir_sync_718743/elvis_dir_gamma_109016,,0x706,DELETE_ROW INSERT_ROW OPEN_TABLE_FROM UPDATE_STREAM ALLOCATE UPDATE_STREAM,6,34125
744,2026-05-16T16:51:53.514Z,CREATE,/test/elvis_dir_record_449015/elvis_dir_papa_104235/elvis_dir_sync_718743/elvis_dir_gamma_109016/elvis_dir_config_541148,xbpt_papa_audit_649170.md,0x704,INSERT_ROW INSERT_ROW SET_OBJECT,3,34126
745,,STREAM_UPD,/test/elvis_dir_record_449015/elvis_dir_papa_104235/elvis_dir_sync_718743/elvis_dir_gamma_109016/elvis_dir_config_541148,,0x704,UPDATE_STREAM,1,34127
746,,STREAM_UPD,/test/elvis_dir_record_449015/elvis_dir_papa_104235/elvis_dir_sync_718743/elvis_dir_gamma_109016/elvis_dir_zulu_984398/elvis_dir_cache_558805,,0x70b,DELETE_ROW INSERT_ROW OPEN_TABLE_FROM UPDATE_STREAM ALLOCATE UPDATE_STREAM,6,34129
747,,REPARENT,/test/elvis_dir_record_449015/elvis_dir_papa_104235/elvis_dir_sync_718743/elvis_dir_gamma_109016/elvis_dir_config_541148,,0x704,DELETE_ROW REPARENT_TABLE INSERT_ROW,3,34130
748,,REPARENT,/test/elvis_dir_record_449015/elvis_dir_lima_252141/elvis_dir_oscar_306778,xbpt_report_whiskey_438679.dat,0x711,DELETE_ROW INSERT_ROW REPARENT_TABLE INSERT_ROW,4,34131
749,,STREAM_UPD,/test/elvis_dir_record_449015/elvis_dir_papa_104235/elvis_dir_sync_718743/elvis_dir_gamma_109016/elvis_dir_config_541148,,0x704,UPDATE_STREAM,1,34132
750,,ALLOCATE,/test/elvis_dir_record_449015/elvis_dir_papa_104235/elvis_dir_sync_718743/elvis_dir_gamma_109016/elvis_dir_config_541148,,0x704,ALLOCATE,1,34134
751,,OP,/test/elvis_dir_record_449015/elvis_dir_papa_104235/elvis_dir_sync_718743/elvis_dir_gamma_109016/elvis_dir_zulu_984398/elvis_dir_cache_558805,,0x70b,INSERT_ROW INSERT_ROW INSERT_ROW,3,34136
752,2026-05-16T16:51:53.685Z,CREATE,OID 0x716,elvis_dir_sierra_678563,0x716,OPEN_TABLE_FROM SET_OBJECT INSERT_ROW INSERT_ROW INSERT_ROW INSERT_ROW,6,34137
753,,ALLOCATE,/test/elvis_dir_record_449015/elvis_dir_papa_104235/elvis_dir_sync_718743/elvis_dir_gamma_109016/elvis_dir_config_541148,,0x704,ALLOCATE,1,34140
754,2026-05-16T16:51:52.359Z,MOVE,/test/elvis_dir_record_449015/elvis_dir_papa_104235/elvis_dir_sync_718743/elvis_dir_gamma_603462,xbpt_yankee_gamma_631547.txt,0x703,DELETE_ROW DELETE_ROW INSERT_ROW INSERT_ROW,4,34141
755,2026-05-16T16:51:53.981Z,CREATE,/test/elvis_dir_papa_805353/elvis_dir_november_478580,xbpt_uniform_data_334904.md,0x710,INSERT_ROW INSERT_ROW SET_OBJECT,3,34142
756,,CONTAINER,,,,MOVE_CONTAINER MOVE_CONTAINER MOVE_CONTAINER MOVE_CONTAINER MOVE_CONTAINER MOVE_CONTAINER,6,34143
757,,ALLOCATE,/test/elvis_dir_papa_805353/elvis_dir_november_478580,,0x710,ALLOCATE,1,34144
758,,STREAM_UPD,/test/elvis_dir_papa_805353/elvis_dir_november_478580,,0x710,UPDATE_STREAM,1,34145
759,,STREAM_UPD,/test,,0x702,UPDATE_STREAM,1,34147
760,,MODIFY,/test/elvis_dir_record_449015/elvis_dir_papa_104235/elvis_dir_sync_718743/elvis_dir_gamma_603462,,0x703,FREE,1,34150
761,2026-05-16T16:51:54.062Z,CREATE,/test/elvis_dir_record_449015/elvis_dir_papa_104235/elvis_dir_sync_718743/elvis_dir_gamma_109016/elvis_dir_zulu_984398/elvis_dir_cache_558805/elvis_dir_sierra_850083,xbpt_yankee_echo_729349.tmp,0x715,INSERT_ROW INSERT_ROW SET_OBJECT,3,34152
762,,STREAM_UPD,/test/elvis_dir_record_449015/elvis_dir_papa_104235/elvis_dir_sync_718743/elvis_dir_gamma_109016/elvis_dir_zulu_984398/elvis_dir_cache_558805/elvis_dir_sierra_850083,,0x715,UPDATE_STREAM,1,34153
763,2026-05-16T16:51:54.081Z,CREATE,/test/elvis_dir_record_449015/elvis_dir_papa_104235/elvis_dir_sync_718743/elvis_dir_gamma_109016/elvis_dir_zulu_984398/elvis_dir_cache_558805/elvis_dir_sierra_850083,xbpt_record_temp_940076.txt,0x715,INSERT_ROW INSERT_ROW SET_OBJECT,3,34154
764,,STREAM_UPD,/test/elvis_dir_record_449015/elvis_dir_papa_104235/elvis_dir_sync_718743/elvis_dir_gamma_109016/elvis_dir_zulu_984398/elvis_dir_cache_558805/elvis_dir_sierra_850083,,0x715,UPDATE_STREAM,1,34155
765,2026-05-16T16:51:54.124Z,CREATE,/test/elvis_dir_record_449015/elvis_dir_lima_252141/elvis_dir_oscar_306778,xbpt_backup_echo_585708.csv,0x711,INSERT_ROW INSERT_ROW SET_OBJECT,3,34158
766,,STREAM_UPD,/test/elvis_dir_record_449015/elvis_dir_lima_252141/elvis_dir_oscar_306778,,0x711,DELETE_ROW INSERT_ROW OPEN_TABLE_FROM UPDATE_STREAM ALLOCATE UPDATE_STREAM,6,34159
767,,MODIFY,/test,,0x702,FREE,1,34162
768,2026-05-16T16:51:54.145Z,CREATE,/test/elvis_dir_record_449015/elvis_dir_papa_104235/elvis_dir_sync_718743/elvis_dir_gamma_109016/elvis_dir_config_541148,xbpt_record_output_751721.ini,0x704,INSERT_ROW INSERT_ROW SET_OBJECT,3,34163
769,,STREAM_UPD,/test/elvis_dir_record_449015/elvis_dir_papa_104235/elvis_dir_sync_718743/elvis_dir_gamma_109016/elvis_dir_config_541148,,0x704,DELETE_ROW INSERT_ROW OPEN_TABLE_FROM UPDATE_STREAM ALLOCATE UPDATE_STREAM,6,34164
770,2026-05-16T16:51:54.181Z,CREATE,/test/elvis_dir_record_449015/elvis_dir_papa_104235/elvis_dir_sync_718743/elvis_dir_gamma_109016/elvis_dir_zulu_984398/elvis_dir_cache_558805/elvis_dir_sierra_850083,xbpt_audit_oscar_497672.tmp,0x715,INSERT_ROW INSERT_ROW SET_OBJECT,3,34165
771,,STREAM_UPD,/test/elvis_dir_record_449015/elvis_dir_papa_104235/elvis_dir_sync_718743/elvis_dir_gamma_109016/elvis_dir_zulu_984398/elvis_dir_cache_558805/elvis_dir_sierra_850083,,0x715,UPDATE_STREAM,1,34166
772,,STREAM_UPD,/test/elvis_dir_victor_783323,,0x717,DELETE_ROW INSERT_ROW OPEN_TABLE_FROM UPDATE_STREAM ALLOCATE UPDATE_STREAM,6,34167
773,2026-05-16T16:51:54.204Z,CREATE,/test/elvis_dir_record_449015/elvis_dir_papa_104235/elvis_dir_sync_718743/elvis_dir_gamma_109016/elvis_dir_zulu_984398/elvis_dir_cache_558805/elvis_dir_sierra_850083,xbpt_oscar_sierra_369457.log,0x715,INSERT_ROW INSERT_ROW SET_OBJECT,3,34169
774,,STREAM_UPD,/test/elvis_dir_record_449015/elvis_dir_papa_104235/elvis_dir_sync_718743/elvis_dir_gamma_109016/elvis_dir_zulu_984398/elvis_dir_cache_558805/elvis_dir_sierra_850083,,0x715,UPDATE_STREAM,1,34170
775,2026-05-16T16:51:54.216Z,CREATE,/test/elvis_dir_papa_805353/elvis_dir_november_478580,xbpt_oscar_foxtrot_635028.xml,0x710,INSERT_ROW INSERT_ROW SET_OBJECT,3,34171
776,,STREAM_UPD,/test/elvis_dir_papa_805353/elvis_dir_november_478580,,0x710,UPDATE_STREAM,1,34172
777,,STREAM_UPD,/test/elvis_dir_record_449015/elvis_dir_papa_104235/elvis_dir_sync_718743/elvis_dir_gamma_109016,,0x706,UPDATE_STREAM,1,34173
778,2026-05-16T16:51:54.255Z,CREATE,/test/elvis_dir_victor_783323,xbpt_whiskey_tango_704744.ini,0x717,INSERT_ROW INSERT_ROW SET_OBJECT,3,34174
779,,STREAM_UPD,/test/elvis_dir_victor_783323,,0x717,UPDATE_STREAM,1,34175
780,,STREAM_UPD,/test,,0x702,DELETE_ROW INSERT_ROW OPEN_TABLE_FROM UPDATE_STREAM ALLOCATE UPDATE_STREAM,6,34178
781,2026-05-16T16:51:54.428Z,CREATE,/test/elvis_dir_record_449015/elvis_dir_papa_104235/elvis_dir_sync_718743/elvis_dir_gamma_109016/elvis_dir_zulu_984398/elvis_dir_cache_558805/elvis_dir_sierra_850083,xbpt_audit_foxtrot_604743.xml,0x715,INSERT_ROW INSERT_ROW SET_OBJECT,3,34180
782,,STREAM_UPD,/test/elvis_dir_record_449015/elvis_dir_papa_104235/elvis_dir_sync_718743/elvis_dir_gamma_109016/elvis_dir_zulu_984398/elvis_dir_cache_558805/elvis_dir_sierra_850083,,0x715,UPDATE_STREAM,1,34181
783,2026-05-16T16:51:54.456Z,CREATE,/test,xbpt_config_output_842495.md,0x702,INSERT_ROW INSERT_ROW SET_OBJECT,3,34182
784,,STREAM_UPD,/test,,0x702,UPDATE_STREAM,1,34183
785,2026-05-16T16:51:54.465Z,CREATE,/test,xbpt_quebec_whiskey_691833.bak,0x702,INSERT_ROW INSERT_ROW SET_OBJECT,3,34184
786,,STREAM_UPD,/test,,0x702,UPDATE_STREAM,1,34185
787,2026-05-16T16:51:54.506Z,CREATE,/test/elvis_dir_record_449015,xbpt_india_delta_132534.bak,0x70f,INSERT_ROW INSERT_ROW SET_OBJECT,3,34187
788,,STREAM_UPD,/test/elvis_dir_record_449015,,0x70f,UPDATE_STREAM,1,34188
789,2026-05-16T16:51:54.516Z,CREATE,/test/elvis_dir_victor_783323,xbpt_beta_echo_315584.ini,0x717,INSERT_ROW INSERT_ROW SET_OBJECT,3,34189
790,,STREAM_UPD,/test/elvis_dir_victor_783323,,0x717,UPDATE_STREAM,1,34190
791,2026-05-16T16:51:54.563Z,CREATE,/test/elvis_dir_record_449015/elvis_dir_papa_104235/elvis_dir_sync_718743/elvis_dir_gamma_109016/elvis_dir_zulu_984398/elvis_dir_cache_558805,xbpt_log_backup_939898.json,0x70b,INSERT_ROW INSERT_ROW SET_OBJECT,3,34191
792,,STREAM_UPD,/test/elvis_dir_record_449015/elvis_dir_papa_104235/elvis_dir_sync_718743/elvis_dir_gamma_109016/elvis_dir_zulu_984398/elvis_dir_cache_558805,,0x70b,UPDATE_STREAM,1,34192
793,2026-05-16T16:51:54.570Z,CREATE,/test/elvis_dir_record_449015/elvis_dir_papa_104235/elvis_dir_sync_718743/elvis_dir_gamma_109016/elvis_dir_zulu_984398/elvis_dir_cache_558805/elvis_dir_sierra_850083,xbpt_alpha_victor_764737.log,0x715,INSERT_ROW INSERT_ROW SET_OBJECT,3,34193
794,,STREAM_UPD,/test/elvis_dir_record_449015/elvis_dir_papa_104235/elvis_dir_sync_718743/elvis_dir_gamma_109016/elvis_dir_zulu_984398/elvis_dir_cache_558805/elvis_dir_sierra_850083,,0x715,UPDATE_STREAM,1,34194
795,2026-05-16T16:51:54.584Z,CREATE,/test/elvis_dir_record_449015,xbpt_sierra_kilo_206137.json,0x70f,INSERT_ROW INSERT_ROW SET_OBJECT,3,34195
796,,STREAM_UPD,/test/elvis_dir_record_449015,,0x70f,UPDATE_STREAM,1,34196
797,2026-05-16T16:51:54.576Z,MOVE,/test/elvis_dir_record_449015/elvis_dir_papa_104235/elvis_dir_sync_718743/elvis_dir_gamma_109016/elvis_dir_zulu_984398/elvis_dir_cache_558805/elvis_dir_sierra_850083,xbpt_alpha_victor_764737.log,0x715,DELETE_ROW DELETE_ROW INSERT_ROW INSERT_ROW,4,34199
798,2026-05-16T16:51:54.182Z,MOVE,/test/elvis_dir_record_449015/elvis_dir_papa_104235/elvis_dir_sync_718743/elvis_dir_gamma_109016/elvis_dir_zulu_984398/elvis_dir_cache_558805/elvis_dir_sierra_850083,xbpt_audit_oscar_497672.tmp,0x715,DELETE_ROW DELETE_ROW INSERT_ROW INSERT_ROW,4,34200
799,2026-05-16T16:51:54.686Z,CREATE,/test/elvis_dir_record_449015,xbpt_india_cache_443358.ini,0x70f,INSERT_ROW INSERT_ROW SET_OBJECT,3,34201
800,,STREAM_UPD,/test/elvis_dir_record_449015,,0x70f,UPDATE_STREAM,1,34202
801,,STREAM_UPD,/test/elvis_dir_record_449015,,0x70f,DELETE_ROW INSERT_ROW OPEN_TABLE_FROM UPDATE_STREAM ALLOCATE UPDATE_STREAM,6,34204
802,,MODIFY,/test/elvis_dir_record_449015/elvis_dir_papa_104235/elvis_dir_sync_718743/elvis_dir_gamma_109016/elvis_dir_zulu_984398/elvis_dir_cache_558805/elvis_dir_sierra_850083,,0x715,FREE,1,34206
803,,STREAM_UPD,/test/elvis_dir_record_449015/elvis_dir_papa_104235/elvis_dir_sync_718743/elvis_dir_gamma_109016/elvis_dir_zulu_984398/elvis_dir_cache_558805,,0x70b,DELETE_ROW INSERT_ROW OPEN_TABLE_FROM UPDATE_STREAM ALLOCATE UPDATE_STREAM,6,34207
804,2026-05-16T16:51:54.805Z,CREATE,/test/elvis_dir_papa_805353/elvis_dir_november_478580,xbpt_temp_sierra_130629.tmp,0x710,INSERT_ROW INSERT_ROW SET_OBJECT,3,34208
805,,STREAM_UPD,/test/elvis_dir_papa_805353/elvis_dir_november_478580,,0x710,UPDATE_STREAM,1,34209
806,2026-05-16T16:51:54.820Z,MOVE,/test/elvis_dir_record_449015/elvis_dir_papa_104235/elvis_dir_sync_718743/elvis_dir_gamma_109016/elvis_dir_config_541148,elvis_dir_beta_540503,0x704,DELETE_ROW DELETE_ROW INSERT_ROW INSERT_ROW SET_PARENT_ID,5,34211
807,,STREAM_UPD,/test/elvis_dir_victor_783323,,0x717,DELETE_ROW INSERT_ROW OPEN_TABLE_FROM UPDATE_STREAM ALLOCATE UPDATE_STREAM,6,34213
808,,REPARENT,/test/elvis_dir_record_449015/elvis_dir_lima_252141/elvis_dir_oscar_306778,,0x711,DELETE_ROW REPARENT_TABLE INSERT_ROW,3,34214
809,2026-05-16T16:51:54.880Z,CREATE,/test/elvis_dir_victor_783323,xbpt_delta_echo_626074.json,0x717,INSERT_ROW INSERT_ROW SET_OBJECT,3,34215
810,,STREAM_UPD,/test/elvis_dir_victor_783323,,0x717,UPDATE_STREAM,1,34216
811,,STREAM_UPD,/test/elvis_dir_record_449015/elvis_dir_lima_252141/elvis_dir_oscar_306778,,0x711,DELETE_ROW INSERT_ROW OPEN_TABLE_FROM UPDATE_STREAM ALLOCATE UPDATE_STREAM,6,34217
812,2026-05-16T16:51:54.894Z,CREATE,/test/elvis_dir_record_449015/elvis_dir_papa_104235/elvis_dir_sync_718743/elvis_dir_gamma_109016,xbpt_alpha_victor_250409.ini,0x706,INSERT_ROW INSERT_ROW SET_OBJECT,3,34218
813,,STREAM_UPD,/test/elvis_dir_record_449015/elvis_dir_papa_104235/elvis_dir_sync_718743/elvis_dir_gamma_109016,,0x706,UPDATE_STREAM,1,34219
814,2026-05-16T16:51:54.929Z,CREATE,/test/elvis_dir_papa_805353/elvis_dir_november_478580,xbpt_config_delta_436836.cfg,0x710,INSERT_ROW INSERT_ROW SET_OBJECT,3,34221
815,,STREAM_UPD,/test/elvis_dir_papa_805353/elvis_dir_november_478580,,0x710,UPDATE_STREAM,1,34222
816,2026-05-16T16:51:54.867Z,RENAME,/test/elvis_dir_record_449015/elvis_dir_papa_104235/elvis_dir_sync_718743/elvis_dir_gamma_109016,elvis_dir_archive_539743,0x706,DELETE_ROW DELETE_ROW INSERT_ROW INSERT_ROW,4,34223
817,,STREAM_UPD,/test/elvis_dir_record_449015/elvis_dir_papa_104235/elvis_dir_sync_718743/elvis_dir_gamma_603462/elvis_dir_quebec_218899,,0x708,UPDATE_STREAM,1,34224
818,2026-05-16T16:51:55.008Z,CREATE,/test/elvis_dir_record_449015/elvis_dir_papa_104235/elvis_dir_sync_718743/elvis_dir_gamma_109016/elvis_dir_config_541148,xbpt_yankee_foxtrot_727835.bak,0x704,INSERT_ROW INSERT_ROW SET_OBJECT,3,34227
819,,STREAM_UPD,/test/elvis_dir_record_449015/elvis_dir_papa_104235/elvis_dir_sync_718743/elvis_dir_gamma_109016/elvis_dir_config_541148,,0x704,UPDATE_STREAM,1,34228
820,,STREAM_UPD,/test/elvis_dir_victor_783323,,0x717,DELETE_ROW INSERT_ROW OPEN_TABLE_FROM UPDATE_STREAM ALLOCATE UPDATE_STREAM,6,34231
821,2026-05-16T16:51:55.083Z,REPARENT,/test/elvis_dir_record_449015/elvis_dir_lima_252141/elvis_dir_oscar_306778/elvis_dir_beta_984608,,0x70d,DELETE_ROW REPARENT_TABLE INSERT_ROW,3,34234
822,,DELETE,/test,,0x702,DELETE_TABLE DELETE_ROW DELETE_ROW DELETE_TABLE,4,34237
823,2026-05-16T16:51:55.124Z,CREATE,/test/elvis_dir_record_449015/elvis_dir_papa_104235/elvis_dir_sync_718743/elvis_dir_gamma_109016/elvis_dir_index_592790,xbpt_draft_india_571157.ini,0x71a,INSERT_ROW INSERT_ROW SET_OBJECT,3,34238
824,,STREAM_UPD,/test/elvis_dir_record_449015/elvis_dir_papa_104235/elvis_dir_sync_718743/elvis_dir_gamma_109016/elvis_dir_index_592790,,0x71a,UPDATE_STREAM,1,34239
825,,MODIFY,/test,,0x702,FREE,1,34240
826,2026-05-16T16:51:55.192Z,CREATE,/test/elvis_dir_papa_805353/elvis_dir_november_478580,xbpt_lima_temp_514782.csv,0x710,INSERT_ROW INSERT_ROW SET_OBJECT,3,34241
827,,STREAM_UPD,/test/elvis_dir_papa_805353/elvis_dir_november_478580,,0x710,UPDATE_STREAM,1,34242
828,2026-05-16T16:51:55.205Z,CREATE,/test/elvis_dir_record_449015/elvis_dir_lima_252141/elvis_dir_oscar_306778,xbpt_mike_audit_688657.cfg,0x711,INSERT_ROW INSERT_ROW SET_OBJECT,3,34243
829,,STREAM_UPD,/test/elvis_dir_record_449015/elvis_dir_lima_252141/elvis_dir_oscar_306778,,0x711,UPDATE_STREAM,1,34244
830,,DELETE,/test/elvis_dir_record_449015/elvis_dir_papa_104235/elvis_dir_sync_718743/elvis_dir_gamma_109016/elvis_dir_zulu_984398/elvis_dir_cache_558805,,0x70b,DELETE_TABLE DELETE_ROW DELETE_ROW DELETE_TABLE,4,34245
831,,MODIFY,/test/elvis_dir_record_449015/elvis_dir_papa_104235/elvis_dir_sync_718743/elvis_dir_gamma_109016/elvis_dir_index_592790,,0x71a,UPDATE_ROW,1,34246
832,,STREAM_UPD,/test/elvis_dir_record_449015/elvis_dir_papa_104235/elvis_dir_sync_718743/elvis_dir_gamma_109016/elvis_dir_index_592790,,0x71a,UPDATE_STREAM,1,34247
833,,ALLOCATE,/test/elvis_dir_record_449015/elvis_dir_lima_252141/elvis_dir_oscar_306778/elvis_dir_beta_984608,,0x70d,ALLOCATE,1,34248
834,2026-05-16T16:51:55.286Z,CREATE,/test/elvis_dir_record_449015/elvis_dir_papa_104235/elvis_dir_sync_718743/elvis_dir_gamma_109016,xbpt_sync_echo_229861.md,0x706,INSERT_ROW INSERT_ROW SET_OBJECT,3,34249
835,,STREAM_UPD,/test/elvis_dir_record_449015/elvis_dir_papa_104235/elvis_dir_sync_718743/elvis_dir_gamma_109016,,0x706,UPDATE_STREAM,1,34250
836,2026-05-16T16:51:55.113Z,RENAME,/test,elvis_dir_november_369871,0x702,DELETE_ROW DELETE_ROW INSERT_ROW INSERT_ROW,4,34251
837,,STREAM_UPD,/test/elvis_dir_victor_783323,,0x717,UPDATE_STREAM,1,34253
838,2026-05-16T16:51:55.331Z,CREATE,/test/elvis_dir_record_449015/elvis_dir_papa_104235/elvis_dir_sync_718743/elvis_dir_gamma_109016,xbpt_audit_india_563500.bin,0x706,INSERT_ROW INSERT_ROW SET_OBJECT,3,34254
839,,STREAM_UPD,/test/elvis_dir_record_449015/elvis_dir_papa_104235/elvis_dir_sync_718743/elvis_dir_gamma_109016,,0x706,UPDATE_STREAM,1,34255
840,2026-05-16T16:51:55.368Z,CREATE,/test/elvis_dir_record_449015/elvis_dir_papa_104235/elvis_dir_sync_718743/elvis_dir_gamma_109016,xbpt_audit_data_566396.txt,0x706,INSERT_ROW INSERT_ROW SET_OBJECT,3,34257
841,,STREAM_UPD,/test/elvis_dir_record_449015/elvis_dir_papa_104235/elvis_dir_sync_718743/elvis_dir_gamma_109016,,0x706,UPDATE_STREAM,1,34258
842,2026-05-16T16:51:55.205Z,MOVE,/test/elvis_dir_record_449015/elvis_dir_papa_104235/elvis_dir_sync_718743/elvis_dir_gamma_109016,elvis_dir_beta_261576,0x706,DELETE_ROW DELETE_ROW INSERT_ROW INSERT_ROW SET_PARENT_ID,5,34259
843,2026-05-16T16:51:55.427Z,CREATE,/test/elvis_dir_record_449015/elvis_dir_papa_104235/elvis_dir_sync_718743/elvis_dir_gamma_109016/elvis_dir_index_592790,xbpt_lima_uniform_330272.xml,0x71a,INSERT_ROW INSERT_ROW SET_OBJECT,3,34260
844,,STREAM_UPD,/test/elvis_dir_record_449015/elvis_dir_papa_104235/elvis_dir_sync_718743/elvis_dir_gamma_109016/elvis_dir_index_592790,,0x71a,UPDATE_STREAM,1,34261
845,,STREAM_UPD,/test/elvis_dir_victor_783323,,0x717,DELETE_ROW INSERT_ROW OPEN_TABLE_FROM UPDATE_STREAM ALLOCATE UPDATE_STREAM,6,34262
846,2026-05-16T16:51:55.442Z,CREATE,/test/elvis_dir_record_449015/elvis_dir_papa_104235/elvis_dir_sync_718743/elvis_dir_gamma_109016/elvis_dir_config_541148,xbpt_config_archive_855545.dat,0x704,INSERT_ROW INSERT_ROW SET_OBJECT,3,34263
847,,STREAM_UPD,/test/elvis_dir_record_449015/elvis_dir_papa_104235/elvis_dir_sync_718743/elvis_dir_gamma_109016/elvis_dir_config_541148,,0x704,UPDATE_STREAM,1,34264
848,2026-05-16T16:51:55.450Z,CREATE,/test/elvis_dir_record_449015/elvis_dir_lima_252141/elvis_dir_oscar_306778,xbpt_foxtrot_alpha_964103.json,0x711,INSERT_ROW INSERT_ROW SET_OBJECT,3,34265
849,,STREAM_UPD,/test/elvis_dir_record_449015/elvis_dir_lima_252141/elvis_dir_oscar_306778,,0x711,UPDATE_STREAM,1,34266
850,,STREAM_UPD,/test/elvis_dir_record_449015/elvis_dir_papa_104235/elvis_dir_sync_718743/elvis_dir_gamma_109016/elvis_dir_index_592790,,0x71a,DELETE_ROW INSERT_ROW OPEN_TABLE_FROM UPDATE_STREAM ALLOCATE UPDATE_STREAM,6,34268
851,2026-05-16T16:51:55.485Z,CREATE,/test/elvis_dir_record_449015/elvis_dir_papa_104235/elvis_dir_sync_718743/elvis_dir_gamma_109016/elvis_dir_index_592790,xbpt_foxtrot_romeo_979913.json,0x71a,INSERT_ROW INSERT_ROW SET_OBJECT,3,34269
852,,STREAM_UPD,/test/elvis_dir_record_449015/elvis_dir_papa_104235/elvis_dir_sync_718743/elvis_dir_gamma_109016/elvis_dir_index_592790,,0x71a,UPDATE_STREAM,1,34270
853,,REPARENT,/test/elvis_dir_record_449015/elvis_dir_papa_104235/elvis_dir_sync_718743/elvis_dir_gamma_603462/elvis_dir_quebec_218899,xbpt_echo_foxtrot_782748.md,0x708,DELETE_ROW INSERT_ROW REPARENT_TABLE INSERT_ROW,4,34277
854,2026-05-16T16:51:55.549Z,CREATE,/test/elvis_dir_record_449015/elvis_dir_lima_252141/elvis_dir_oscar_306778/elvis_dir_cache_505509,xbpt_archive_archive_963000.bin,0x719,INSERT_ROW INSERT_ROW SET_OBJECT,3,34278
855,,STREAM_UPD,/test/elvis_dir_record_449015/elvis_dir_lima_252141/elvis_dir_oscar_306778/elvis_dir_cache_505509,,0x719,UPDATE_STREAM,1,34279
856,,STREAM_UPD,/test/elvis_dir_victor_783323,,0x717,DELETE_ROW INSERT_ROW OPEN_TABLE_FROM UPDATE_STREAM ALLOCATE UPDATE_STREAM,6,34280
857,2026-05-16T16:51:53.164Z,MOVE,/test/elvis_dir_record_449015/elvis_dir_papa_104235/elvis_dir_sync_718743/elvis_dir_gamma_109016/elvis_dir_zulu_984398/elvis_dir_cache_558805,xbpt_romeo_output_514691.txt,0x70b,DELETE_ROW DELETE_ROW INSERT_ROW INSERT_ROW,4,34282
858,,STREAM_UPD,/test/elvis_dir_record_449015/elvis_dir_lima_252141/elvis_dir_oscar_306778/elvis_dir_cache_505509,,0x719,DELETE_ROW INSERT_ROW OPEN_TABLE_FROM UPDATE_STREAM ALLOCATE UPDATE_STREAM,6,34284
859,2026-05-16T16:51:55.665Z,CREATE,/test/elvis_dir_record_449015/elvis_dir_papa_104235/elvis_dir_sync_718743/elvis_dir_gamma_109016/elvis_dir_config_541148,xbpt_whiskey_romeo_486272.ini,0x704,INSERT_ROW INSERT_ROW SET_OBJECT,3,34286
860,,STREAM_UPD,/test/elvis_dir_record_449015/elvis_dir_papa_104235/elvis_dir_sync_718743/elvis_dir_gamma_109016/elvis_dir_config_541148,,0x704,UPDATE_STREAM,1,34287
861,2026-05-16T16:51:55.673Z,CREATE,/test/elvis_dir_record_449015/elvis_dir_papa_104235/elvis_dir_sync_718743/elvis_dir_gamma_109016,xbpt_archive_temp_427331.xml,0x706,INSERT_ROW INSERT_ROW SET_OBJECT,3,34288
862,,STREAM_UPD,/test/elvis_dir_record_449015/elvis_dir_papa_104235/elvis_dir_sync_718743/elvis_dir_gamma_109016,,0x706,UPDATE_STREAM,1,34289
863,,ALLOCATE,/test/elvis_dir_record_449015/elvis_dir_papa_104235/elvis_dir_sync_718743/elvis_dir_gamma_109016/elvis_dir_zulu_984398/elvis_dir_cache_558805/elvis_dir_sierra_850083,,0x715,ALLOCATE,1,34290
864,,MODIFY,/test/elvis_dir_papa_805353/elvis_dir_november_478580,,0x710,FREE,1,34291
865,,STREAM_UPD,/test/elvis_dir_record_449015/elvis_dir_papa_104235/elvis_dir_sync_718743/elvis_dir_gamma_109016/elvis_dir_config_541148,,0x704,DELETE_ROW INSERT_ROW OPEN_TABLE_FROM UPDATE_STREAM ALLOCATE UPDATE_STREAM,6,34293
866,2026-05-16T16:51:55.816Z,CREATE,/test/elvis_dir_record_449015/elvis_dir_papa_104235/elvis_dir_sync_718743,xbpt_echo_tango_714597.log,0x707,INSERT_ROW INSERT_ROW SET_OBJECT,3,34295
867,,STREAM_UPD,/test/elvis_dir_record_449015/elvis_dir_papa_104235/elvis_dir_sync_718743,,0x707,UPDATE_STREAM,1,34296
868,2026-05-16T16:51:55.644Z,DELETE,/test/elvis_dir_record_449015/elvis_dir_papa_104235/elvis_dir_sync_718743/elvis_dir_gamma_109016/elvis_dir_config_541148,,0x704,DELETE_TABLE DELETE_ROW DELETE_ROW DELETE_TABLE,4,34297
869,2026-05-16T16:51:55.897Z,CREATE,/test/elvis_dir_record_449015/elvis_dir_papa_104235/elvis_dir_sync_718743/elvis_dir_gamma_109016/elvis_dir_index_592790,xbpt_archive_log_561904.tmp,0x71a,INSERT_ROW INSERT_ROW SET_OBJECT,3,34299
870,,STREAM_UPD,/test/elvis_dir_record_449015/elvis_dir_papa_104235/elvis_dir_sync_718743/elvis_dir_gamma_109016/elvis_dir_index_592790,,0x71a,UPDATE_STREAM,1,34300
871,,STREAM_UPD,/test/elvis_dir_victor_783323,,0x717,DELETE_ROW INSERT_ROW OPEN_TABLE_FROM UPDATE_STREAM ALLOCATE UPDATE_STREAM,6,34301
872,,REPARENT,/test/elvis_dir_victor_783323,xbpt_lima_mike_416685.csv,0x717,DELETE_ROW INSERT_ROW REPARENT_TABLE INSERT_ROW,4,34302
873,2026-05-16T16:51:55.381Z,RENAME,/test,elvis_dir_papa_268291,0x702,DELETE_ROW DELETE_ROW INSERT_ROW INSERT_ROW,4,34304
874,2026-05-16T16:51:55.946Z,CREATE,/test/elvis_dir_record_449015,xbpt_draft_quebec_447516.csv,0x70f,INSERT_ROW INSERT_ROW SET_OBJECT,3,34305
875,,STREAM_UPD,/test/elvis_dir_record_449015,,0x70f,UPDATE_STREAM,1,34306
876,2026-05-16T16:51:55.956Z,CREATE,/test/elvis_dir_record_449015/elvis_dir_papa_104235/elvis_dir_sync_718743/elvis_dir_gamma_109016,xbpt_tango_victor_844323.json,0x706,INSERT_ROW INSERT_ROW SET_OBJECT,3,34307
877,,STREAM_UPD,/test/elvis_dir_record_449015/elvis_dir_papa_104235/elvis_dir_sync_718743/elvis_dir_gamma_109016,,0x706,UPDATE_STREAM,1,34308
878,,STREAM_UPD,/test/elvis_dir_papa_805353/elvis_dir_november_478580,,0x710,UPDATE_STREAM,1,34309
879,,STREAM_UPD,/test/elvis_dir_record_449015/elvis_dir_lima_252141/elvis_dir_oscar_306778/elvis_dir_record_901264,,0x712,DELETE_ROW INSERT_ROW OPEN_TABLE_FROM UPDATE_STREAM ALLOCATE UPDATE_STREAM,6,34310
880,2026-05-16T16:51:56.046Z,CREATE,OID 0x71e,elvis_dir_echo_418892,0x71e,OPEN_TABLE_FROM SET_OBJECT INSERT_ROW INSERT_ROW INSERT_ROW INSERT_ROW,6,34312
881,,STREAM_UPD,/test/elvis_dir_record_449015,,0x70f,DELETE_ROW INSERT_ROW OPEN_TABLE_FROM UPDATE_STREAM ALLOCATE UPDATE_STREAM,6,34314
882,2026-05-16T16:51:56.114Z,CREATE,/test/elvis_dir_record_449015,xbpt_november_november_194585.ini,0x70f,INSERT_ROW INSERT_ROW SET_OBJECT,3,34317
883,,STREAM_UPD,/test/elvis_dir_record_449015,,0x70f,UPDATE_STREAM,1,34318
884,,REPARENT,/test,xbpt_quebec_whiskey_691833.bak,0x702,DELETE_ROW INSERT_ROW REPARENT_TABLE INSERT_ROW,4,34319
885,,DELETE,/test/elvis_dir_record_449015/elvis_dir_papa_104235/elvis_dir_sync_718743/elvis_dir_gamma_109016/elvis_dir_zulu_984398/elvis_dir_cache_558805/elvis_dir_sierra_850083,elvis_dir_sierra_678563,0x715,DELETE_ROW DELETE_ROW DELETE_TABLE DELETE_ROW,4,34320
886,,STREAM_UPD,/test/elvis_dir_record_449015/elvis_dir_papa_104235/elvis_dir_sync_718743/elvis_dir_gamma_109016/elvis_dir_zulu_984398,,0x718,DELETE_ROW INSERT_ROW OPEN_TABLE_FROM UPDATE_STREAM ALLOCATE UPDATE_STREAM,6,34321
887,2026-05-16T16:51:56.171Z,CREATE,/test/elvis_dir_record_449015/elvis_dir_lima_252141/elvis_dir_oscar_306778/elvis_dir_record_901264,xbpt_uniform_cache_833806.bak,0x712,INSERT_ROW INSERT_ROW SET_OBJECT,3,34322
888,,STREAM_UPD,/test/elvis_dir_record_449015/elvis_dir_lima_252141/elvis_dir_oscar_306778/elvis_dir_record_901264,,0x712,UPDATE_STREAM,1,34323
889,,STREAM_UPD,OID 0x71e,,0x71e,DELETE_ROW INSERT_ROW OPEN_TABLE_FROM UPDATE_STREAM ALLOCATE UPDATE_STREAM,6,34324
890,2026-05-16T16:51:56.146Z,RENAME,/test/elvis_dir_victor_783323,elvis_dir_audit_388279,0x717,DELETE_ROW DELETE_ROW INSERT_ROW INSERT_ROW,4,34325
891,2026-05-16T16:51:56.193Z,CREATE,/test/elvis_dir_record_449015/elvis_dir_papa_104235/elvis_dir_sync_718743/elvis_dir_gamma_109016/elvis_dir_config_541148,xbpt_sierra_sierra_406804.tmp,0x704,INSERT_ROW INSERT_ROW SET_OBJECT,3,34326
892,,STREAM_UPD,/test/elvis_dir_record_449015/elvis_dir_papa_104235/elvis_dir_sync_718743/elvis_dir_gamma_109016/elvis_dir_config_541148,,0x704,UPDATE_STREAM,1,34327
893,2026-05-16T16:51:56.094Z,RENAME,/test/elvis_dir_record_449015/elvis_dir_papa_104235/elvis_dir_sync_718743,elvis_dir_quebec_873661,0x707,DELETE_ROW DELETE_ROW INSERT_ROW INSERT_ROW,4,34328
894,,STREAM_UPD,/test/elvis_dir_record_449015/elvis_dir_papa_104235/elvis_dir_sync_718743/elvis_dir_gamma_603462,,0x703,UPDATE_STREAM,1,34329
895,2026-05-16T16:51:55.644Z,RENAME,/test/elvis_dir_record_449015/elvis_dir_lima_252141/elvis_dir_oscar_306778,elvis_dir_audit_449941,0x711,DELETE_ROW DELETE_ROW INSERT_ROW INSERT_ROW,4,34330
896,2026-05-16T16:51:56.297Z,CREATE,/test/elvis_dir_record_449015/elvis_dir_lima_252141/elvis_dir_oscar_306778/elvis_dir_record_901264,xbpt_beta_report_756229.csv,0x712,INSERT_ROW INSERT_ROW SET_OBJECT,3,34331
897,,STREAM_UPD,/test/elvis_dir_record_449015/elvis_dir_lima_252141/elvis_dir_oscar_306778/elvis_dir_record_901264,,0x712,UPDATE_STREAM,1,34332
898,,STREAM_UPD,/test,,0x702,DELETE_ROW INSERT_ROW OPEN_TABLE_FROM UPDATE_STREAM ALLOCATE UPDATE_STREAM,6,34334
899,2026-05-16T16:51:56.320Z,CREATE,/test/elvis_dir_record_449015/elvis_dir_papa_104235/elvis_dir_sync_718743/elvis_dir_gamma_109016/elvis_dir_config_541148,xbpt_delta_sierra_216359.bin,0x704,INSERT_ROW INSERT_ROW SET_OBJECT,3,34335
900,,STREAM_UPD,/test/elvis_dir_record_449015/elvis_dir_papa_104235/elvis_dir_sync_718743/elvis_dir_gamma_109016/elvis_dir_config_541148,,0x704,UPDATE_STREAM,1,34336
901,,STREAM_UPD,/test/elvis_dir_record_449015,,0x70f,DELETE_ROW INSERT_ROW OPEN_TABLE_FROM UPDATE_STREAM ALLOCATE UPDATE_STREAM,6,34337
902,2026-05-16T16:51:56.335Z,CREATE,/test/elvis_dir_record_449015/elvis_dir_papa_104235/elvis_dir_sync_718743/elvis_dir_gamma_109016/elvis_dir_zulu_984398,xbpt_data_beta_187732.md,0x718,INSERT_ROW INSERT_ROW SET_OBJECT,3,34338
903,,STREAM_UPD,/test/elvis_dir_record_449015/elvis_dir_papa_104235/elvis_dir_sync_718743/elvis_dir_gamma_109016/elvis_dir_zulu_984398,,0x718,UPDATE_STREAM,1,34339
904,2026-05-16T16:51:56.344Z,CREATE,/test/elvis_dir_record_449015/elvis_dir_papa_104235/elvis_dir_sync_718743/elvis_dir_gamma_109016/elvis_dir_zulu_984398,xbpt_hotel_cache_656385.bin,0x718,INSERT_ROW INSERT_ROW SET_OBJECT,3,34340
905,,STREAM_UPD,/test/elvis_dir_record_449015/elvis_dir_papa_104235/elvis_dir_sync_718743/elvis_dir_gamma_109016/elvis_dir_zulu_984398,,0x718,UPDATE_STREAM,1,34341
906,,DELETE,/test/elvis_dir_victor_783323,xbpt_mike_index_566002.csv,0x717,DELETE_TABLE DELETE_ROW DELETE_ROW DELETE_ROW DELETE_ROW DELETE_TABLE,6,34343
907,,STREAM_UPD,/test/elvis_dir_record_449015/elvis_dir_papa_104235/elvis_dir_sync_718743/elvis_dir_gamma_109016/elvis_dir_zulu_984398,,0x718,DELETE_ROW INSERT_ROW OPEN_TABLE_FROM UPDATE_STREAM ALLOCATE UPDATE_STREAM,6,34344
908,2026-05-16T16:51:56.400Z,CREATE,/test/elvis_dir_record_449015/elvis_dir_papa_104235/elvis_dir_sync_718743/elvis_dir_gamma_603462,xbpt_yankee_log_978386.xml,0x703,INSERT_ROW INSERT_ROW SET_OBJECT,3,34345
909,,STREAM_UPD,/test/elvis_dir_record_449015/elvis_dir_papa_104235/elvis_dir_sync_718743/elvis_dir_gamma_603462,,0x703,UPDATE_STREAM,1,34346
910,2026-05-16T16:51:56.259Z,RENAME,/test/elvis_dir_record_449015/elvis_dir_lima_252141/elvis_dir_oscar_306778,xbpt_quebec_backup_495340.cfg,0x711,DELETE_ROW DELETE_ROW INSERT_ROW INSERT_ROW,4,34347
911,2026-05-16T16:51:56.424Z,CREATE,/test/elvis_dir_victor_783323,xbpt_data_romeo_946788.bin,0x717,INSERT_ROW INSERT_ROW SET_OBJECT,3,34348
912,,STREAM_UPD,/test/elvis_dir_victor_783323,,0x717,UPDATE_STREAM,1,34349
913,2026-05-16T16:51:56.437Z,CREATE,/test/elvis_dir_record_449015,xbpt_delta_config_202215.bin,0x70f,INSERT_ROW INSERT_ROW SET_OBJECT,3,34350
914,,STREAM_UPD,/test/elvis_dir_record_449015,,0x70f,UPDATE_STREAM,1,34351
915,,DELETE,OID 0x71e,,0x71e,DELETE_TABLE DELETE_ROW DELETE_ROW DELETE_TABLE,4,34352
916,,STREAM_UPD,/test/elvis_dir_record_449015/elvis_dir_papa_104235/elvis_dir_sync_718743/elvis_dir_gamma_603462,,0x703,DELETE_ROW INSERT_ROW OPEN_TABLE_FROM UPDATE_STREAM ALLOCATE UPDATE_STREAM,6,34353
917,,MODIFY,/test/elvis_dir_record_449015/elvis_dir_papa_104235/elvis_dir_sync_718743/elvis_dir_gamma_603462,,0x703,FREE,1,34354
918,2026-05-16T16:51:56.529Z,CREATE,OID 0x720,elvis_dir_report_869722,0x720,OPEN_TABLE_FROM SET_OBJECT INSERT_ROW INSERT_ROW INSERT_ROW INSERT_ROW,6,34355
919,2026-05-16T16:51:56.550Z,CREATE,/test,xbpt_india_trace_307426.json,0x702,INSERT_ROW INSERT_ROW SET_OBJECT,3,34357
920,,STREAM_UPD,/test,,0x702,UPDATE_STREAM,1,34358
921,2026-05-16T16:51:56.571Z,CREATE,/test/elvis_dir_record_449015/elvis_dir_papa_104235/elvis_dir_sync_718743/elvis_dir_gamma_109016/elvis_dir_zulu_984398,xbpt_india_temp_254875.bak,0x718,INSERT_ROW INSERT_ROW SET_OBJECT,3,34359
922,,STREAM_UPD,/test/elvis_dir_record_449015/elvis_dir_papa_104235/elvis_dir_sync_718743/elvis_dir_gamma_109016/elvis_dir_zulu_984398,,0x718,UPDATE_STREAM,1,34360
923,,ALLOCATE,/test/elvis_dir_record_449015/elvis_dir_papa_104235/elvis_dir_sync_718743/elvis_dir_gamma_109016/elvis_dir_config_541148,,0x704,ALLOCATE,1,34362
924,2026-05-16T16:51:52.204Z,MOVE,/test/elvis_dir_record_449015/elvis_dir_lima_252141/elvis_dir_oscar_306778/elvis_dir_beta_984608,xbpt_archive_sync_589134.csv,0x70d,DELETE_ROW DELETE_ROW INSERT_ROW INSERT_ROW,4,34363
925,,ENTRY_REMOVE,/test/elvis_dir_record_449015/elvis_dir_papa_104235/elvis_dir_sync_718743/elvis_dir_gamma_109016/elvis_dir_zulu_984398,xbpt_data_beta_187732.md,0x718,DELETE_ROW DELETE_ROW UPDATE_DATA_WITH,3,34364
926,2026-05-16T16:51:56.582Z,RENAME,/test,elvis_dir_audit_430310,0x702,DELETE_ROW DELETE_ROW INSERT_ROW INSERT_ROW,4,34365
927,2026-05-16T16:51:53.804Z,MOVE,/test/elvis_dir_papa_805353/elvis_dir_november_478580,xbpt_lima_romeo_145243.txt,0x710,DELETE_ROW DELETE_ROW INSERT_ROW INSERT_ROW,4,34366
928,2026-05-16T16:51:56.664Z,CREATE,/test/elvis_dir_record_449015/elvis_dir_papa_104235/elvis_dir_sync_718743/elvis_dir_gamma_109016,xbpt_tango_draft_409450.csv,0x706,INSERT_ROW INSERT_ROW SET_OBJECT,3,34367
929,,STREAM_UPD,/test/elvis_dir_record_449015/elvis_dir_papa_104235/elvis_dir_sync_718743/elvis_dir_gamma_109016,,0x706,UPDATE_STREAM,1,34368
930,,ALLOCATE,/test/elvis_dir_record_449015/elvis_dir_lima_252141/elvis_dir_oscar_306778/elvis_dir_record_901264,,0x712,ALLOCATE,1,34369
931,,STREAM_UPD,/test/elvis_dir_record_449015/elvis_dir_papa_104235/elvis_dir_sync_718743/elvis_dir_gamma_109016,,0x706,UPDATE_STREAM,1,34370
932,2026-05-16T16:51:56.587Z,MOVE,/test/elvis_dir_victor_783323,elvis_dir_papa_867118,0x717,DELETE_ROW DELETE_ROW INSERT_ROW INSERT_ROW SET_PARENT_ID,5,34371
933,2026-05-16T16:51:53.130Z,MOVE,/test/elvis_dir_record_449015/elvis_dir_papa_104235/elvis_dir_sync_718743/elvis_dir_gamma_109016/elvis_dir_config_541148,xbpt_backup_delta_875492.txt,0x704,DELETE_ROW DELETE_ROW INSERT_ROW INSERT_ROW,4,34372
934,2026-05-16T16:51:56.768Z,CREATE,/test/elvis_dir_record_449015/elvis_dir_papa_104235,elvis_dir_zulu_127761,0x721,OPEN_TABLE_FROM SET_OBJECT INSERT_ROW INSERT_ROW INSERT_ROW INSERT_ROW,6,34373
935,,ALLOCATE,/test/elvis_dir_record_449015/elvis_dir_papa_104235/elvis_dir_sync_718743/elvis_dir_gamma_603462,,0x703,ALLOCATE,1,34374
936,,ALLOCATE,/test/elvis_dir_record_449015/elvis_dir_lima_252141/elvis_dir_oscar_306778/elvis_dir_record_901264,,0x712,ALLOCATE,1,34376
937,,MODIFY,/test,,0x702,UPDATE_ROW,1,34377
938,,STREAM_UPD,/test,,0x702,UPDATE_STREAM,1,34378
939,2026-05-16T16:51:54.576Z,RENAME,/test/elvis_dir_record_449015/elvis_dir_lima_252141/elvis_dir_oscar_306778,xbpt_gamma_beta_871678.log,0x711,DELETE_ROW DELETE_ROW INSERT_ROW INSERT_ROW,4,34379
940,,DELETE,/test/elvis_dir_record_449015/elvis_dir_lima_252141/elvis_dir_oscar_306778,,0x711,DELETE_TABLE DELETE_ROW DELETE_ROW DELETE_TABLE,4,34380
941,,STREAM_UPD,/test/elvis_dir_record_449015/elvis_dir_papa_104235/elvis_dir_sync_718743,,0x707,DELETE_ROW INSERT_ROW OPEN_TABLE_FROM UPDATE_STREAM ALLOCATE UPDATE_STREAM,6,34381
942,,STREAM_UPD,/test/elvis_dir_record_449015/elvis_dir_papa_104235/elvis_dir_sync_718743/elvis_dir_gamma_109016,,0x706,DELETE_ROW INSERT_ROW OPEN_TABLE_FROM UPDATE_STREAM ALLOCATE UPDATE_STREAM,6,34383
943,2026-05-16T16:51:56.946Z,CREATE,/test/elvis_dir_record_449015/elvis_dir_papa_104235,xbpt_mike_india_444246.xml,0x721,INSERT_ROW INSERT_ROW SET_OBJECT,3,34384
944,,STREAM_UPD,/test/elvis_dir_record_449015/elvis_dir_papa_104235,,0x721,UPDATE_STREAM,1,34385
945,2026-05-16T16:51:57.016Z,CREATE,/test/elvis_dir_record_449015,xbpt_report_echo_124913.json,0x70f,INSERT_ROW INSERT_ROW SET_OBJECT,3,34387
946,,STREAM_UPD,/test/elvis_dir_record_449015,,0x70f,UPDATE_STREAM,1,34388
947,2026-05-16T16:51:57.022Z,CREATE,/test,xbpt_tango_hotel_685730.json,0x702,INSERT_ROW INSERT_ROW SET_OBJECT,3,34389
948,,STREAM_UPD,/test,,0x702,UPDATE_STREAM,1,34390
949,2026-05-16T16:51:57.046Z,CREATE,/test/elvis_dir_record_449015/elvis_dir_papa_104235/elvis_dir_sync_718743,xbpt_quebec_audit_121864.cfg,0x707,INSERT_ROW INSERT_ROW SET_OBJECT,3,34392
950,,STREAM_UPD,/test/elvis_dir_record_449015/elvis_dir_papa_104235/elvis_dir_sync_718743,,0x707,UPDATE_STREAM,1,34393
951,2026-05-16T16:51:57.052Z,CREATE,/test,xbpt_draft_tango_958869.bin,0x702,INSERT_ROW INSERT_ROW SET_OBJECT,3,34394
952,,STREAM_UPD,/test,,0x702,UPDATE_STREAM,1,34395
953,,STREAM_UPD,/test/elvis_dir_record_449015,,0x70f,DELETE_ROW INSERT_ROW OPEN_TABLE_FROM UPDATE_STREAM ALLOCATE UPDATE_STREAM,6,34396
954,2026-05-16T16:51:57.069Z,CREATE,/test,xbpt_config_log_714507.md,0x702,INSERT_ROW INSERT_ROW SET_OBJECT,3,34397
955,,STREAM_UPD,/test,,0x702,UPDATE_STREAM,1,34398
956,,DELETE,/test/elvis_dir_record_449015,,0x70f,DELETE_TABLE DELETE_ROW DELETE_ROW DELETE_TABLE,4,34399
957,,ALLOCATE,/test/elvis_dir_index_149423,,0x722,ALLOCATE,1,34401
958,2026-05-16T16:51:57.146Z,CREATE,/test/elvis_dir_record_449015/elvis_dir_papa_104235/elvis_dir_sync_718743,xbpt_india_whiskey_159747.csv,0x707,INSERT_ROW INSERT_ROW SET_OBJECT,3,34402
959,,STREAM_UPD,/test/elvis_dir_record_449015/elvis_dir_papa_104235/elvis_dir_sync_718743,,0x707,UPDATE_STREAM,1,34403
960,2026-05-16T16:51:56.748Z,RENAME,/test/elvis_dir_record_449015/elvis_dir_papa_104235/elvis_dir_sync_718743,elvis_dir_zulu_460102,0x707,DELETE_ROW DELETE_ROW INSERT_ROW INSERT_ROW,4,34404
961,2026-05-16T16:51:57.197Z,CREATE,/test,xbpt_hotel_alpha_375121.txt,0x702,INSERT_ROW INSERT_ROW SET_OBJECT,3,34405
962,,STREAM_UPD,/test,,0x702,UPDATE_STREAM,1,34406
963,,REPARENT,/test/elvis_dir_record_449015/elvis_dir_papa_104235/elvis_dir_sync_718743/elvis_dir_gamma_109016/elvis_dir_config_541148,xbpt_gamma_trace_145085.json,0x704,DELETE_ROW INSERT_ROW REPARENT_TABLE INSERT_ROW,4,34408
964,,REPARENT,/test/elvis_dir_papa_805353/elvis_dir_november_478580,xbpt_config_delta_436836.cfg,0x710,DELETE_ROW INSERT_ROW REPARENT_TABLE INSERT_ROW,4,34410
965,2026-05-16T16:51:57.265Z,CREATE,/test,xbpt_symlink_hotel_632659.lnk,0x702,INSERT_ROW INSERT_ROW SET_OBJECT,3,34411
966,,ENTRY_REMOVE,/test/elvis_dir_papa_805353/elvis_dir_november_478580,xbpt_config_delta_436836.cfg,0x710,DELETE_ROW DELETE_ROW,2,34413
967,,STREAM_UPD,/test/elvis_dir_record_449015,,0x70f,DELETE_ROW INSERT_ROW OPEN_TABLE_FROM UPDATE_STREAM ALLOCATE UPDATE_STREAM,6,34416
968,,DELETE,/test,,0x702,DELETE_TABLE DELETE_ROW DELETE_ROW DELETE_TABLE,4,34417
969,,REPARENT,/test/elvis_dir_record_449015,xbpt_uniform_alpha_635589.csv,0x70f,DELETE_ROW INSERT_ROW REPARENT_TABLE INSERT_ROW,4,34418
970,,REPARENT,/test/elvis_dir_record_449015/elvis_dir_papa_104235/elvis_dir_sync_718743/elvis_dir_gamma_109016,,0x706,DELETE_ROW REPARENT_TABLE INSERT_ROW,3,34419
971,2026-05-16T16:51:57.422Z,CREATE,/test/elvis_dir_record_449015/elvis_dir_papa_104235/elvis_dir_sync_718743/elvis_dir_gamma_109016,xbpt_audit_log_130131.ini,0x706,INSERT_ROW INSERT_ROW SET_OBJECT,3,34420
972,,STREAM_UPD,/test/elvis_dir_record_449015/elvis_dir_papa_104235/elvis_dir_sync_718743/elvis_dir_gamma_109016,,0x706,UPDATE_STREAM,1,34421
973,,DELETE,/test/elvis_dir_record_449015/elvis_dir_papa_104235/elvis_dir_sync_718743/elvis_dir_gamma_109016/elvis_dir_index_592790,,0x71a,DELETE_TABLE DELETE_ROW DELETE_ROW DELETE_TABLE,4,34422
974,,STREAM_UPD,/test/elvis_dir_india_800575,,0x723,DELETE_ROW INSERT_ROW OPEN_TABLE_FROM UPDATE_STREAM ALLOCATE UPDATE_STREAM,6,34423
975,2026-05-16T16:51:57.457Z,CREATE,/test/elvis_dir_record_449015/elvis_dir_papa_104235/elvis_dir_sync_718743,xbpt_report_alpha_806856.csv,0x707,INSERT_ROW INSERT_ROW SET_OBJECT,3,34424
976,,STREAM_UPD,/test/elvis_dir_record_449015/elvis_dir_papa_104235/elvis_dir_sync_718743,,0x707,UPDATE_STREAM,1,34425
977,,STREAM_UPD,/test/elvis_dir_record_449015/elvis_dir_papa_104235,,0x721,DELETE_ROW INSERT_ROW OPEN_TABLE_FROM UPDATE_STREAM ALLOCATE UPDATE_STREAM,6,34426
978,,REPARENT,/test/elvis_dir_record_449015/elvis_dir_lima_252141/elvis_dir_oscar_306778,xbpt_lima_cache_587912.csv,0x711,DELETE_ROW INSERT_ROW REPARENT_TABLE INSERT_ROW,4,34427
979,,DELETE,OID 0x71e,elvis_dir_report_869722,0x71e,DELETE_ROW DELETE_ROW DELETE_TABLE DELETE_ROW,4,34428
980,2026-05-16T16:51:57.533Z,CREATE,/test/elvis_dir_india_800575,xbpt_draft_victor_387228.txt,0x723,INSERT_ROW INSERT_ROW SET_OBJECT,3,34433
981,,STREAM_UPD,/test/elvis_dir_india_800575,,0x723,UPDATE_STREAM,1,34434
982,2026-05-16T16:51:57.578Z,CREATE,/test/elvis_dir_record_449015/elvis_dir_papa_104235/elvis_dir_sync_718743/elvis_dir_gamma_109016/elvis_dir_archive_704644,xbpt_uniform_oscar_320878.log,0x724,INSERT_ROW INSERT_ROW SET_OBJECT,3,34436
983,,STREAM_UPD,/test/elvis_dir_record_449015/elvis_dir_papa_104235/elvis_dir_sync_718743/elvis_dir_gamma_109016/elvis_dir_archive_704644,,0x724,UPDATE_STREAM,1,34437
984,2026-05-16T16:51:57.358Z,RENAME,/test,elvis_dir_log_202031,0x702,DELETE_ROW DELETE_ROW INSERT_ROW INSERT_ROW,4,34441
985,2026-05-16T16:51:51.832Z,MOVE,/test/elvis_dir_record_449015,xbpt_uniform_config_360967.cfg,0x70f,DELETE_ROW DELETE_ROW INSERT_ROW INSERT_ROW,4,34444
986,,ALLOCATE,/test,,0x702,ALLOCATE,1,34446
987,,STREAM_UPD,/test/elvis_dir_record_449015/elvis_dir_papa_104235/elvis_dir_sync_718743/elvis_dir_gamma_109016,,0x706,UPDATE_STREAM,1,34447
988,,REPARENT,/test/elvis_dir_record_449015/elvis_dir_papa_104235/elvis_dir_sync_718743,xbpt_beta_audit_333607.json,0x707,DELETE_ROW INSERT_ROW REPARENT_TABLE INSERT_ROW,4,34448
989,,REPARENT,/test/elvis_dir_record_449015,xbpt_report_echo_124913.json,0x70f,DELETE_ROW INSERT_ROW REPARENT_TABLE INSERT_ROW,4,34449
990,2026-05-16T16:51:57.392Z,RENAME,/test/elvis_dir_record_449015/elvis_dir_papa_104235/elvis_dir_sync_718743,elvis_dir_kilo_908237,0x707,DELETE_ROW DELETE_ROW INSERT_ROW INSERT_ROW,4,34450
991,2026-05-16T16:51:57.770Z,CREATE,/test/elvis_dir_record_449015,xbpt_whiskey_sync_681180.xml,0x70f,INSERT_ROW INSERT_ROW SET_OBJECT,3,34451
992,,STREAM_UPD,/test/elvis_dir_record_449015,,0x70f,UPDATE_STREAM,1,34452
993,,STREAM_UPD,/test/elvis_dir_record_449015/elvis_dir_papa_104235/elvis_dir_sync_718743/elvis_dir_gamma_109016,,0x706,DELETE_ROW INSERT_ROW OPEN_TABLE_FROM UPDATE_STREAM ALLOCATE UPDATE_STREAM,6,34453
994,,STREAM_UPD,/test/elvis_dir_india_800575,,0x723,DELETE_ROW INSERT_ROW OPEN_TABLE_FROM UPDATE_STREAM ALLOCATE UPDATE_STREAM,6,34455
995,,ALLOCATE,/test/elvis_dir_record_449015/elvis_dir_papa_104235/elvis_dir_sync_718743,,0x707,ALLOCATE,1,34456
996,2026-05-16T16:51:57.921Z,CREATE,/test/elvis_dir_record_449015/elvis_dir_papa_104235,xbpt_sierra_record_710410.bin,0x721,INSERT_ROW INSERT_ROW SET_OBJECT,3,34457
997,,STREAM_UPD,/test/elvis_dir_record_449015/elvis_dir_papa_104235,,0x721,UPDATE_STREAM,1,34458
998,2026-05-16T16:51:57.955Z,CREATE,/test/elvis_dir_record_449015,xbpt_november_quebec_231876.bak,0x70f,INSERT_ROW INSERT_ROW SET_OBJECT,3,34460
999,,STREAM_UPD,/test/elvis_dir_record_449015,,0x70f,UPDATE_STREAM,1,34461
1000,,STREAM_UPD,/test/elvis_dir_record_449015/elvis_dir_papa_104235/elvis_dir_sync_718743/elvis_dir_gamma_603462,,0x703,DELETE_ROW INSERT_ROW OPEN_TABLE_FROM UPDATE_STREAM ALLOCATE UPDATE_STREAM,6,34463
1001,,STREAM_UPD,/test/elvis_dir_record_449015/elvis_dir_lima_252141/elvis_dir_oscar_306778,,0x711,DELETE_ROW INSERT_ROW OPEN_TABLE_FROM UPDATE_STREAM ALLOCATE UPDATE_STREAM,6,34466
1002,2026-05-16T16:51:58.023Z,CREATE,/test/elvis_dir_papa_805353/elvis_dir_november_478580,xbpt_november_report_437342.bin,0x710,INSERT_ROW INSERT_ROW SET_OBJECT,3,34467
1003,,STREAM_UPD,/test/elvis_dir_papa_805353/elvis_dir_november_478580,,0x710,UPDATE_STREAM,1,34468
1004,,MODIFY,/test/elvis_dir_record_449015/elvis_dir_papa_104235/elvis_dir_sync_718743/elvis_dir_gamma_603462,,0x703,UPDATE_ROW,1,34469
1005,2026-05-16T16:51:58.052Z,CREATE,OID 0x726,elvis_dir_sierra_206622,0x726,OPEN_TABLE_FROM SET_OBJECT INSERT_ROW INSERT_ROW INSERT_ROW INSERT_ROW,6,34470
1006,2026-05-16T16:51:58.062Z,CREATE,/test/elvis_dir_record_449015/elvis_dir_papa_104235/elvis_dir_sync_718743/elvis_dir_gamma_109016,xbpt_sierra_papa_124233.bin,0x706,INSERT_ROW INSERT_ROW SET_OBJECT,3,34471
1007,,STREAM_UPD,/test/elvis_dir_record_449015/elvis_dir_papa_104235/elvis_dir_sync_718743/elvis_dir_gamma_109016,,0x706,UPDATE_STREAM,1,34472
1008,,CONTAINER,,,,MOVE_CONTAINER MOVE_CONTAINER MOVE_CONTAINER MOVE_CONTAINER MOVE_CONTAINER MOVE_CONTAINER,6,34476
1009,,MODIFY,/test,,0x702,FREE,1,34477
1010,2026-05-16T16:51:58.003Z,MOVE,/test/elvis_dir_record_449015,elvis_dir_sync_733187,0x70f,DELETE_ROW DELETE_ROW INSERT_ROW INSERT_ROW SET_PARENT_ID,5,34481
1011,,MODIFY,/test/elvis_dir_index_149423,,0x722,FREE,1,34483
1012,2026-05-16T16:51:58.235Z,CREATE,/test/elvis_dir_india_800575,xbpt_kilo_config_292054.json,0x723,INSERT_ROW INSERT_ROW SET_OBJECT,3,34484
1013,,MODIFY,/test/elvis_dir_india_800575,,0x723,UPDATE_ROW,1,34485
1014,2026-05-16T16:51:54.031Z,MOVE,/test,xbpt_victor_alpha_349060.log,0x702,DELETE_ROW DELETE_ROW INSERT_ROW INSERT_ROW,4,34491
1015,2023-11-27T07:16:30.165Z,MOVE,/test/elvis_dir_record_449015/elvis_dir_papa_104235/elvis_dir_sync_718743/elvis_dir_gamma_109016/elvis_dir_config_541148,xbpt_sierra_sierra_406804.tmp,0x704,DELETE_ROW DELETE_ROW INSERT_ROW INSERT_ROW,4,34492
1016,2026-05-16T16:51:58.334Z,CREATE,/test/elvis_dir_papa_805353,xbpt_mike_oscar_154118.csv,0x725,INSERT_ROW INSERT_ROW SET_OBJECT,3,34493
1017,,STREAM_UPD,/test/elvis_dir_papa_805353,,0x725,DELETE_ROW INSERT_ROW OPEN_TABLE_FROM UPDATE_STREAM ALLOCATE UPDATE_STREAM,6,34494
1018,,ALLOCATE,/test/elvis_dir_papa_805353,,0x725,ALLOCATE,1,34497
1019,,MODIFY,/test/elvis_dir_record_449015/elvis_dir_papa_104235/elvis_dir_sync_718743/elvis_dir_gamma_109016/elvis_dir_zulu_984398,,0x718,FREE,1,34498
1020,,STREAM_UPD,/test/elvis_dir_record_449015/elvis_dir_papa_104235/elvis_dir_sync_718743,,0x707,DELETE_ROW INSERT_ROW OPEN_TABLE_FROM UPDATE_STREAM ALLOCATE UPDATE_STREAM,6,34499
1021,,ALLOCATE,/test/elvis_dir_record_449015,,0x70f,ALLOCATE,1,34502
1022,,MODIFY,/test/elvis_dir_record_449015/elvis_dir_lima_252141/elvis_dir_oscar_306778,,0x711,UPDATE_ROW,1,34503
1023,,ALLOCATE,/test/elvis_dir_record_449015,,0x70f,ALLOCATE,1,34506
1024,,REPARENT,/test/elvis_dir_record_449015/elvis_dir_papa_104235/elvis_dir_sync_718743/elvis_dir_gamma_109016/elvis_dir_zulu_984398/elvis_dir_cache_558805,xbpt_echo_whiskey_534063.tmp,0x70b,DELETE_ROW INSERT_ROW REPARENT_TABLE INSERT_ROW,4,34507
1025,,ALLOCATE,/test,,0x702,ALLOCATE,1,34508
1026,,REPARENT,/test/elvis_dir_india_800575,xbpt_draft_victor_387228.txt,0x723,DELETE_ROW INSERT_ROW REPARENT_TABLE INSERT_ROW,4,34509
1027,2026-05-16T16:51:58.591Z,CREATE,/test/elvis_dir_record_449015,xbpt_gamma_archive_952302.cfg,0x70f,INSERT_ROW INSERT_ROW SET_OBJECT,3,34511
1028,,UPDATE,/test/elvis_dir_record_449015,,0x70f,DELETE_ROW INSERT_ROW,2,34512
1029,,DELETE,/test,,0x702,DELETE_TABLE DELETE_ROW DELETE_ROW DELETE_TABLE,4,34513
1030,2026-05-16T16:51:58.615Z,CREATE,OID 0x728,elvis_dir_mike_728074,0x728,OPEN_TABLE_FROM SET_OBJECT INSERT_ROW INSERT_ROW INSERT_ROW INSERT_ROW,6,34514
1031,,MODIFY,/test/elvis_dir_record_449015/elvis_dir_papa_104235/elvis_dir_sync_718743/elvis_dir_gamma_109016,,0x706,FREE,1,34518
1032,,ALLOCATE,/test,,0x702,ALLOCATE,1,34519
1033,,REPARENT,/test/elvis_dir_record_449015/elvis_dir_papa_104235/elvis_dir_sync_718743/elvis_dir_gamma_603462,xbpt_yankee_log_978386.xml,0x703,DELETE_ROW INSERT_ROW REPARENT_TABLE INSERT_ROW,4,34521
1034,,STREAM_UPD,/test/elvis_dir_papa_805353/elvis_dir_november_478580,,0x710,UPDATE_STREAM,1,34522
1035,,STREAM_UPD,/test/elvis_dir_victor_783323,,0x717,DELETE_ROW INSERT_ROW OPEN_TABLE_FROM UPDATE_STREAM ALLOCATE UPDATE_STREAM,6,34523
1036,,ALLOCATE,/test/elvis_dir_record_449015/elvis_dir_papa_104235/elvis_dir_sync_718743/elvis_dir_gamma_109016/elvis_dir_index_592790,,0x71a,ALLOCATE,1,34524
1037,,STREAM_UPD,/test/elvis_dir_india_800575,,0x723,DELETE_ROW INSERT_ROW OPEN_TABLE_FROM UPDATE_STREAM ALLOCATE UPDATE_STREAM,6,34525
1038,2026-05-16T16:51:58.393Z,MOVE,/test/elvis_dir_victor_783323,elvis_dir_record_340186,0x717,DELETE_ROW DELETE_ROW INSERT_ROW INSERT_ROW SET_PARENT_ID,5,34527
1039,,ALLOCATE,/test/elvis_dir_papa_805353/elvis_dir_november_478580,,0x710,ALLOCATE,1,34529
1040,,STREAM_UPD,/test/elvis_dir_record_449015/elvis_dir_lima_252141/elvis_dir_oscar_306778,,0x711,DELETE_ROW INSERT_ROW OPEN_TABLE_FROM UPDATE_STREAM ALLOCATE UPDATE_STREAM,6,34531
1041,2026-05-16T16:51:58.902Z,CREATE,/test/elvis_dir_record_449015/elvis_dir_lima_252141/elvis_dir_oscar_306778,xbpt_temp_mike_134457.bak,0x711,INSERT_ROW INSERT_ROW SET_OBJECT,3,34532
1042,,STREAM_UPD,/test/elvis_dir_record_449015/elvis_dir_lima_252141/elvis_dir_oscar_306778,,0x711,UPDATE_STREAM,1,34533
1043,,STREAM_UPD,/test/elvis_dir_index_149423,,0x722,DELETE_ROW INSERT_ROW OPEN_TABLE_FROM UPDATE_STREAM ALLOCATE UPDATE_STREAM,6,34535
1044,2026-05-16T16:51:58.945Z,CREATE,/test/elvis_dir_victor_783323,xbpt_romeo_quebec_189040.ini,0x717,INSERT_ROW INSERT_ROW SET_OBJECT,3,34537
1045,,STREAM_UPD,/test/elvis_dir_victor_783323,,0x717,UPDATE_STREAM,1,34538
1046,,DELETE,/test/elvis_dir_papa_805353,,0x725,DELETE_TABLE DELETE_ROW DELETE_ROW DELETE_TABLE,4,34540
1047,,STREAM_UPD,/test/elvis_dir_index_149423,,0x722,DELETE_ROW INSERT_ROW OPEN_TABLE_FROM UPDATE_STREAM ALLOCATE UPDATE_STREAM,6,34541
1048,2026-05-16T16:51:59.000Z,CREATE,/test/elvis_dir_papa_805353/elvis_dir_november_478580,xbpt_delta_report_275249.dat,0x710,INSERT_ROW INSERT_ROW SET_OBJECT,3,34542
1049,,STREAM_UPD,/test/elvis_dir_papa_805353/elvis_dir_november_478580,,0x710,UPDATE_STREAM,1,34543
1050,2026-05-16T16:51:59.006Z,CREATE,/test/elvis_dir_papa_805353/elvis_dir_november_478580,xbpt_delta_echo_268401.csv,0x710,INSERT_ROW INSERT_ROW SET_OBJECT,3,34544
1051,,STREAM_UPD,/test/elvis_dir_papa_805353/elvis_dir_november_478580,,0x710,UPDATE_STREAM,1,34545
1052,2026-05-16T16:51:59.048Z,CREATE,/test/elvis_dir_papa_805353/elvis_dir_november_478580,xbpt_echo_uniform_357255.txt,0x710,INSERT_ROW INSERT_ROW SET_OBJECT,3,34546
1053,,STREAM_UPD,/test/elvis_dir_papa_805353/elvis_dir_november_478580,,0x710,UPDATE_STREAM,1,34547
1054,2026-05-16T16:51:59.060Z,CREATE,/test/elvis_dir_record_449015/elvis_dir_lima_252141,elvis_dir_output_527690,0x72a,OPEN_TABLE_FROM SET_OBJECT INSERT_ROW INSERT_ROW INSERT_ROW INSERT_ROW,6,34548
1055,,ALLOCATE,/test/elvis_dir_record_449015/elvis_dir_lima_252141,,0x72a,ALLOCATE,1,34551
1056,2026-05-16T16:51:58.902Z,MOVE,/test/elvis_dir_papa_805353/elvis_dir_november_478580,elvis_dir_trace_317145,0x710,DELETE_ROW DELETE_ROW INSERT_ROW INSERT_ROW SET_PARENT_ID,5,34552
1057,,STREAM_UPD,/test/elvis_dir_papa_805353/elvis_dir_november_478580,,0x710,UPDATE_STREAM,1,34553
1058,2026-05-16T16:51:59.071Z,RENAME,/test,elvis_dir_trace_430316,0x702,DELETE_ROW DELETE_ROW INSERT_ROW INSERT_ROW,4,34555
1059,2026-05-16T16:51:59.156Z,CREATE,/test/elvis_dir_record_449015/elvis_dir_papa_104235,xbpt_zulu_hotel_356824.dat,0x721,INSERT_ROW INSERT_ROW SET_OBJECT,3,34556
1060,,STREAM_UPD,/test/elvis_dir_record_449015/elvis_dir_papa_104235,,0x721,UPDATE_STREAM,1,34557
1061,,REPARENT,/test/elvis_dir_record_449015,,0x70f,DELETE_ROW REPARENT_TABLE INSERT_ROW,3,34561
1062,2026-05-16T16:51:59.263Z,CREATE,/test/elvis_dir_victor_783323,xbpt_trace_hotel_502150.xml,0x717,INSERT_ROW INSERT_ROW SET_OBJECT,3,34562
1063,,STREAM_UPD,/test/elvis_dir_victor_783323,,0x717,UPDATE_STREAM,1,34563
1064,,DELETE,/test/elvis_dir_record_449015/elvis_dir_papa_104235/elvis_dir_sync_718743/elvis_dir_gamma_109016,,0x706,DELETE_TABLE DELETE_ROW DELETE_ROW DELETE_TABLE,4,34564
1065,,STREAM_UPD,/test/elvis_dir_papa_805353,,0x725,DELETE_ROW INSERT_ROW OPEN_TABLE_FROM UPDATE_STREAM ALLOCATE UPDATE_STREAM,6,34565
1066,,STREAM_UPD,/test/elvis_dir_papa_805353,,0x725,UPDATE_STREAM,1,34566
1067,,REPARENT,/test/elvis_dir_record_449015/elvis_dir_papa_104235/elvis_dir_sync_718743/elvis_dir_gamma_109016/elvis_dir_zulu_984398/elvis_dir_cache_558805/elvis_dir_sierra_850083,xbpt_audit_foxtrot_604743.xml,0x715,DELETE_ROW INSERT_ROW REPARENT_TABLE INSERT_ROW,4,34568
1068,2026-05-16T16:51:55.692Z,MOVE,/test/elvis_dir_record_449015/elvis_dir_papa_104235/elvis_dir_sync_718743/elvis_dir_gamma_109016/elvis_dir_zulu_984398/elvis_dir_cache_558805/elvis_dir_sierra_850083,xbpt_audit_foxtrot_604743.xml,0x715,DELETE_ROW DELETE_ROW INSERT_ROW INSERT_ROW,4,34569
1069,2026-05-16T16:51:59.380Z,CREATE,/test/elvis_dir_record_449015/elvis_dir_papa_104235,xbpt_index_november_257579.json,0x721,INSERT_ROW INSERT_ROW SET_OBJECT,3,34571
1070,,STREAM_UPD,/test/elvis_dir_record_449015/elvis_dir_papa_104235,,0x721,UPDATE_STREAM,1,34572
1071,,ALLOCATE,/test/elvis_dir_record_449015/elvis_dir_lima_252141,,0x72a,ALLOCATE,1,34574
1072,,STREAM_UPD,/test,,0x702,DELETE_ROW INSERT_ROW OPEN_TABLE_FROM UPDATE_STREAM ALLOCATE UPDATE_STREAM,6,34575
1073,2026-05-16T16:51:59.431Z,CREATE,/test/elvis_dir_record_449015/elvis_dir_papa_104235,xbpt_hotel_yankee_781098.log,0x721,INSERT_ROW INSERT_ROW SET_OBJECT,3,34577
1074,,STREAM_UPD,/test/elvis_dir_record_449015/elvis_dir_papa_104235,,0x721,UPDATE_STREAM,1,34578
1075,,STREAM_UPD,/test/elvis_dir_record_449015,,0x70f,DELETE_ROW INSERT_ROW OPEN_TABLE_FROM UPDATE_STREAM ALLOCATE UPDATE_STREAM,6,34580
1076,2026-05-16T16:51:59.524Z,CREATE,/test/elvis_dir_record_449015/elvis_dir_lima_252141,xbpt_yankee_report_288078.log,0x72a,INSERT_ROW INSERT_ROW SET_OBJECT,3,34581
1077,,STREAM_UPD,/test/elvis_dir_record_449015/elvis_dir_lima_252141,,0x72a,UPDATE_STREAM,1,34582
1078,,STREAM_UPD,/test/elvis_dir_index_149423/elvis_dir_victor_121923/elvis_dir_hotel_670324/elvis_dir_output_358165/elvis_dir_oscar_874075,,0x72b,DELETE_ROW INSERT_ROW OPEN_TABLE_FROM UPDATE_STREAM ALLOCATE UPDATE_STREAM,6,34583
1079,2026-05-16T16:51:59.599Z,CREATE,OID 0x72c,elvis_dir_gamma_237351,0x72c,OPEN_TABLE_FROM SET_OBJECT INSERT_ROW INSERT_ROW INSERT_ROW INSERT_ROW,6,34597
1080,2026-05-16T16:51:59.610Z,CREATE,/test/elvis_dir_index_149423,xbpt_cache_data_251427.md,0x722,INSERT_ROW INSERT_ROW SET_OBJECT,3,34598
1081,,STREAM_UPD,/test/elvis_dir_index_149423,,0x722,UPDATE_STREAM,1,34599
1082,2026-05-16T16:51:59.616Z,CREATE,/test/elvis_dir_india_800575,xbpt_sync_whiskey_455123.bin,0x723,INSERT_ROW INSERT_ROW SET_OBJECT,3,34600
1083,,STREAM_UPD,/test/elvis_dir_india_800575,,0x723,UPDATE_STREAM,1,34601
1084,,STREAM_UPD,/test/elvis_dir_papa_805353/elvis_dir_november_478580,,0x710,DELETE_ROW INSERT_ROW OPEN_TABLE_FROM UPDATE_STREAM ALLOCATE UPDATE_STREAM,6,34602
1085,,STREAM_UPD,/test/elvis_dir_record_449015/elvis_dir_papa_104235/elvis_dir_sync_718743/elvis_dir_gamma_109016/elvis_dir_index_592790,,0x71a,UPDATE_STREAM,1,34603
1086,2026-05-16T16:51:59.665Z,CREATE,/test/elvis_dir_papa_805353/elvis_dir_november_478580,xbpt_cache_temp_800486.csv,0x710,INSERT_ROW INSERT_ROW SET_OBJECT,3,34604
1087,,STREAM_UPD,/test/elvis_dir_papa_805353/elvis_dir_november_478580,,0x710,UPDATE_STREAM,1,34605
1088,,STREAM_UPD,/test/elvis_dir_papa_805353/elvis_dir_november_478580,,0x710,DELETE_ROW INSERT_ROW OPEN_TABLE_FROM UPDATE_STREAM ALLOCATE UPDATE_STREAM,6,34607
1089,,ALLOCATE,/test/elvis_dir_record_449015/elvis_dir_lima_252141,,0x72a,ALLOCATE,1,34609
1090,2026-05-16T16:51:58.125Z,MOVE,/test/elvis_dir_index_149423,xbpt_archive_india_944507.txt,0x722,DELETE_ROW DELETE_ROW INSERT_ROW INSERT_ROW,4,34612
1091,2026-05-16T16:51:59.801Z,CREATE,/test/elvis_dir_index_149423/elvis_dir_victor_121923/elvis_dir_hotel_670324/elvis_dir_output_358165/elvis_dir_oscar_874075,xbpt_oscar_output_507222.json,0x72b,INSERT_ROW INSERT_ROW SET_OBJECT,3,34613
1092,,STREAM_UPD,/test/elvis_dir_index_149423/elvis_dir_victor_121923/elvis_dir_hotel_670324/elvis_dir_output_358165/elvis_dir_oscar_874075,,0x72b,UPDATE_STREAM,1,34614
1093,2026-05-16T16:51:59.814Z,CREATE,/test/elvis_dir_record_449015/elvis_dir_papa_104235,xbpt_backup_sierra_949923.ini,0x721,INSERT_ROW INSERT_ROW SET_OBJECT,3,34615
1094,,STREAM_UPD,/test/elvis_dir_record_449015/elvis_dir_papa_104235,,0x721,UPDATE_STREAM,1,34616
1095,,STREAM_UPD,/test/elvis_dir_record_449015,,0x70f,DELETE_ROW INSERT_ROW OPEN_TABLE_FROM UPDATE_STREAM ALLOCATE UPDATE_STREAM,6,34617
1096,2026-05-16T16:51:59.829Z,CREATE,OID 0x72d,elvis_dir_backup_752812,0x72d,OPEN_TABLE_FROM SET_OBJECT INSERT_ROW INSERT_ROW INSERT_ROW INSERT_ROW,6,34618
1097,2026-05-16T16:51:56.664Z,MOVE,/test/elvis_dir_record_449015/elvis_dir_papa_104235/elvis_dir_sync_718743/elvis_dir_gamma_109016,xbpt_mike_whiskey_306157.csv,0x706,DELETE_ROW DELETE_ROW INSERT_ROW INSERT_ROW,4,34619
1098,2026-05-16T16:51:59.866Z,CREATE,/test/elvis_dir_victor_783323,xbpt_draft_november_935526.json,0x717,INSERT_ROW INSERT_ROW SET_OBJECT,3,34620
1099,,STREAM_UPD,/test/elvis_dir_victor_783323,,0x717,UPDATE_STREAM,1,34621
1100,,STREAM_UPD,/test/elvis_dir_record_449015/elvis_dir_lima_252141/elvis_dir_oscar_306778,,0x711,DELETE_ROW INSERT_ROW OPEN_TABLE_FROM UPDATE_STREAM ALLOCATE UPDATE_STREAM,6,34622
1101,2026-05-16T16:51:55.323Z,MOVE,/test/elvis_dir_papa_805353,xbpt_tango_archive_367353.ini,0x725,DELETE_ROW DELETE_ROW INSERT_ROW INSERT_ROW,4,34623
1102,2026-05-16T16:51:59.906Z,CREATE,/test/elvis_dir_papa_805353/elvis_dir_november_478580,xbpt_temp_kilo_142924.dat,0x710,INSERT_ROW INSERT_ROW SET_OBJECT,3,34624
1103,,STREAM_UPD,/test/elvis_dir_papa_805353/elvis_dir_november_478580,,0x710,UPDATE_STREAM,1,34625
1104,,STREAM_UPD,/test,,0x702,DELETE_ROW INSERT_ROW OPEN_TABLE_FROM UPDATE_STREAM ALLOCATE UPDATE_STREAM,6,34626
1105,2026-05-16T16:51:59.524Z,RENAME,/test/elvis_dir_papa_805353,elvis_dir_output_527690,0x725,DELETE_ROW DELETE_ROW INSERT_ROW INSERT_ROW,4,34627
1106,2026-05-16T16:51:59.946Z,CREATE,/test/elvis_dir_record_449015/elvis_dir_papa_104235,xbpt_lima_config_611703.json,0x721,INSERT_ROW INSERT_ROW SET_OBJECT,3,34628
1107,,STREAM_UPD,/test/elvis_dir_record_449015/elvis_dir_papa_104235,,0x721,UPDATE_STREAM,1,34629
1108,,STREAM_UPD,/test/elvis_dir_record_449015/elvis_dir_lima_252141,,0x72a,DELETE_ROW INSERT_ROW OPEN_TABLE_FROM UPDATE_STREAM ALLOCATE UPDATE_STREAM,6,34631
1109,2026-05-16T16:51:59.992Z,CREATE,/test/elvis_dir_victor_783323,xbpt_oscar_delta_192166.ini,0x717,INSERT_ROW INSERT_ROW SET_OBJECT,3,34632
1110,,STREAM_UPD,/test/elvis_dir_victor_783323,,0x717,UPDATE_STREAM,1,34633
1111,,STREAM_UPD,/test/elvis_dir_index_149423,,0x722,DELETE_ROW INSERT_ROW OPEN_TABLE_FROM UPDATE_STREAM ALLOCATE UPDATE_STREAM,6,34634
1112,,STREAM_UPD,/test/elvis_dir_papa_805353,,0x725,UPDATE_STREAM,1,34635
1113,,REPARENT,/test/elvis_dir_india_800575,,0x723,DELETE_ROW REPARENT_TABLE INSERT_ROW,3,34636
1114,2026-05-16T16:51:56.344Z,MOVE,/test/elvis_dir_record_449015/elvis_dir_papa_104235/elvis_dir_sync_718743/elvis_dir_gamma_109016/elvis_dir_zulu_984398,xbpt_hotel_cache_656385.bin,0x718,DELETE_ROW DELETE_ROW INSERT_ROW INSERT_ROW,4,34637
1115,2026-05-16T16:52:00.079Z,CREATE,OID 0x72e,elvis_dir_tango_787748,0x72e,OPEN_TABLE_FROM SET_OBJECT INSERT_ROW INSERT_ROW INSERT_ROW INSERT_ROW,6,34638
1116,,STREAM_UPD,/test/elvis_dir_victor_783323,,0x717,DELETE_ROW INSERT_ROW OPEN_TABLE_FROM UPDATE_STREAM ALLOCATE UPDATE_STREAM,6,34640
1117,2026-05-16T16:51:59.940Z,RENAME,/test,elvis_dir_data_501822,0x702,DELETE_ROW DELETE_ROW INSERT_ROW INSERT_ROW,4,34641
1118,,ALLOCATE,/test/elvis_dir_papa_805353/elvis_dir_november_478580,,0x710,ALLOCATE,1,34643
1119,,STREAM_UPD,/test/elvis_dir_record_449015/elvis_dir_papa_104235,,0x721,UPDATE_STREAM,1,34644
1120,2026-05-16T16:52:00.168Z,CREATE,/test/elvis_dir_record_449015/elvis_dir_lima_252141/elvis_dir_oscar_306778,xbpt_sync_echo_156375.ini,0x711,INSERT_ROW INSERT_ROW SET_OBJECT,3,34645
1121,,STREAM_UPD,/test/elvis_dir_record_449015/elvis_dir_lima_252141/elvis_dir_oscar_306778,,0x711,UPDATE_STREAM,1,34646
1122,2026-05-16T16:52:00.174Z,CREATE,/test/elvis_dir_india_800575,xbpt_oscar_backup_284025.json,0x723,INSERT_ROW INSERT_ROW SET_OBJECT,3,34647
1123,,STREAM_UPD,/test/elvis_dir_india_800575,,0x723,UPDATE_STREAM,1,34648
1124,,REPARENT,/test/elvis_dir_record_449015/elvis_dir_lima_252141/elvis_dir_oscar_306778,,0x711,DELETE_ROW REPARENT_TABLE INSERT_ROW,3,34649
1125,,REPARENT,/test,,0x702,DELETE_ROW REPARENT_TABLE INSERT_ROW,3,34651
1126,2026-05-16T16:52:00.271Z,CREATE,/test/elvis_dir_index_149423,xbpt_sync_output_795963.bin,0x722,INSERT_ROW INSERT_ROW SET_OBJECT,3,34652
1127,,STREAM_UPD,/test/elvis_dir_index_149423,,0x722,UPDATE_STREAM,1,34653
1128,2026-05-16T16:52:00.349Z,CREATE,/test/elvis_dir_record_449015,xbpt_alpha_echo_381900.ini,0x70f,INSERT_ROW INSERT_ROW SET_OBJECT,3,34657
1129,,STREAM_UPD,/test/elvis_dir_record_449015,,0x70f,UPDATE_STREAM,1,34658
1130,2026-05-16T16:52:00.365Z,CREATE,/test/elvis_dir_india_800575,xbpt_output_victor_198806.ini,0x723,INSERT_ROW INSERT_ROW SET_OBJECT,3,34659
1131,,STREAM_UPD,/test/elvis_dir_india_800575,,0x723,UPDATE_STREAM,1,34660
1132,,STREAM_UPD,/test/elvis_dir_papa_805353/elvis_dir_november_478580,,0x710,DELETE_ROW INSERT_ROW OPEN_TABLE_FROM UPDATE_STREAM ALLOCATE UPDATE_STREAM,6,34661
1133,2026-05-16T16:52:00.385Z,CREATE,/test/elvis_dir_record_449015/elvis_dir_papa_104235,xbpt_kilo_sync_474043.csv,0x721,INSERT_ROW INSERT_ROW SET_OBJECT,3,34662
1134,,STREAM_UPD,/test/elvis_dir_record_449015/elvis_dir_papa_104235,,0x721,UPDATE_STREAM,1,34663
1135,,ALLOCATE,/test/elvis_dir_papa_805353/elvis_dir_november_478580,,0x710,ALLOCATE,1,34665
1136,2026-05-16T16:52:00.403Z,CREATE,/test/elvis_dir_record_449015/elvis_dir_papa_104235,xbpt_archive_sierra_974936.cfg,0x721,INSERT_ROW INSERT_ROW SET_OBJECT,3,34666
1137,,STREAM_UPD,/test/elvis_dir_record_449015/elvis_dir_papa_104235,,0x721,UPDATE_STREAM,1,34667
1138,2023-05-14T07:16:43.232Z,CREATE,/test/elvis_dir_record_449015,xbpt_hardlink_echo_387599.ini,0x70f,INSERT_ROW INSERT_ROW,2,34669
1139,2026-05-16T16:52:00.430Z,CREATE,/test,xbpt_symlink_output_831744.lnk,0x702,INSERT_ROW INSERT_ROW SET_OBJECT,3,34670
1140,2026-05-16T16:52:00.515Z,CREATE,/test/elvis_dir_india_800575,xbpt_log_beta_973172.txt,0x723,INSERT_ROW INSERT_ROW SET_OBJECT,3,34672
1141,,STREAM_UPD,/test/elvis_dir_india_800575,,0x723,UPDATE_STREAM,1,34673
1142,2026-05-16T16:52:00.530Z,CREATE,/test/elvis_dir_record_449015/elvis_dir_lima_252141,xbpt_alpha_delta_877195.json,0x72a,INSERT_ROW INSERT_ROW SET_OBJECT,3,34674
1143,,STREAM_UPD,/test/elvis_dir_record_449015/elvis_dir_lima_252141,,0x72a,UPDATE_STREAM,1,34675
1144,2024-12-12T07:16:57.786Z,STREAM_UPD,/test/elvis_dir_record_449015/elvis_dir_papa_104235/elvis_dir_sync_718743/elvis_dir_gamma_603462,,0x703,DELETE_ROW INSERT_ROW OPEN_TABLE_FROM UPDATE_STREAM ALLOCATE UPDATE_STREAM UPDATE_DATA_WITH UPDATE_STREAM,8,34677
1145,2026-05-16T16:52:00.129Z,RENAME,/test,elvis_dir_november_514349,0x702,DELETE_ROW DELETE_ROW INSERT_ROW INSERT_ROW,4,34678
1146,2026-05-16T16:52:00.643Z,CREATE,/test/elvis_dir_record_449015/elvis_dir_papa_104235,xbpt_log_mike_997799.bin,0x721,INSERT_ROW INSERT_ROW SET_OBJECT,3,34679
1147,,STREAM_UPD,/test/elvis_dir_record_449015/elvis_dir_papa_104235,,0x721,UPDATE_STREAM,1,34680
1148,2026-05-16T16:52:00.424Z,RENAME,/test/elvis_dir_papa_805353,elvis_dir_kilo_689693,0x725,DELETE_ROW DELETE_ROW INSERT_ROW INSERT_ROW,4,34681
1149,,REPARENT,/test/elvis_dir_record_449015/elvis_dir_lima_252141/elvis_dir_oscar_306778,,0x711,DELETE_ROW REPARENT_TABLE INSERT_ROW,3,34682
1150,,STREAM_UPD,/test/elvis_dir_record_449015,,0x70f,DELETE_ROW INSERT_ROW OPEN_TABLE_FROM UPDATE_STREAM ALLOCATE UPDATE_STREAM,6,34683
1151,2026-05-16T16:52:00.796Z,CREATE,/test/elvis_dir_papa_805353/elvis_dir_november_478580,xbpt_config_log_890790.bak,0x710,INSERT_ROW INSERT_ROW SET_OBJECT,3,34688
1152,,STREAM_UPD,/test/elvis_dir_papa_805353/elvis_dir_november_478580,,0x710,UPDATE_STREAM,1,34689
1153,2026-05-16T16:52:00.820Z,CREATE,/test/elvis_dir_papa_805353/elvis_dir_november_478580,xbpt_audit_sync_528794.xml,0x710,INSERT_ROW INSERT_ROW SET_OBJECT,3,34691
1154,,STREAM_UPD,/test/elvis_dir_papa_805353/elvis_dir_november_478580,,0x710,UPDATE_STREAM,1,34692
1155,2026-05-16T16:52:00.877Z,CREATE,/test/elvis_dir_record_449015/elvis_dir_papa_104235,xbpt_delta_log_234524.log,0x721,INSERT_ROW INSERT_ROW SET_OBJECT,3,34693
1156,,STREAM_UPD,/test/elvis_dir_record_449015/elvis_dir_papa_104235,,0x721,UPDATE_STREAM,1,34694
1157,2026-05-16T16:52:00.889Z,CREATE,/test/elvis_dir_index_149423/elvis_dir_victor_121923/elvis_dir_hotel_670324,xbpt_log_romeo_711888.cfg,0x730,INSERT_ROW INSERT_ROW SET_OBJECT,3,34695
1158,,STREAM_UPD,/test/elvis_dir_index_149423/elvis_dir_victor_121923/elvis_dir_hotel_670324,,0x730,UPDATE_STREAM,1,34696
1159,2026-05-16T16:52:00.909Z,CREATE,/test,xbpt_config_log_982725.bin,0x702,INSERT_ROW INSERT_ROW SET_OBJECT,3,34697
1160,,STREAM_UPD,/test,,0x702,UPDATE_STREAM,1,34698
1161,,MODIFY,/test/elvis_dir_record_449015/elvis_dir_lima_252141,,0x72a,FREE,1,34700
1162,2026-05-16T16:52:00.972Z,CREATE,/test/elvis_dir_index_149423/elvis_dir_victor_121923,xbpt_zulu_papa_839258.bin,0x72f,INSERT_ROW INSERT_ROW SET_OBJECT,3,34701
1163,,STREAM_UPD,/test/elvis_dir_index_149423/elvis_dir_victor_121923,,0x72f,UPDATE_STREAM,1,34702
1164,2026-05-16T16:52:00.979Z,CREATE,/test/elvis_dir_index_149423/elvis_dir_victor_121923,xbpt_archive_record_387558.cfg,0x72f,INSERT_ROW INSERT_ROW SET_OBJECT,3,34703
1165,,STREAM_UPD,/test/elvis_dir_index_149423/elvis_dir_victor_121923,,0x72f,UPDATE_STREAM,1,34704
1166,2026-05-16T16:52:01.000Z,CREATE,/test/elvis_dir_index_149423/elvis_dir_victor_121923/elvis_dir_hotel_670324,xbpt_trace_gamma_472483.cfg,0x730,INSERT_ROW INSERT_ROW SET_OBJECT,3,34706
1167,,STREAM_UPD,/test/elvis_dir_index_149423/elvis_dir_victor_121923/elvis_dir_hotel_670324,,0x730,UPDATE_STREAM,1,34707
1168,2026-05-16T16:52:01.006Z,CREATE,/test/elvis_dir_index_149423/elvis_dir_victor_121923,xbpt_temp_uniform_753565.cfg,0x72f,INSERT_ROW INSERT_ROW SET_OBJECT,3,34708
1169,,STREAM_UPD,/test/elvis_dir_index_149423/elvis_dir_victor_121923,,0x72f,UPDATE_STREAM,1,34709
1170,,STREAM_UPD,/test/elvis_dir_record_449015/elvis_dir_papa_104235/elvis_dir_sync_718743,,0x707,DELETE_ROW INSERT_ROW OPEN_TABLE_FROM UPDATE_STREAM ALLOCATE UPDATE_STREAM,6,34711
1171,2026-05-16T16:52:01.040Z,CREATE,/test/elvis_dir_victor_783323,xbpt_quebec_echo_201709.md,0x717,INSERT_ROW INSERT_ROW SET_OBJECT,3,34712
1172,,STREAM_UPD,/test/elvis_dir_victor_783323,,0x717,UPDATE_STREAM,1,34713
1173,2026-05-16T16:52:01.066Z,CREATE,/test/elvis_dir_papa_805353/elvis_dir_november_478580,xbpt_papa_index_238422.csv,0x710,INSERT_ROW INSERT_ROW SET_OBJECT,3,34714
1174,,STREAM_UPD,/test/elvis_dir_papa_805353/elvis_dir_november_478580,,0x710,UPDATE_STREAM,1,34715
1175,,MODIFY,/test/elvis_dir_papa_805353/elvis_dir_november_478580,,0x710,UPDATE_ROW,1,34719
1176,2026-05-16T16:52:01.134Z,CREATE,/test/elvis_dir_index_149423/elvis_dir_victor_121923/elvis_dir_hotel_670324/elvis_dir_output_358165,xbpt_log_foxtrot_796125.ini,0x731,INSERT_ROW INSERT_ROW SET_OBJECT,3,34721
1177,,STREAM_UPD,/test/elvis_dir_index_149423/elvis_dir_victor_121923/elvis_dir_hotel_670324/elvis_dir_output_358165,,0x731,UPDATE_STREAM,1,34722
1178,,STREAM_UPD,/test/elvis_dir_papa_805353,,0x725,DELETE_ROW INSERT_ROW OPEN_TABLE_FROM UPDATE_STREAM ALLOCATE UPDATE_STREAM,6,34723
1179,,ALLOCATE,/test/elvis_dir_papa_805353/elvis_dir_november_478580,,0x710,ALLOCATE,1,34724
1180,2026-05-16T16:52:01.236Z,CREATE,OID 0x733,elvis_dir_beta_786640,0x733,OPEN_TABLE_FROM SET_OBJECT INSERT_ROW INSERT_ROW INSERT_ROW INSERT_ROW,6,34727
1181,2026-05-16T16:52:01.266Z,CREATE,/test/elvis_dir_record_449015/elvis_dir_papa_104235/elvis_dir_sync_718743,xbpt_index_temp_198731.cfg,0x707,INSERT_ROW INSERT_ROW SET_OBJECT,3,34730
1182,,STREAM_UPD,/test/elvis_dir_record_449015/elvis_dir_papa_104235/elvis_dir_sync_718743,,0x707,UPDATE_STREAM,1,34731
1183,,STREAM_UPD,/test/elvis_dir_record_449015,,0x70f,DELETE_ROW INSERT_ROW OPEN_TABLE_FROM UPDATE_STREAM ALLOCATE UPDATE_STREAM,6,34732
1184,2026-05-16T16:51:56.359Z,RENAME,/test/elvis_dir_record_449015/elvis_dir_papa_104235,xbpt_yankee_foxtrot_198114.bak,0x721,DELETE_ROW DELETE_ROW INSERT_ROW INSERT_ROW,4,34735
1185,2026-05-16T16:52:01.345Z,CREATE,/test/elvis_dir_index_149423/elvis_dir_victor_121923/elvis_dir_hotel_670324,xbpt_audit_sierra_999014.csv,0x730,INSERT_ROW INSERT_ROW SET_OBJECT,3,34737
1186,,STREAM_UPD,/test/elvis_dir_index_149423/elvis_dir_victor_121923/elvis_dir_hotel_670324,,0x730,UPDATE_STREAM,1,34738
1187,,REPARENT,/test/elvis_dir_record_449015/elvis_dir_papa_104235/elvis_dir_sync_718743/elvis_dir_gamma_109016/elvis_dir_zulu_984398/elvis_dir_cache_558805/elvis_dir_sierra_850083,xbpt_draft_cache_206712.txt,0x715,DELETE_ROW INSERT_ROW REPARENT_TABLE INSERT_ROW,4,34739
1188,2026-05-16T16:52:01.363Z,CREATE,/test/elvis_dir_papa_805353/elvis_dir_november_478580,xbpt_delta_index_661828.xml,0x710,INSERT_ROW INSERT_ROW SET_OBJECT,3,34740
1189,,STREAM_UPD,/test/elvis_dir_papa_805353/elvis_dir_november_478580,,0x710,UPDATE_STREAM,1,34741
1190,,STREAM_UPD,/test/elvis_dir_papa_805353,,0x725,DELETE_ROW INSERT_ROW OPEN_TABLE_FROM UPDATE_STREAM ALLOCATE UPDATE_STREAM,6,34745
1191,2026-05-16T16:52:01.424Z,CREATE,/test/elvis_dir_index_149423/elvis_dir_victor_121923,xbpt_zulu_echo_160107.cfg,0x72f,INSERT_ROW INSERT_ROW SET_OBJECT,3,34746
1192,,STREAM_UPD,/test/elvis_dir_index_149423/elvis_dir_victor_121923,,0x72f,UPDATE_STREAM,1,34747
1193,2026-05-16T16:52:01.443Z,CREATE,/test,xbpt_whiskey_sierra_446370.txt,0x702,INSERT_ROW INSERT_ROW SET_OBJECT,3,34748
1194,,STREAM_UPD,/test,,0x702,UPDATE_STREAM,1,34749
1195,,STREAM_UPD,/test/elvis_dir_record_449015/elvis_dir_lima_252141,,0x72a,DELETE_ROW INSERT_ROW OPEN_TABLE_FROM UPDATE_STREAM ALLOCATE UPDATE_STREAM,6,34750
1196,,DELETE,/test/elvis_dir_papa_805353/elvis_dir_november_478580,,0x710,DELETE_TABLE DELETE_ROW DELETE_ROW DELETE_TABLE,4,34752
1197,2026-05-16T16:51:51.358Z,RENAME,/test/elvis_dir_record_449015/elvis_dir_papa_104235/elvis_dir_sync_718743/elvis_dir_gamma_109016/elvis_dir_config_541148,xbpt_papa_temp_918582.dat,0x704,DELETE_ROW DELETE_ROW INSERT_ROW INSERT_ROW,4,34753
1198,,STREAM_UPD,/test/elvis_dir_victor_783323,,0x717,DELETE_ROW INSERT_ROW OPEN_TABLE_FROM UPDATE_STREAM ALLOCATE UPDATE_STREAM,6,34755
1199,2026-05-16T16:52:01.597Z,CREATE,/test/elvis_dir_index_149423,xbpt_config_sync_830891.tmp,0x722,INSERT_ROW INSERT_ROW SET_OBJECT,3,34777
1200,,STREAM_UPD,/test/elvis_dir_index_149423,,0x722,UPDATE_STREAM,1,34778
1201,,DELETE,/test/elvis_dir_papa_805353/elvis_dir_november_478580,,0x710,DELETE_TABLE DELETE_ROW DELETE_ROW DELETE_TABLE,4,34783
1202,,STREAM_UPD,/test/elvis_dir_papa_805353,,0x725,DELETE_ROW INSERT_ROW OPEN_TABLE_FROM UPDATE_STREAM ALLOCATE UPDATE_STREAM,6,34784
1203,2026-05-16T16:52:01.662Z,CREATE,OID 0x735,elvis_dir_foxtrot_677051,0x735,OPEN_TABLE_FROM SET_OBJECT INSERT_ROW INSERT_ROW INSERT_ROW INSERT_ROW,6,34785
1204,,STREAM_UPD,/test/elvis_dir_record_449015/elvis_dir_papa_104235,,0x721,DELETE_ROW INSERT_ROW OPEN_TABLE_FROM UPDATE_STREAM ALLOCATE UPDATE_STREAM,6,34787
1205,2026-05-16T16:52:01.685Z,CREATE,/test/elvis_dir_record_449015/elvis_dir_lima_252141/elvis_dir_oscar_306778,xbpt_report_india_560484.txt,0x711,INSERT_ROW INSERT_ROW SET_OBJECT,3,34788
1206,,STREAM_UPD,/test/elvis_dir_record_449015/elvis_dir_lima_252141/elvis_dir_oscar_306778,,0x711,UPDATE_STREAM,1,34789
1207,2026-05-16T16:52:01.697Z,CREATE,/test/elvis_dir_india_800575,xbpt_report_temp_854937.tmp,0x723,INSERT_ROW INSERT_ROW SET_OBJECT,3,34790
1208,,STREAM_UPD,/test/elvis_dir_india_800575,,0x723,UPDATE_STREAM,1,34791
1209,2026-05-16T16:52:01.706Z,CREATE,/test/elvis_dir_index_149423/elvis_dir_victor_121923/elvis_dir_hotel_670324/elvis_dir_output_358165,xbpt_oscar_foxtrot_866936.json,0x731,INSERT_ROW INSERT_ROW SET_OBJECT,3,34792
1210,,STREAM_UPD,/test/elvis_dir_index_149423/elvis_dir_victor_121923/elvis_dir_hotel_670324/elvis_dir_output_358165,,0x731,UPDATE_STREAM,1,34793
1211,2026-05-16T16:52:01.764Z,CREATE,/test/elvis_dir_index_149423/elvis_dir_victor_121923/elvis_dir_hotel_670324/elvis_dir_output_358165,xbpt_zulu_india_473528.csv,0x731,INSERT_ROW INSERT_ROW SET_OBJECT,3,34794
1212,,STREAM_UPD,/test/elvis_dir_index_149423/elvis_dir_victor_121923/elvis_dir_hotel_670324/elvis_dir_output_358165,,0x731,UPDATE_STREAM,1,34795
1213,,STREAM_UPD,/test/elvis_dir_record_449015/elvis_dir_lima_252141/elvis_dir_oscar_306778,,0x711,DELETE_ROW INSERT_ROW OPEN_TABLE_FROM UPDATE_STREAM ALLOCATE UPDATE_STREAM,6,34798
1214,,STREAM_UPD,/test/elvis_dir_index_149423/elvis_dir_victor_121923/elvis_dir_hotel_670324/elvis_dir_output_358165,,0x731,DELETE_ROW INSERT_ROW OPEN_TABLE_FROM UPDATE_STREAM ALLOCATE UPDATE_STREAM,6,34800
1215,2026-05-16T16:52:01.597Z,DELETE,/test/elvis_dir_record_449015/elvis_dir_lima_252141/elvis_dir_oscar_306778/elvis_dir_cache_505509,,0x719,DELETE_TABLE DELETE_ROW DELETE_ROW DELETE_TABLE,4,34801
1216,,ALLOCATE,/test/elvis_dir_index_149423,,0x722,ALLOCATE,1,34803
1217,2026-05-16T16:52:01.884Z,CREATE,OID 0x736,elvis_dir_quebec_896971,0x736,OPEN_TABLE_FROM SET_OBJECT INSERT_ROW INSERT_ROW INSERT_ROW INSERT_ROW,6,34805
1218,2026-05-16T16:52:01.111Z,MOVE,/test/elvis_dir_index_149423,elvis_dir_report_590629,0x722,DELETE_ROW DELETE_ROW INSERT_ROW INSERT_ROW SET_PARENT_ID,5,34806
1219,2026-05-16T16:52:01.903Z,CREATE,/test/elvis_dir_papa_805353/elvis_dir_november_478580,xbpt_oscar_archive_384713.txt,0x710,INSERT_ROW INSERT_ROW SET_OBJECT,3,34807
1220,,STREAM_UPD,/test/elvis_dir_papa_805353/elvis_dir_november_478580,,0x710,UPDATE_STREAM,1,34808
1221,,ALLOCATE,/test/elvis_dir_record_449015/elvis_dir_papa_104235/elvis_dir_sync_718743,,0x707,ALLOCATE,1,34810
1222,2026-05-16T16:52:01.929Z,CREATE,/test/elvis_dir_india_800575,xbpt_cache_lima_454391.txt,0x723,INSERT_ROW INSERT_ROW SET_OBJECT,3,34811
1223,,STREAM_UPD,/test/elvis_dir_india_800575,,0x723,UPDATE_STREAM,1,34812
1224,2026-05-16T16:52:01.978Z,CREATE,/test/elvis_dir_record_449015/elvis_dir_papa_104235,xbpt_temp_foxtrot_475776.md,0x721,INSERT_ROW INSERT_ROW SET_OBJECT,3,34813
1225,,STREAM_UPD,/test/elvis_dir_record_449015/elvis_dir_papa_104235,,0x721,UPDATE_STREAM,1,34814
1226,,CONTAINER,,,,MOVE_CONTAINER MOVE_CONTAINER MOVE_CONTAINER MOVE_CONTAINER MOVE_CONTAINER MOVE_CONTAINER MOVE_CONTAINER MOVE_CONTAINER MOVE_CONTAINER,9,34815
1227,,MODIFY,/test/elvis_dir_papa_805353/elvis_dir_november_478580,,0x710,FREE,1,34818
1228,2026-05-16T16:52:02.035Z,CREATE,/test/elvis_dir_victor_783323,xbpt_sierra_echo_709659.md,0x717,INSERT_ROW INSERT_ROW SET_OBJECT,3,34819
1229,,STREAM_UPD,/test/elvis_dir_victor_783323,,0x717,DELETE_ROW INSERT_ROW OPEN_TABLE_FROM UPDATE_STREAM ALLOCATE UPDATE_STREAM,6,34820
1230,2026-05-16T16:52:02.046Z,CREATE,/test/elvis_dir_papa_805353,xbpt_november_hotel_509136.md,0x725,INSERT_ROW INSERT_ROW SET_OBJECT,3,34821
1231,,STREAM_UPD,/test/elvis_dir_papa_805353,,0x725,UPDATE_STREAM,1,34822
1232,2026-05-16T16:52:02.102Z,CREATE,/test/elvis_dir_record_449015/elvis_dir_papa_104235/elvis_dir_sync_718743,xbpt_audit_data_437649.txt,0x707,INSERT_ROW INSERT_ROW SET_OBJECT,3,34826
1233,,STREAM_UPD,/test/elvis_dir_record_449015/elvis_dir_papa_104235/elvis_dir_sync_718743,,0x707,UPDATE_STREAM,1,34827
1234,,STREAM_UPD,/test/elvis_dir_record_449015/elvis_dir_papa_104235/elvis_dir_sync_718743,,0x707,DELETE_ROW INSERT_ROW OPEN_TABLE_FROM UPDATE_STREAM ALLOCATE UPDATE_STREAM,6,34829
1235,,MODIFY,/test/elvis_dir_victor_783323,,0x717,FREE,1,34831
1236,2026-05-16T16:52:02.154Z,CREATE,/test/elvis_dir_victor_783323,xbpt_romeo_yankee_383561.cfg,0x717,INSERT_ROW INSERT_ROW SET_OBJECT,3,34832
1237,,STREAM_UPD,/test/elvis_dir_victor_783323,,0x717,UPDATE_STREAM,1,34833
1238,,MODIFY,/test/elvis_dir_record_449015/elvis_dir_papa_104235/elvis_dir_sync_718743/elvis_dir_gamma_109016/elvis_dir_config_541148,,0x704,FREE,1,34836
1239,,REPARENT,/test/elvis_dir_record_449015/elvis_dir_papa_104235/elvis_dir_sync_718743/elvis_dir_gamma_109016,xbpt_sierra_papa_124233.bin,0x706,DELETE_ROW INSERT_ROW REPARENT_TABLE INSERT_ROW,4,34838
1240,2026-05-16T16:51:58.063Z,MOVE,/test/elvis_dir_record_449015/elvis_dir_papa_104235/elvis_dir_sync_718743/elvis_dir_gamma_109016,xbpt_sierra_papa_124233.bin,0x706,DELETE_ROW DELETE_ROW INSERT_ROW INSERT_ROW,4,34839
1241,,ALLOCATE,/test/elvis_dir_india_800575,,0x723,ALLOCATE,1,34841
1242,,ALLOCATE,/test/elvis_dir_index_149423,,0x722,ALLOCATE,1,34843
1243,2026-05-16T16:52:02.052Z,RENAME,/test/elvis_dir_index_149423/elvis_dir_victor_121923,elvis_dir_uniform_716659,0x72f,DELETE_ROW DELETE_ROW INSERT_ROW INSERT_ROW,4,34846
1244,2026-05-16T16:52:02.102Z,MOVE,/test/elvis_dir_record_449015/elvis_dir_papa_104235/elvis_dir_sync_718743,xbpt_audit_data_437649.txt,0x707,DELETE_ROW DELETE_ROW INSERT_ROW INSERT_ROW,4,34847
1245,2026-05-16T16:52:02.259Z,CREATE,/test/elvis_dir_papa_805353,xbpt_temp_data_294711.md,0x725,INSERT_ROW INSERT_ROW SET_OBJECT,3,34848
1246,,STREAM_UPD,/test/elvis_dir_papa_805353,,0x725,UPDATE_STREAM,1,34849
1247,,STREAM_UPD,/test/elvis_dir_victor_783323,,0x717,DELETE_ROW INSERT_ROW OPEN_TABLE_FROM UPDATE_STREAM ALLOCATE UPDATE_STREAM,6,34851
1248,2026-05-16T16:52:02.285Z,CREATE,/test/elvis_dir_record_449015/elvis_dir_lima_252141/elvis_dir_oscar_306778,xbpt_kilo_beta_246643.bin,0x711,INSERT_ROW INSERT_ROW SET_OBJECT,3,34852
1249,,STREAM_UPD,/test/elvis_dir_record_449015/elvis_dir_lima_252141/elvis_dir_oscar_306778,,0x711,DELETE_ROW INSERT_ROW OPEN_TABLE_FROM UPDATE_STREAM ALLOCATE UPDATE_STREAM,6,34853
1250,,MODIFY,/test/elvis_dir_record_449015/elvis_dir_papa_104235/elvis_dir_sync_718743/elvis_dir_gamma_603462,,0x703,FREE,1,34854
1251,2026-05-16T16:52:02.316Z,CREATE,/test/elvis_dir_papa_805353/elvis_dir_november_478580,xbpt_alpha_cache_742120.dat,0x710,INSERT_ROW INSERT_ROW SET_OBJECT,3,34859
1252,,STREAM_UPD,/test/elvis_dir_papa_805353/elvis_dir_november_478580,,0x710,UPDATE_STREAM,1,34860
1253,2026-05-16T16:52:02.361Z,CREATE,OID 0x738,elvis_dir_kilo_545516,0x738,OPEN_TABLE_FROM SET_OBJECT INSERT_ROW INSERT_ROW INSERT_ROW INSERT_ROW,6,34861
1254,2026-05-16T16:51:59.701Z,MOVE,/test/elvis_dir_papa_805353/elvis_dir_november_478580,xbpt_cache_temp_800486.csv,0x710,DELETE_ROW DELETE_ROW INSERT_ROW INSERT_ROW,4,34862
1255,2026-05-16T16:52:02.376Z,CREATE,/test/elvis_dir_record_449015,xbpt_foxtrot_lima_318386.tmp,0x70f,INSERT_ROW INSERT_ROW SET_OBJECT,3,34863
1256,,STREAM_UPD,/test/elvis_dir_record_449015,,0x70f,UPDATE_STREAM,1,34864
1257,,DELETE,/test/elvis_dir_papa_805353/elvis_dir_november_478580,,0x710,DELETE_TABLE DELETE_ROW DELETE_ROW DELETE_TABLE,4,34865
1258,2026-05-16T16:52:02.439Z,CREATE,/test/elvis_dir_papa_805353/elvis_dir_november_478580,xbpt_lima_victor_941030.cfg,0x710,INSERT_ROW INSERT_ROW SET_OBJECT,3,34866
1259,,STREAM_UPD,/test/elvis_dir_papa_805353/elvis_dir_november_478580,,0x710,UPDATE_STREAM,1,34867
1260,2026-05-16T16:52:02.445Z,CREATE,/test/elvis_dir_victor_783323,xbpt_november_quebec_999278.md,0x717,INSERT_ROW INSERT_ROW SET_OBJECT,3,34868
1261,,STREAM_UPD,/test/elvis_dir_victor_783323,,0x717,UPDATE_STREAM,1,34869
1262,2026-05-16T16:52:02.458Z,CREATE,/test/elvis_dir_papa_805353,xbpt_papa_victor_656146.log,0x725,INSERT_ROW INSERT_ROW SET_OBJECT,3,34870
1263,,STREAM_UPD,/test/elvis_dir_papa_805353,,0x725,UPDATE_STREAM,1,34871
1264,2026-05-16T16:52:02.485Z,CREATE,/test/elvis_dir_index_149423/elvis_dir_victor_121923,xbpt_hotel_mike_996142.cfg,0x72f,INSERT_ROW INSERT_ROW SET_OBJECT,3,34874
1265,,STREAM_UPD,/test/elvis_dir_index_149423/elvis_dir_victor_121923,,0x72f,UPDATE_STREAM,1,34875
1266,,MODIFY,/test/elvis_dir_record_449015/elvis_dir_lima_252141/elvis_dir_oscar_306778,,0x711,FREE,1,34880
1267,,REPARENT,/test/elvis_dir_record_449015/elvis_dir_papa_104235/elvis_dir_sync_718743/elvis_dir_gamma_109016/elvis_dir_zulu_984398,xbpt_zulu_whiskey_391283.tmp,0x718,DELETE_ROW INSERT_ROW REPARENT_TABLE INSERT_ROW,4,34881
1268,,STREAM_UPD,/test/elvis_dir_index_149423/elvis_dir_victor_121923/elvis_dir_hotel_670324,,0x730,DELETE_ROW INSERT_ROW OPEN_TABLE_FROM UPDATE_STREAM ALLOCATE UPDATE_STREAM,6,34884
1269,2026-05-16T16:52:02.645Z,CREATE,/test/elvis_dir_record_449015/elvis_dir_tango_434284,xbpt_data_config_437965.csv,0x737,INSERT_ROW INSERT_ROW SET_OBJECT,3,34886
1270,,STREAM_UPD,/test/elvis_dir_record_449015/elvis_dir_tango_434284,,0x737,UPDATE_STREAM,1,34887
1271,,STREAM_UPD,/test/elvis_dir_record_449015,,0x70f,UPDATE_STREAM,1,34888
1272,,STREAM_UPD,/test/elvis_dir_papa_805353/elvis_dir_november_478580/elvis_dir_kilo_751807,,0x739,DELETE_ROW INSERT_ROW OPEN_TABLE_FROM UPDATE_STREAM ALLOCATE UPDATE_STREAM,6,34889
1273,,MODIFY,/test,,0x702,FREE,1,34890
1274,2026-05-16T16:52:02.708Z,CREATE,/test/elvis_dir_india_800575,xbpt_cache_index_408825.bin,0x723,INSERT_ROW INSERT_ROW SET_OBJECT,3,34891
1275,,STREAM_UPD,/test/elvis_dir_india_800575,,0x723,UPDATE_STREAM,1,34892
1276,2026-05-16T16:52:02.719Z,CREATE,/test/elvis_dir_record_449015/elvis_dir_lima_252141/elvis_dir_report_664539,elvis_dir_report_664539,0x73a,OPEN_TABLE_FROM SET_OBJECT INSERT_ROW INSERT_ROW INSERT_ROW INSERT_ROW,6,34893
1277,,ALLOCATE,/test/elvis_dir_record_449015/elvis_dir_tango_434284,,0x737,ALLOCATE,1,34894
1278,2026-05-16T16:52:02.772Z,CREATE,/test/elvis_dir_record_449015/elvis_dir_tango_434284/elvis_dir_record_864004,elvis_dir_record_864004,0x73b,OPEN_TABLE_FROM SET_OBJECT INSERT_ROW INSERT_ROW INSERT_ROW INSERT_ROW,6,34898
1279,,MODIFY,/test/elvis_dir_record_449015/elvis_dir_papa_104235/elvis_dir_sync_718743/elvis_dir_gamma_109016/elvis_dir_config_541148,,0x704,FREE,1,34899
1280,,STREAM_UPD,/test/elvis_dir_india_800575,,0x723,UPDATE_STREAM,1,34900
1281,,STREAM_UPD,/test/elvis_dir_record_449015/elvis_dir_papa_104235/elvis_dir_sync_718743,,0x707,DELETE_ROW INSERT_ROW OPEN_TABLE_FROM UPDATE_STREAM ALLOCATE UPDATE_STREAM,6,34902
1282,,REPARENT,/test/elvis_dir_papa_805353/elvis_dir_november_478580,xbpt_delta_index_661828.xml,0x710,DELETE_ROW INSERT_ROW REPARENT_TABLE INSERT_ROW,4,34903
1283,2026-05-16T16:52:02.819Z,CREATE,/test/elvis_dir_index_149423/elvis_dir_victor_121923/elvis_dir_hotel_670324,xbpt_cache_temp_298348.bak,0x730,INSERT_ROW INSERT_ROW SET_OBJECT,3,34904
1284,,STREAM_UPD,/test/elvis_dir_index_149423/elvis_dir_victor_121923/elvis_dir_hotel_670324,,0x730,UPDATE_STREAM,1,34905
1285,,MODIFY,/test/elvis_dir_record_449015,,0x70f,FREE,1,34908
1286,,ALLOCATE,/test/elvis_dir_record_449015/elvis_dir_papa_104235,,0x721,ALLOCATE,1,34911
1287,,STREAM_UPD,/test/elvis_dir_record_449015/elvis_dir_papa_104235/elvis_dir_sync_718743/elvis_dir_gamma_109016,,0x706,UPDATE_STREAM,1,34912
1288,2026-05-16T16:52:02.977Z,CREATE,/test,xbpt_marked_eveliselaurence_670394.txt,0x702,INSERT_ROW INSERT_ROW SET_OBJECT,3,34915
1289,2026-05-16T16:52:02.989Z,CREATE,/test/elvis_dir_india_800575,xbpt_large_2mb_report_507726.txt,0x723,INSERT_ROW INSERT_ROW SET_OBJECT,3,34916
1290,,STREAM_UPD,/test/elvis_dir_india_800575,,0x723,UPDATE_STREAM,1,34917
1291,2026-05-16T16:52:03.000Z,CREATE,/test/elvis_dir_record_449015/elvis_dir_lima_252141/elvis_dir_oscar_306778,xbpt_large_86mb_india_568540.txt,0x711,INSERT_ROW INSERT_ROW SET_OBJECT,3,34918
1292,,STREAM_UPD,/test/elvis_dir_record_449015/elvis_dir_lima_252141/elvis_dir_oscar_306778,,0x711,UPDATE_STREAM,1,34919
1293,2026-05-16T16:52:03.005Z,CREATE,/test/elvis_dir_record_449015/elvis_dir_lima_252141/elvis_dir_oscar_306778,xbpt_large_7mb_india_845613.txt,0x711,INSERT_ROW INSERT_ROW SET_OBJECT,3,34920
1294,,STREAM_UPD,/test/elvis_dir_record_449015/elvis_dir_lima_252141/elvis_dir_oscar_306778,,0x711,UPDATE_STREAM,1,34921
1295,,STREAM_UPD,/test/elvis_dir_index_149423/elvis_dir_victor_121923,,0x72f,DELETE_ROW INSERT_ROW OPEN_TABLE_FROM UPDATE_STREAM ALLOCATE UPDATE_STREAM,6,34922
1296,2026-05-16T16:52:03.019Z,CREATE,/test/elvis_dir_victor_783323,xbpt_large_149mb_alpha_610845.dat,0x717,INSERT_ROW INSERT_ROW SET_OBJECT,3,34923
1297,,STREAM_UPD,/test/elvis_dir_victor_783323,,0x717,UPDATE_STREAM,1,34924
1298,2026-05-16T16:52:03.024Z,CREATE,/test,xbpt_large_99mb_report_414178.tmp,0x702,INSERT_ROW INSERT_ROW SET_OBJECT,3,34925
1299,,STREAM_UPD,/test,,0x702,UPDATE_STREAM,1,34926
1300,,STREAM_UPD,/test/elvis_dir_record_449015,,0x70f,DELETE_ROW INSERT_ROW OPEN_TABLE_FROM UPDATE_STREAM ALLOCATE UPDATE_STREAM,6,34927
1301,,CONTAINER,,,,MOVE_CONTAINER,1,34959
1302,2026-05-16T16:54:44.129Z,CREATE,/testsnapshots,testsnapshots,0x73c,OPEN_TABLE_FROM SET_OBJECT INSERT_ROW INSERT_ROW INSERT_ROW INSERT_ROW,6,34961
1303,2026-05-16T16:55:20.980Z,CREATE,/testsnapshots,arg.txt,0x73c,INSERT_ROW INSERT_ROW SET_OBJECT,3,34964
1304,2026-05-16T16:55:20.980Z,STREAM_UPD,/testsnapshots,,0x73c,DELETE_ROW INSERT_ROW OPEN_TABLE_FROM UPDATE_STREAM ALLOCATE UPDATE_STREAM UPDATE_DATA_WITH UPDATE_STREAM,8,34968
1305,,OP,/testsnapshots,,0x73c,OPEN_TABLE_FROM,1,34969
1306,,STREAM_UPD,/testsnapshots,,0x73c,UPDATE_STREAM,1,34971
1307,,OP,/testsnapshots,,0x73c,PREPARE_ENTRY,1,34973
1308,,OP,/testsnapshots,,0x73c,OPEN_TABLE_FROM,1,34975
1309,,STREAM_UPD,/testsnapshots,,0x73c,UPDATE_STREAM,1,34977
1310,2026-05-16T17:15:16.840Z,CREATE,/testsnapshots,arg.txt.bak.20260516191516,0x73c,INSERT_ROW INSERT_ROW SET_OBJECT,3,34979
1311,,MODIFY,/testsnapshots,,0x73c,UPDATE_ROW,1,34980
1312,2026-05-16T17:16:20.028Z,CREATE,/testsnapshots,arg.txt.bak.20260516191620,0x73c,INSERT_ROW INSERT_ROW SET_OBJECT,3,34984
1313,,MODIFY,/testsnapshots,,0x73c,UPDATE_ROW,1,34985
1314,2026-05-16T17:16:47.928Z,CREATE,/testsnapshots,test.txt,0x73c,INSERT_ROW INSERT_ROW SET_OBJECT,3,34987
1315,2026-05-16T17:16:47.928Z,STREAM_UPD,/testsnapshots,,0x73c,DELETE_ROW INSERT_ROW OPEN_TABLE_FROM UPDATE_STREAM ALLOCATE UPDATE_STREAM UPDATE_DATA_WITH UPDATE_STREAM,8,34991
1316,,OP,/testsnapshots,,0x73c,OPEN_TABLE_FROM,1,34992
1317,,MODIFY,/testsnapshots,,0x73c,FREE,1,34993
1318,,ALLOCATE,/testsnapshots,,0x73c,ALLOCATE,1,34995
1319,,OP,/testsnapshots,,0x73c,OPEN_TABLE_FROM,1,34997
1320,,MODIFY,/testsnapshots,,0x73c,FREE,1,34998
1321,,ALLOCATE,/testsnapshots,,0x73c,ALLOCATE,1,35000
1322,,MODIFY,/testsnapshots,,0x73c,FREE,1,35001
1323,,ALLOCATE,/testsnapshots,,0x73c,ALLOCATE,1,35003
1324,,OP,/testsnapshots,,0x73c,OPEN_TABLE_FROM,1,35004
1325,2026-05-16T17:21:14.891Z,CREATE,/testsnapshots,testxyz.txt,0x73c,INSERT_ROW INSERT_ROW SET_OBJECT,3,35005
1326,2026-05-16T17:26:23.978Z,CREATE,/testsnapshots,testads.txt,0x73c,INSERT_ROW INSERT_ROW SET_OBJECT,3,35008
1327,2026-05-16T17:26:23.978Z,STREAM_UPD,/testsnapshots,,0x73c,DELETE_ROW INSERT_ROW OPEN_TABLE_FROM UPDATE_STREAM ALLOCATE UPDATE_STREAM UPDATE_DATA_WITH UPDATE_STREAM,8,35011
1328,,OP,/testsnapshots,,0x73c,OPEN_TABLE_FROM,1,35012
1329,,ENTRY_REMOVE,/testsnapshots,,0x73c,DELETE_ROW,1,35015
1330,2026-05-16T17:26:23.978Z,STREAM_UPD,/testsnapshots,0Ȁ,0x73c,DELETE_ROW INSERT_ROW OPEN_TABLE_FROM UPDATE_STREAM INSERT_ROW ALLOCATE UPDATE_STREAM UPDATE_ROW UPDATE_DATA_WITH UPDATE_STREAM UPDATE_ROW,11,35016
1331,2026-05-16T17:30:57.292Z,CREATE,/testsnapshots,xbpt_beta_sierra_570651.json,0x73c,INSERT_ROW INSERT_ROW SET_OBJECT,3,35017
1332,,MODIFY,/testsnapshots,,0x73c,UPDATE_ROW,1,35018
1333,,OP,/testsnapshots,,0x73c,OPEN_TABLE_FROM,1,35021
1334,,ALLOCATE,/testsnapshots,,0x73c,ALLOCATE,1,35022
1335,,ALLOCATE,/testsnapshots,,0x73c,ALLOCATE,1,35024
1336,,OP,/testsnapshots,,0x73c,OPEN_TABLE_FROM,1,35026
1337,,STREAM_UPD,/testsnapshots,,0x73c,UPDATE_STREAM,1,35027
1338,2026-05-16T17:34:52.056Z,CREATE,/testsnapshots,lasttest.txt,0x73c,INSERT_ROW INSERT_ROW SET_OBJECT,3,35029
1339,,ENTRY_REMOVE,/testsnapshots,,0x73c,DELETE_ROW,1,35030
1340,,ENTRY_REMOVE,/testsnapshots,,0x73c,DELETE_ROW,1,35031
1341,2026-05-16T17:34:52.056Z,STREAM_UPD,/testsnapshots,,0x73c,DELETE_ROW INSERT_ROW OPEN_TABLE_FROM UPDATE_STREAM ALLOCATE UPDATE_STREAM UPDATE_DATA_WITH UPDATE_STREAM,8,35035
1342,,OP,/testsnapshots,,0x73c,OPEN_TABLE_FROM,1,35036
1343,,STREAM_UPD,/testsnapshots,,0x73c,UPDATE_STREAM,1,35038
1344,,OP,/testsnapshots,,0x73c,OPEN_TABLE_FROM,1,35040
